job_key,snapshot_date,country_code,country,primary_role_family,has_salary,workplace_type
ch-4907507246,2026-09-03,ch,Switzerland,Business Analyst,False,Not specified
ch-5049642724,2026-09-03,ch,Switzerland,Business Analyst,False,Not specified
ch-5102286206,2026-09-03,ch,Switzerland,Business Analyst,False,Not specified
ch-5253192882,2026-09-03,ch,Switzerland,Business Analyst,False,Not specified
ch-5415997589,2026-09-03,ch,Switzerland,Business Analyst,False,Not specified
ch-5501296599,2026-09-03,ch,Switzerland,Business Analyst,False,Not specified
ch-5501296602,2026-09-03,ch,Switzerland,Business Analyst,False,Not specified
ch-5544982395,2026-09-03,ch,Switzerland,Business Analyst,False,Not specified
ch-5582074518,2026-09-03,ch,Switzerland,Business Analyst,False,Not specified
ch-5624904803,2026-09-03,ch,Switzerland,Business Analyst,False,Not specified
ch-5662130334,2026-09-03,ch,Switzerland,Business Analyst,False,Not specified
ch-5706900763,2026-09-03,ch,Switzerland,Business Analyst,False,Not specified
ch-5723540051,2026-09-03,ch,Switzerland,Business Analyst,False,Not specified
ch-5723540105,2026-09-03,ch,Switzerland,Business Analyst,False,Not specified
ch-5727378938,2026-09-03,ch,Switzerland,Business Analyst,False,Not specified
ch-5727381173,2026-09-03,ch,Switzerland,Business Analyst,False,Not specified
ch-5728539859,2026-09-03,ch,Switzerland,Business Analyst,False,Not specified
ch-5736527696,2026-09-03,ch,Switzerland,Business Analyst,False,On-site
ch-5737723571,2026-09-03,ch,Switzerland,Business Analyst,False,Not specified
ch-5751722820,2026-09-03,ch,Switzerland,Business Analyst,False,Not specified
ch-5752476574,2026-09-03,ch,Switzerland,Business Analyst,False,Not specified
ch-5754205825,2026-09-03,ch,Switzerland,Business Analyst,False,Not specified
ch-5763015516,2026-09-03,ch,Switzerland,Business Analyst,False,Not specified
ch-5772045252,2026-09-03,ch,Switzerland,Business Analyst,False,Not specified
ch-5779533751,2026-09-03,ch,Switzerland,Business Analyst,False,Not specified
ch-5781488841,2026-09-03,ch,Switzerland,Business Analyst,False,Not specified
ch-5784532475,2026-09-03,ch,Switzerland,Business Analyst,False,Not specified
ch-5791318020,2026-09-03,ch,Switzerland,Business Analyst,False,Not specified
ch-5795995207,2026-09-03,ch,Switzerland,Business Analyst,False,Not specified
ch-5798343353,2026-09-03,ch,Switzerland,Business Analyst,False,Not specified
ch-5799099810,2026-09-03,ch,Switzerland,Data Analyst,False,Not specified
ch-5805053425,2026-09-03,ch,Switzerland,Business Analyst,False,Not specified
ch-5805464955,2026-09-03,ch,Switzerland,Data Analyst,False,Not specified
ch-5810001868,2026-09-03,ch,Switzerland,Data Analyst,False,Not specified
ch-5811519370,2026-09-03,ch,Switzerland,Business Analyst,False,Not specified
ch-5814610054,2026-09-03,ch,Switzerland,Business Analyst,False,Not specified
ch-5814612360,2026-09-03,ch,Switzerland,Business Analyst,False,Not specified
ch-5814700994,2026-09-03,ch,Switzerland,Business Analyst,False,Not specified
ch-5814701018,2026-09-03,ch,Switzerland,Business Analyst,False,Not specified
ch-5816882280,2026-09-03,ch,Switzerland,Business Analyst,False,Not specified
ch-5816883068,2026-09-03,ch,Switzerland,Business Analyst,False,Not specified
ch-5822720275,2026-09-03,ch,Switzerland,Business Analyst,False,Not specified
ch-5822996836,2026-09-03,ch,Switzerland,Business Analyst,False,Not specified
ch-5822997268,2026-09-03,ch,Switzerland,Business Analyst,False,Not specified
ch-5826138284,2026-09-03,ch,Switzerland,Business Analyst,False,Not specified
ch-5829693990,2026-09-03,ch,Switzerland,Business Analyst,False,Not specified
ch-5830857008,2026-09-03,ch,Switzerland,Business Analyst,False,Not specified
ch-5832285104,2026-09-03,ch,Switzerland,Data Analyst,False,Not specified
ch-5832355656,2026-09-03,ch,Switzerland,Business Analyst,False,Not specified
ch-5832791687,2026-09-03,ch,Switzerland,Business Analyst,False,Not specified
ch-5832791712,2026-09-03,ch,Switzerland,Business Analyst,False,Not specified
ch-5834044745,2026-09-03,ch,Switzerland,Business Analyst,False,Not specified
ch-5837128521,2026-09-03,ch,Switzerland,Business Analyst,False,Remote
ch-5840951023,2026-09-03,ch,Switzerland,Business Analyst,False,Not specified
ch-5841638762,2026-09-03,ch,Switzerland,Business Analyst,False,Not specified
ch-5841641655,2026-09-03,ch,Switzerland,Business Analyst,False,Not specified
ch-5841647275,2026-09-03,ch,Switzerland,Business Analyst,False,Not specified
ch-5841650009,2026-09-03,ch,Switzerland,Business Analyst,False,Not specified
ch-5841650065,2026-09-03,ch,Switzerland,Business Analyst,False,Not specified
ch-5841650730,2026-09-03,ch,Switzerland,Business Analyst,False,Not specified
ch-5841656718,2026-09-03,ch,Switzerland,Business Analyst,False,Not specified
ch-5841660097,2026-09-03,ch,Switzerland,Business Analyst,False,Not specified
ch-5841663916,2026-09-03,ch,Switzerland,Business Analyst,False,Not specified
ch-5841664012,2026-09-03,ch,Switzerland,Business Analyst,False,Not specified
ch-5841666061,2026-09-03,ch,Switzerland,Business Analyst,False,Not specified
ch-5841674749,2026-09-03,ch,Switzerland,Business Analyst,False,Not specified
ch-5841678642,2026-09-03,ch,Switzerland,Business Analyst,False,Not specified
ch-5842832011,2026-09-03,ch,Switzerland,Business Analyst,False,Remote
ch-5843423869,2026-09-03,ch,Switzerland,Business Analyst,False,Not specified
ch-5844501683,2026-09-03,ch,Switzerland,Business Analyst,False,Not specified
ch-5844501799,2026-09-03,ch,Switzerland,Data Analyst,False,Not specified
ch-5844661707,2026-09-03,ch,Switzerland,Data Analyst,False,Hybrid
ch-5844661743,2026-09-03,ch,Switzerland,Business Analyst,False,Not specified
ch-5844661746,2026-09-03,ch,Switzerland,Business Analyst,False,Not specified
ch-5845481413,2026-09-03,ch,Switzerland,Business Analyst,False,Not specified
ch-5846521489,2026-09-03,ch,Switzerland,Business Analyst,False,Not specified
ch-5846526241,2026-09-03,ch,Switzerland,Business Analyst,False,Not specified
ch-5848038718,2026-09-03,ch,Switzerland,Business Analyst,False,Not specified
ch-5848972179,2026-09-03,ch,Switzerland,Business Analyst,False,Not specified
ch-5849618306,2026-09-03,ch,Switzerland,Business Analyst,False,Not specified
ch-5849901980,2026-09-03,ch,Switzerland,Business Analyst,False,Not specified
ch-5850172666,2026-09-03,ch,Switzerland,Data Analyst,False,Not specified
ch-5850864273,2026-09-03,ch,Switzerland,Business Analyst,False,Not specified
ch-5850949068,2026-09-03,ch,Switzerland,Business Analyst,False,Not specified
ch-5850973285,2026-09-03,ch,Switzerland,Business Analyst,False,Not specified
ch-5850973752,2026-09-03,ch,Switzerland,Business Analyst,False,Not specified
ch-5850974045,2026-09-03,ch,Switzerland,Business Analyst,False,Not specified
ch-5850975133,2026-09-03,ch,Switzerland,Data Analyst,False,Not specified
ch-5850976449,2026-09-03,ch,Switzerland,Business Analyst,False,Not specified
ch-5851422313,2026-09-03,ch,Switzerland,Business Analyst,False,Not specified
ch-5851683322,2026-09-03,ch,Switzerland,Data Analyst,False,Hybrid
ch-5851872574,2026-09-03,ch,Switzerland,Business Analyst,False,Not specified
ch-5852323293,2026-09-03,ch,Switzerland,Business Analyst,False,Not specified
ch-5853039171,2026-09-03,ch,Switzerland,Business Analyst,False,Not specified
ch-5853533474,2026-09-03,ch,Switzerland,Business Analyst,False,Not specified
ch-5853593040,2026-09-03,ch,Switzerland,Business Analyst,False,Not specified
ch-5853882183,2026-09-03,ch,Switzerland,Data Analyst,False,Not specified
ch-5853882264,2026-09-03,ch,Switzerland,Business Analyst,False,Not specified
ch-5853882351,2026-09-03,ch,Switzerland,Business Analyst,False,Not specified
ch-5853882472,2026-09-03,ch,Switzerland,Data Analyst,False,Not specified
ch-5853961952,2026-09-03,ch,Switzerland,Data Analyst,False,Not specified
ch-5853962010,2026-09-03,ch,Switzerland,Business Analyst,False,Not specified
ch-5853962024,2026-09-03,ch,Switzerland,Data Analyst,False,Not specified
ch-5854357121,2026-09-03,ch,Switzerland,Business Analyst,False,Not specified
ch-5854358837,2026-09-03,ch,Switzerland,Business Analyst,False,Not specified
ch-5854361495,2026-09-03,ch,Switzerland,Business Analyst,False,Not specified
ch-5854361611,2026-09-03,ch,Switzerland,Data Analyst,False,Not specified
ch-5854362058,2026-09-03,ch,Switzerland,Data Analyst,False,Not specified
ch-5854362105,2026-09-03,ch,Switzerland,Business Analyst,False,Not specified
ch-5854363607,2026-09-03,ch,Switzerland,Business Analyst,False,Not specified
ch-5854383299,2026-09-03,ch,Switzerland,Business Analyst,False,Not specified
ch-5854558152,2026-09-03,ch,Switzerland,Business Analyst,False,Not specified
ch-5855235962,2026-09-03,ch,Switzerland,Business Analyst,False,Not specified
ch-5855316718,2026-09-03,ch,Switzerland,Business Analyst,False,Not specified
ch-5855319525,2026-09-03,ch,Switzerland,Business Analyst,False,Not specified
ch-5856657226,2026-09-03,ch,Switzerland,Business Analyst,False,Not specified
ch-5856657239,2026-09-03,ch,Switzerland,Business Analyst,False,Not specified
ch-5856657614,2026-09-03,ch,Switzerland,Business Analyst,False,Not specified
ch-5856657772,2026-09-03,ch,Switzerland,Business Analyst,False,Not specified
ch-5856658307,2026-09-03,ch,Switzerland,Business Analyst,False,Not specified
ch-5856658308,2026-09-03,ch,Switzerland,Business Analyst,False,Not specified
ch-5856658925,2026-09-03,ch,Switzerland,Business Analyst,False,Not specified
ch-5856659676,2026-09-03,ch,Switzerland,Business Analyst,False,Not specified
ch-5856659968,2026-09-03,ch,Switzerland,Business Analyst,False,Not specified
ch-5856660061,2026-09-03,ch,Switzerland,Business Analyst,False,Not specified
ch-5856741570,2026-09-03,ch,Switzerland,Business Analyst,False,Not specified
ch-5856741699,2026-09-03,ch,Switzerland,Business Analyst,False,Not specified
ch-5856742226,2026-09-03,ch,Switzerland,Business Analyst,False,Not specified
ch-5858108261,2026-09-03,ch,Switzerland,Business Analyst,False,Not specified
ch-5858108334,2026-09-03,ch,Switzerland,Business Analyst,False,Not specified
ch-5858108492,2026-09-03,ch,Switzerland,Business Analyst,False,Not specified
ch-5858108772,2026-09-03,ch,Switzerland,Business Analyst,False,Not specified
ch-5858109433,2026-09-03,ch,Switzerland,Business Analyst,False,Not specified
ch-5858109639,2026-09-03,ch,Switzerland,Business Analyst,False,Not specified
ch-5858109692,2026-09-03,ch,Switzerland,Business Analyst,False,Not specified
ch-5858191100,2026-09-03,ch,Switzerland,Business Analyst,False,Not specified
ch-5858191337,2026-09-03,ch,Switzerland,Business Analyst,False,Not specified
ch-5858191352,2026-09-03,ch,Switzerland,Data Analyst,False,Not specified
ch-5858200279,2026-09-03,ch,Switzerland,Business Analyst,False,Not specified
ch-5858218623,2026-09-03,ch,Switzerland,Business Analyst,False,Not specified
ch-5858655034,2026-09-03,ch,Switzerland,Business Analyst,False,Not specified
ch-5858655041,2026-09-03,ch,Switzerland,Business Analyst,False,Remote
ch-5858699531,2026-09-03,ch,Switzerland,Data Analyst,False,Not specified
ch-5858930041,2026-09-03,ch,Switzerland,Business Analyst,False,Not specified
ch-5858930090,2026-09-03,ch,Switzerland,Data Analyst,True,Not specified
ch-5858930499,2026-09-03,ch,Switzerland,Data Analyst,False,Not specified
ch-5858930900,2026-09-03,ch,Switzerland,Business Analyst,False,Not specified
ch-5858931856,2026-09-03,ch,Switzerland,Business Analyst,False,Not specified
ch-5859562226,2026-09-03,ch,Switzerland,Business Analyst,False,Not specified
ch-5859562509,2026-09-03,ch,Switzerland,Business Analyst,False,Not specified
ch-5859562796,2026-09-03,ch,Switzerland,Business Analyst,False,Not specified
ch-5859563096,2026-09-03,ch,Switzerland,Business Analyst,False,Not specified
ch-5859623248,2026-09-03,ch,Switzerland,Business Analyst,False,Not specified
ch-5859625118,2026-09-03,ch,Switzerland,Business Analyst,False,Not specified
ch-5859625414,2026-09-03,ch,Switzerland,Business Analyst,False,Not specified
ch-5859625738,2026-09-03,ch,Switzerland,Business Analyst,False,Not specified
ch-5860025516,2026-09-03,ch,Switzerland,Business Analyst,False,Not specified
ch-5860025567,2026-09-03,ch,Switzerland,Business Analyst,False,Not specified
ch-5860025591,2026-09-03,ch,Switzerland,Business Analyst,False,Remote
ch-5860025604,2026-09-03,ch,Switzerland,Data Analyst,True,Not specified
ch-5860952832,2026-09-03,ch,Switzerland,Business Analyst,False,Not specified
ch-5860954532,2026-09-03,ch,Switzerland,Business Analyst,False,Not specified
ch-5860954677,2026-09-03,ch,Switzerland,Business Analyst,False,Not specified
ch-5860954687,2026-09-03,ch,Switzerland,Business Analyst,False,Not specified
ch-5860955203,2026-09-03,ch,Switzerland,Business Analyst,False,Not specified
ch-5861035230,2026-09-03,ch,Switzerland,Business Analyst,False,Not specified
ch-5861038915,2026-09-03,ch,Switzerland,Data Analyst,False,Not specified
ch-5861621182,2026-09-03,ch,Switzerland,Data Analyst,True,Not specified
ch-5861621342,2026-09-03,ch,Switzerland,Business Analyst,False,Not specified
ch-5862206206,2026-09-03,ch,Switzerland,Business Analyst,False,Not specified
ch-5862206270,2026-09-03,ch,Switzerland,Data Analyst,False,Not specified
ch-5862206634,2026-09-03,ch,Switzerland,BI Analyst,False,Not specified
ch-5862212824,2026-09-03,ch,Switzerland,Business Analyst,False,Not specified
ch-5862876803,2026-09-03,ch,Switzerland,Business Analyst,False,Not specified
ch-5862909113,2026-09-03,ch,Switzerland,Business Analyst,False,Remote
ch-5862911922,2026-09-03,ch,Switzerland,Business Analyst,False,Not specified
ch-5862915600,2026-09-03,ch,Switzerland,Business Analyst,False,Not specified
ch-5863094617,2026-09-03,ch,Switzerland,Data Analyst,False,Not specified
ch-5863591024,2026-09-03,ch,Switzerland,Business Analyst,False,Not specified
ch-5863591272,2026-09-03,ch,Switzerland,Business Analyst,False,Not specified
ch-5864095581,2026-09-03,ch,Switzerland,Business Analyst,False,Not specified
ch-5864313658,2026-09-03,ch,Switzerland,Business Analyst,False,Not specified
ch-5864313785,2026-09-03,ch,Switzerland,Business Analyst,False,Not specified
ch-5864317496,2026-09-03,ch,Switzerland,Business Analyst,False,Not specified
ch-5864318861,2026-09-03,ch,Switzerland,Data Analyst,False,Not specified
ch-5864319035,2026-09-03,ch,Switzerland,Business Analyst,False,Not specified
ch-5864320396,2026-09-03,ch,Switzerland,Business Analyst,False,Not specified
ch-5864321835,2026-09-03,ch,Switzerland,Business Analyst,False,Not specified
ch-5864521373,2026-09-03,ch,Switzerland,Business Analyst,False,Not specified
ch-5865208172,2026-09-03,ch,Switzerland,Business Analyst,False,Remote
ch-5865238768,2026-09-03,ch,Switzerland,Business Analyst,False,Not specified
ch-5866723075,2026-09-03,ch,Switzerland,Business Analyst,False,Not specified
ch-5866773861,2026-09-03,ch,Switzerland,Business Analyst,False,Not specified
ch-5866880941,2026-09-03,ch,Switzerland,Business Analyst,False,Not specified
ch-5866881818,2026-09-03,ch,Switzerland,Business Analyst,False,Not specified
ch-5866881961,2026-09-03,ch,Switzerland,Business Analyst,False,Not specified
ch-5866882433,2026-09-03,ch,Switzerland,Business Analyst,False,Not specified
ch-5866883860,2026-09-03,ch,Switzerland,Business Analyst,False,Not specified
ch-5866885100,2026-09-03,ch,Switzerland,Business Analyst,False,Not specified
ch-5866888539,2026-09-03,ch,Switzerland,Business Analyst,False,Not specified
ch-5866891317,2026-09-03,ch,Switzerland,Data Analyst,False,Not specified
ch-5866892510,2026-09-03,ch,Switzerland,Business Analyst,False,Not specified
ch-5866893383,2026-09-03,ch,Switzerland,Business Analyst,False,Not specified
ch-5867052084,2026-09-03,ch,Switzerland,Business Analyst,False,Not specified
ch-5867052309,2026-09-03,ch,Switzerland,Business Analyst,False,Not specified
ch-5867053397,2026-09-03,ch,Switzerland,Business Analyst,False,Not specified
ch-5867073192,2026-09-03,ch,Switzerland,Business Analyst,False,Remote
ch-5867073213,2026-09-03,ch,Switzerland,Business Analyst,False,Not specified
ch-5867074233,2026-09-03,ch,Switzerland,Business Analyst,False,Not specified
ch-5867075609,2026-09-03,ch,Switzerland,Business Analyst,False,Not specified
ch-5867084032,2026-09-03,ch,Switzerland,Business Analyst,False,Not specified
ch-5867085074,2026-09-03,ch,Switzerland,Business Analyst,False,Not specified
ch-5867624725,2026-09-03,ch,Switzerland,Business Analyst,False,Not specified
ch-5868666197,2026-09-03,ch,Switzerland,Business Analyst,False,Not specified
ch-5868668405,2026-09-03,ch,Switzerland,Business Analyst,False,Not specified
ch-5868668610,2026-09-03,ch,Switzerland,Business Analyst,False,Not specified
de-5485143529,2026-09-03,de,Germany,Data Analyst,False,Not specified
de-5622127807,2026-09-03,de,Germany,Data Analyst,False,Not specified
de-5632671837,2026-09-03,de,Germany,Data Analyst,False,Not specified
de-5727102241,2026-09-03,de,Germany,Data Analyst,False,Not specified
de-5727297937,2026-09-03,de,Germany,BI Analyst,False,Not specified
de-5746660312,2026-09-03,de,Germany,BI Analyst,False,Not specified
de-5751150763,2026-09-03,de,Germany,Data Analyst,False,Not specified
de-5767410711,2026-09-03,de,Germany,Data Analyst,False,Not specified
de-5770486747,2026-09-03,de,Germany,Data Analyst,False,Not specified
de-5771981727,2026-09-03,de,Germany,Data Analyst,False,Not specified
de-5774396511,2026-09-03,de,Germany,BI Analyst,False,Not specified
de-5775234210,2026-09-03,de,Germany,Data Analyst,False,Not specified
de-5780538507,2026-09-03,de,Germany,Data Analyst,False,Not specified
de-5780558194,2026-09-03,de,Germany,Data Analyst,False,Not specified
de-5780991585,2026-09-03,de,Germany,Data Analyst,False,Not specified
de-5782547945,2026-09-03,de,Germany,Data Analyst,True,Not specified
de-5784282088,2026-09-03,de,Germany,Data Analyst,False,Not specified
de-5786675236,2026-09-03,de,Germany,Data Analyst,False,Not specified
de-5786675237,2026-09-03,de,Germany,Data Analyst,False,Not specified
de-5786679727,2026-09-03,de,Germany,Data Analyst,False,Not specified
de-5787325956,2026-09-03,de,Germany,Data Analyst,False,Not specified
de-5787618351,2026-09-03,de,Germany,Data Analyst,False,Not specified
de-5788489663,2026-09-03,de,Germany,Data Analyst,False,Not specified
de-5791613467,2026-09-03,de,Germany,Data Analyst,False,Not specified
de-5793217303,2026-09-03,de,Germany,Data Analyst,True,Not specified
de-5793393035,2026-09-03,de,Germany,Data Analyst,False,Not specified
de-5794024968,2026-09-03,de,Germany,Data Analyst,False,Not specified
de-5794789776,2026-09-03,de,Germany,Business Analyst,False,Not specified
de-5794801891,2026-09-03,de,Germany,Data Analyst,True,Not specified
de-5796235359,2026-09-03,de,Germany,BI Analyst,False,Not specified
de-5798313105,2026-09-03,de,Germany,Business Analyst,False,Not specified
de-5799974240,2026-09-03,de,Germany,Data Analyst,False,Not specified
de-5801823022,2026-09-03,de,Germany,Data Analyst,False,Not specified
de-5802935348,2026-09-03,de,Germany,Data Analyst,False,Not specified
de-5802935351,2026-09-03,de,Germany,Data Analyst,False,Not specified
de-5802941272,2026-09-03,de,Germany,Data Analyst,False,Not specified
de-5802950222,2026-09-03,de,Germany,Data Analyst,False,Remote
de-5802961901,2026-09-03,de,Germany,Business Analyst,False,Not specified
de-5802963262,2026-09-03,de,Germany,Data Analyst,False,Not specified
de-5802969084,2026-09-03,de,Germany,Data Analyst,False,Not specified
de-5802971414,2026-09-03,de,Germany,Data Analyst,False,Not specified
de-5802975615,2026-09-03,de,Germany,Data Analyst,False,Not specified
de-5802980918,2026-09-03,de,Germany,Data Analyst,False,Not specified
de-5802987103,2026-09-03,de,Germany,Data Analyst,False,Not specified
de-5803454368,2026-09-03,de,Germany,Data Analyst,False,Not specified
de-5803923930,2026-09-03,de,Germany,Data Analyst,False,Not specified
de-5803943655,2026-09-03,de,Germany,Data Analyst,False,Not specified
de-5804545971,2026-09-03,de,Germany,Data Analyst,False,Not specified
de-5804553762,2026-09-03,de,Germany,Business Analyst,False,Not specified
de-5804554931,2026-09-03,de,Germany,Data Analyst,False,Not specified
de-5806175401,2026-09-03,de,Germany,Data Analyst,False,Not specified
de-5806563462,2026-09-03,de,Germany,Data Analyst,False,Not specified
de-5808204469,2026-09-03,de,Germany,Data Analyst,False,Not specified
de-5808545407,2026-09-03,de,Germany,Data Analyst,False,Not specified
de-5808554689,2026-09-03,de,Germany,Data Analyst,False,Not specified
de-5809360702,2026-09-03,de,Germany,Data Analyst,False,Not specified
de-5810334767,2026-09-03,de,Germany,Data Analyst,False,Not specified
de-5810565879,2026-09-03,de,Germany,Data Analyst,False,Not specified
de-5811155558,2026-09-03,de,Germany,Data Analyst,False,Not specified
de-5811747254,2026-09-03,de,Germany,Data Analyst,False,Not specified
de-5812407986,2026-09-03,de,Germany,Data Analyst,False,Not specified
de-5812644167,2026-09-03,de,Germany,Data Analyst,False,Not specified
de-5813675699,2026-09-03,de,Germany,Data Analyst,False,Not specified
de-5816408231,2026-09-03,de,Germany,Data Analyst,False,Not specified
de-5816408358,2026-09-03,de,Germany,Data Analyst,False,Not specified
de-5816415778,2026-09-03,de,Germany,BI Analyst,True,Not specified
de-5816491278,2026-09-03,de,Germany,Data Analyst,False,Not specified
de-5821137355,2026-09-03,de,Germany,Data Analyst,False,Not specified
de-5821322166,2026-09-03,de,Germany,Data Analyst,False,Not specified
de-5824172469,2026-09-03,de,Germany,Data Analyst,False,Remote
de-5825713005,2026-09-03,de,Germany,Data Analyst,False,Not specified
de-5825713188,2026-09-03,de,Germany,Data Analyst,False,Not specified
de-5825767190,2026-09-03,de,Germany,Data Analyst,False,Not specified
de-5825806283,2026-09-03,de,Germany,Data Analyst,False,Not specified
de-5827630039,2026-09-03,de,Germany,Data Analyst,False,Not specified
de-5828967910,2026-09-03,de,Germany,Data Analyst,False,Not specified
de-5829149175,2026-09-03,de,Germany,BI Analyst,False,Not specified
de-5829292588,2026-09-03,de,Germany,Data Analyst,False,Not specified
de-5829928770,2026-09-03,de,Germany,Data Analyst,False,Not specified
de-5830637305,2026-09-03,de,Germany,Data Analyst,False,Not specified
de-5830749157,2026-09-03,de,Germany,Data Analyst,False,Not specified
de-5831313567,2026-09-03,de,Germany,Data Analyst,False,Not specified
de-5831365784,2026-09-03,de,Germany,Data Analyst,False,Not specified
de-5831958852,2026-09-03,de,Germany,Data Analyst,False,Not specified
de-5831968659,2026-09-03,de,Germany,Data Analyst,False,Not specified
de-5832180650,2026-09-03,de,Germany,Data Analyst,False,Not specified
de-5832194729,2026-09-03,de,Germany,Data Analyst,False,Not specified
de-5833425418,2026-09-03,de,Germany,Data Analyst,False,Not specified
de-5833425456,2026-09-03,de,Germany,Data Analyst,False,Not specified
de-5833592056,2026-09-03,de,Germany,Data Analyst,False,Not specified
de-5833598668,2026-09-03,de,Germany,Data Analyst,False,Not specified
de-5833618547,2026-09-03,de,Germany,Data Analyst,False,Not specified
de-5833647960,2026-09-03,de,Germany,Data Analyst,False,Not specified
de-5833708491,2026-09-03,de,Germany,Business Analyst,False,Not specified
de-5834385116,2026-09-03,de,Germany,Data Analyst,False,Not specified
de-5834803083,2026-09-03,de,Germany,BI Analyst,False,Not specified
de-5834805252,2026-09-03,de,Germany,Data Analyst,False,Not specified
de-5834806004,2026-09-03,de,Germany,Data Analyst,False,Not specified
de-5835180910,2026-09-03,de,Germany,BI Analyst,False,Not specified
de-5835234446,2026-09-03,de,Germany,BI Analyst,False,Not specified
de-5835493879,2026-09-03,de,Germany,Data Analyst,False,Not specified
de-5835515492,2026-09-03,de,Germany,BI Analyst,False,Not specified
de-5835557994,2026-09-03,de,Germany,Data Analyst,False,Not specified
de-5835783804,2026-09-03,de,Germany,Business Analyst,False,Not specified
de-5835794982,2026-09-03,de,Germany,Data Analyst,False,Not specified
de-5835856791,2026-09-03,de,Germany,BI Analyst,False,Not specified
de-5837408063,2026-09-03,de,Germany,Data Analyst,False,Not specified
de-5837631451,2026-09-03,de,Germany,Data Analyst,False,Not specified
de-5838216392,2026-09-03,de,Germany,Data Analyst,False,Not specified
de-5838375932,2026-09-03,de,Germany,Data Analyst,False,Not specified
de-5838611141,2026-09-03,de,Germany,Business Analyst,False,Hybrid
de-5838745256,2026-09-03,de,Germany,Data Analyst,False,Not specified
de-5840262921,2026-09-03,de,Germany,Data Analyst,False,Not specified
de-5840281546,2026-09-03,de,Germany,BI Analyst,False,Not specified
de-5840355044,2026-09-03,de,Germany,Business Analyst,False,Not specified
de-5840508797,2026-09-03,de,Germany,Data Analyst,False,Not specified
de-5841890799,2026-09-03,de,Germany,Data Analyst,False,Not specified
de-5841997634,2026-09-03,de,Germany,Data Analyst,False,Hybrid
de-5842039733,2026-09-03,de,Germany,Data Analyst,False,Not specified
de-5842047732,2026-09-03,de,Germany,Data Analyst,False,Not specified
de-5842069766,2026-09-03,de,Germany,Data Analyst,False,Not specified
de-5842729684,2026-09-03,de,Germany,Data Analyst,False,Not specified
de-5843162084,2026-09-03,de,Germany,Data Analyst,False,Not specified
de-5843240583,2026-09-03,de,Germany,Data Analyst,False,Not specified
de-5843270176,2026-09-03,de,Germany,Data Analyst,True,Not specified
de-5843300954,2026-09-03,de,Germany,Data Analyst,False,Not specified
de-5843304926,2026-09-03,de,Germany,Data Analyst,False,Not specified
de-5844198313,2026-09-03,de,Germany,BI Analyst,False,Not specified
de-5844372604,2026-09-03,de,Germany,Data Analyst,False,Not specified
de-5845778274,2026-09-03,de,Germany,Data Analyst,False,Not specified
de-5845897971,2026-09-03,de,Germany,Data Analyst,False,Not specified
de-5847068515,2026-09-03,de,Germany,Data Analyst,False,Not specified
de-5847435609,2026-09-03,de,Germany,Data Analyst,False,Not specified
de-5847626132,2026-09-03,de,Germany,Data Analyst,True,Not specified
de-5847687462,2026-09-03,de,Germany,Data Analyst,False,Not specified
de-5847722529,2026-09-03,de,Germany,Data Analyst,False,Not specified
de-5848032631,2026-09-03,de,Germany,Data Analyst,False,Not specified
de-5848115620,2026-09-03,de,Germany,Data Analyst,True,Remote
de-5848128975,2026-09-03,de,Germany,Data Analyst,False,Not specified
de-5848232080,2026-09-03,de,Germany,Data Analyst,False,Not specified
de-5848496731,2026-09-03,de,Germany,Data Analyst,False,Not specified
de-5848533692,2026-09-03,de,Germany,Data Analyst,True,Not specified
de-5848586738,2026-09-03,de,Germany,Data Analyst,False,Not specified
de-5849082736,2026-09-03,de,Germany,Data Analyst,False,Not specified
de-5849183765,2026-09-03,de,Germany,Data Analyst,False,Not specified
de-5849251398,2026-09-03,de,Germany,Data Analyst,False,Not specified
de-5849315005,2026-09-03,de,Germany,Data Analyst,False,Not specified
de-5849325391,2026-09-03,de,Germany,Data Analyst,False,Not specified
de-5849585787,2026-09-03,de,Germany,Data Analyst,False,Not specified
de-5849585790,2026-09-03,de,Germany,Data Analyst,False,Not specified
de-5849769507,2026-09-03,de,Germany,Data Analyst,False,Not specified
de-5849808301,2026-09-03,de,Germany,Data Analyst,False,Not specified
de-5849998207,2026-09-03,de,Germany,Data Analyst,False,Not specified
de-5850001762,2026-09-03,de,Germany,Data Analyst,False,Not specified
de-5850159030,2026-09-03,de,Germany,Data Analyst,False,Not specified
de-5850165033,2026-09-03,de,Germany,Data Analyst,False,Not specified
de-5850417363,2026-09-03,de,Germany,Data Analyst,False,Not specified
de-5850731785,2026-09-03,de,Germany,Data Analyst,False,Not specified
de-5851207580,2026-09-03,de,Germany,Data Analyst,True,Not specified
de-5851307364,2026-09-03,de,Germany,Data Analyst,False,Remote
de-5851313135,2026-09-03,de,Germany,Data Analyst,True,Not specified
de-5851326698,2026-09-03,de,Germany,Business Analyst,False,Hybrid
de-5851345939,2026-09-03,de,Germany,Data Analyst,True,Not specified
de-5852181999,2026-09-03,de,Germany,Data Analyst,False,Not specified
de-5852480853,2026-09-03,de,Germany,Data Analyst,False,Not specified
de-5852577992,2026-09-03,de,Germany,Data Analyst,False,Not specified
de-5852710200,2026-09-03,de,Germany,Data Analyst,False,Not specified
de-5853561751,2026-09-03,de,Germany,Data Analyst,False,Not specified
de-5853565462,2026-09-03,de,Germany,Data Analyst,False,Not specified
de-5853621838,2026-09-03,de,Germany,Data Analyst,False,Not specified
de-5854367551,2026-09-03,de,Germany,Data Analyst,False,Not specified
de-5854367552,2026-09-03,de,Germany,Data Analyst,False,Not specified
de-5854419151,2026-09-03,de,Germany,Data Analyst,False,Not specified
de-5854419273,2026-09-03,de,Germany,Data Analyst,False,Not specified
de-5854422641,2026-09-03,de,Germany,Data Analyst,False,Not specified
de-5854427911,2026-09-03,de,Germany,Data Analyst,False,Not specified
de-5854478390,2026-09-03,de,Germany,Data Analyst,False,Not specified
de-5854692629,2026-09-03,de,Germany,Data Analyst,False,Not specified
de-5854821554,2026-09-03,de,Germany,Data Analyst,False,Not specified
de-5855327520,2026-09-03,de,Germany,Data Analyst,False,Not specified
de-5855434419,2026-09-03,de,Germany,Data Analyst,False,Remote
de-5855435937,2026-09-03,de,Germany,BI Analyst,False,Not specified
de-5855591218,2026-09-03,de,Germany,Data Analyst,False,Not specified
de-5855599314,2026-09-03,de,Germany,Data Analyst,False,Not specified
de-5856263806,2026-09-03,de,Germany,Data Analyst,False,Not specified
de-5856263876,2026-09-03,de,Germany,Data Analyst,False,Not specified
de-5856263975,2026-09-03,de,Germany,Data Analyst,False,Not specified
de-5856676532,2026-09-03,de,Germany,Data Analyst,False,Not specified
de-5856974440,2026-09-03,de,Germany,Data Analyst,True,Not specified
de-5857113284,2026-09-03,de,Germany,Data Analyst,False,Hybrid
de-5857315270,2026-09-03,de,Germany,Data Analyst,False,Not specified
de-5857319234,2026-09-03,de,Germany,Data Analyst,False,Not specified
de-5857626297,2026-09-03,de,Germany,Data Analyst,False,Not specified
de-5857799876,2026-09-03,de,Germany,Data Analyst,False,Not specified
de-5857805575,2026-09-03,de,Germany,Data Analyst,False,Hybrid
de-5857993681,2026-09-03,de,Germany,Data Analyst,False,Hybrid
de-5858005152,2026-09-03,de,Germany,BI Analyst,False,Not specified
de-5858169364,2026-09-03,de,Germany,Data Analyst,True,Not specified
de-5858186004,2026-09-03,de,Germany,Data Analyst,False,Not specified
de-5858230960,2026-09-03,de,Germany,Data Analyst,False,Not specified
de-5858237375,2026-09-03,de,Germany,Data Analyst,False,Not specified
de-5858241214,2026-09-03,de,Germany,Data Analyst,False,Not specified
de-5858241215,2026-09-03,de,Germany,Data Analyst,False,Not specified
de-5858241216,2026-09-03,de,Germany,Data Analyst,False,Not specified
de-5858241217,2026-09-03,de,Germany,Data Analyst,False,Not specified
de-5858241220,2026-09-03,de,Germany,Data Analyst,False,Not specified
de-5858241222,2026-09-03,de,Germany,Data Analyst,False,Not specified
de-5858241224,2026-09-03,de,Germany,Data Analyst,False,Not specified
de-5858241225,2026-09-03,de,Germany,Data Analyst,False,Not specified
de-5858241230,2026-09-03,de,Germany,Data Analyst,False,Not specified
de-5858241232,2026-09-03,de,Germany,Data Analyst,False,Not specified
de-5858241233,2026-09-03,de,Germany,Data Analyst,False,Not specified
de-5858241234,2026-09-03,de,Germany,Data Analyst,False,Not specified
de-5858241235,2026-09-03,de,Germany,Data Analyst,False,Not specified
de-5858241236,2026-09-03,de,Germany,Data Analyst,False,Not specified
de-5858241237,2026-09-03,de,Germany,Data Analyst,False,Not specified
de-5858241238,2026-09-03,de,Germany,Data Analyst,False,Not specified
de-5858241239,2026-09-03,de,Germany,Data Analyst,False,Not specified
de-5858241240,2026-09-03,de,Germany,Data Analyst,False,Not specified
de-5858241241,2026-09-03,de,Germany,Data Analyst,False,Not specified
de-5858241243,2026-09-03,de,Germany,Data Analyst,False,Hybrid
de-5858241244,2026-09-03,de,Germany,Data Analyst,False,Not specified
de-5858241247,2026-09-03,de,Germany,Data Analyst,False,Not specified
de-5858242933,2026-09-03,de,Germany,BI Analyst,False,Not specified
de-5858265769,2026-09-03,de,Germany,Data Analyst,False,Not specified
de-5858329815,2026-09-03,de,Germany,Data Analyst,False,Not specified
de-5858487962,2026-09-03,de,Germany,Data Analyst,False,Not specified
de-5858502266,2026-09-03,de,Germany,Data Analyst,True,Not specified
de-5858502452,2026-09-03,de,Germany,Data Analyst,False,Not specified
de-5858506058,2026-09-03,de,Germany,Data Analyst,False,Not specified
de-5858512268,2026-09-03,de,Germany,Data Analyst,False,Not specified
de-5858577600,2026-09-03,de,Germany,BI Analyst,False,Not specified
de-5858661082,2026-09-03,de,Germany,Data Analyst,False,Not specified
de-5858728979,2026-09-03,de,Germany,Business Analyst,False,On-site
de-5858838387,2026-09-03,de,Germany,Data Analyst,False,Not specified
de-5858907192,2026-09-03,de,Germany,BI Analyst,False,Not specified
de-5859039489,2026-09-03,de,Germany,Business Analyst,False,Not specified
de-5859053777,2026-09-03,de,Germany,Business Analyst,False,Not specified
de-5859080940,2026-09-03,de,Germany,Business Analyst,False,Not specified
de-5859138443,2026-09-03,de,Germany,Business Analyst,False,Not specified
de-5859138453,2026-09-03,de,Germany,Data Analyst,False,Not specified
de-5859138618,2026-09-03,de,Germany,Data Analyst,False,Not specified
de-5859164772,2026-09-03,de,Germany,Business Analyst,False,Not specified
de-5859164828,2026-09-03,de,Germany,Business Analyst,False,Not specified
de-5859165714,2026-09-03,de,Germany,Data Analyst,False,Not specified
de-5859468594,2026-09-03,de,Germany,Business Analyst,False,Not specified
de-5859468644,2026-09-03,de,Germany,Business Analyst,False,Not specified
de-5859468830,2026-09-03,de,Germany,Business Analyst,False,Not specified
de-5859468831,2026-09-03,de,Germany,Business Analyst,False,Not specified
de-5859468839,2026-09-03,de,Germany,Business Analyst,False,Not specified
de-5859469035,2026-09-03,de,Germany,Business Analyst,False,Not specified
de-5859469059,2026-09-03,de,Germany,Business Analyst,False,Not specified
de-5859469064,2026-09-03,de,Germany,Business Analyst,False,Not specified
de-5859469066,2026-09-03,de,Germany,Business Analyst,False,Not specified
de-5859469069,2026-09-03,de,Germany,Business Analyst,False,Not specified
de-5859469071,2026-09-03,de,Germany,Business Analyst,False,Not specified
de-5859469073,2026-09-03,de,Germany,Business Analyst,False,Not specified
de-5859469076,2026-09-03,de,Germany,Business Analyst,False,Not specified
de-5859469085,2026-09-03,de,Germany,Business Analyst,False,Not specified
de-5859577070,2026-09-03,de,Germany,Business Analyst,False,Not specified
de-5859577143,2026-09-03,de,Germany,Business Analyst,False,Not specified
de-5859634053,2026-09-03,de,Germany,Business Analyst,False,Not specified
de-5859654609,2026-09-03,de,Germany,Data Analyst,False,Not specified
de-5859654610,2026-09-03,de,Germany,Data Analyst,False,Not specified
de-5859654611,2026-09-03,de,Germany,Data Analyst,False,Not specified
de-5859654655,2026-09-03,de,Germany,Business Analyst,False,Not specified
de-5859864602,2026-09-03,de,Germany,Business Analyst,False,Not specified
de-5859864704,2026-09-03,de,Germany,Business Analyst,False,Not specified
de-5859864960,2026-09-03,de,Germany,Business Analyst,False,Not specified
de-5859871991,2026-09-03,de,Germany,Data Analyst,False,Not specified
de-5859884613,2026-09-03,de,Germany,Business Analyst,True,Not specified
de-5859890717,2026-09-03,de,Germany,Data Analyst,False,Not specified
de-5859891409,2026-09-03,de,Germany,Data Analyst,False,Not specified
de-5860576239,2026-09-03,de,Germany,Business Analyst,False,Not specified
de-5860576256,2026-09-03,de,Germany,Data Analyst,False,Not specified
de-5860640287,2026-09-03,de,Germany,Business Analyst,False,Not specified
de-5860640491,2026-09-03,de,Germany,Business Analyst,False,Not specified
de-5860672349,2026-09-03,de,Germany,Data Analyst,False,Not specified
de-5860709582,2026-09-03,de,Germany,Business Analyst,False,Not specified
de-5860798575,2026-09-03,de,Germany,Data Analyst,False,Not specified
de-5860801882,2026-09-03,de,Germany,Business Analyst,False,Not specified
de-5860965355,2026-09-03,de,Germany,Business Analyst,False,Not specified
de-5860976051,2026-09-03,de,Germany,Business Analyst,False,Not specified
de-5861020267,2026-09-03,de,Germany,Business Analyst,False,Not specified
de-5861202126,2026-09-03,de,Germany,Data Analyst,False,Not specified
de-5861205144,2026-09-03,de,Germany,Business Analyst,False,Not specified
de-5861225956,2026-09-03,de,Germany,Data Analyst,True,Not specified
de-5861307583,2026-09-03,de,Germany,Data Analyst,True,Not specified
de-5861314826,2026-09-03,de,Germany,Data Analyst,False,Not specified
de-5861335301,2026-09-03,de,Germany,Business Analyst,False,Not specified
de-5861342350,2026-09-03,de,Germany,Business Analyst,False,Not specified
de-5861423228,2026-09-03,de,Germany,Business Analyst,False,Not specified
de-5861819744,2026-09-03,de,Germany,Business Analyst,False,Not specified
de-5861820478,2026-09-03,de,Germany,Business Analyst,False,Not specified
de-5861955259,2026-09-03,de,Germany,Business Analyst,False,Not specified
de-5861988121,2026-09-03,de,Germany,Business Analyst,False,Not specified
de-5861988136,2026-09-03,de,Germany,Business Analyst,False,Not specified
de-5861994468,2026-09-03,de,Germany,Business Analyst,False,Not specified
de-5861994469,2026-09-03,de,Germany,Business Analyst,False,Not specified
de-5861994470,2026-09-03,de,Germany,Business Analyst,False,Not specified
de-5861994472,2026-09-03,de,Germany,Business Analyst,False,Not specified
de-5861994473,2026-09-03,de,Germany,Business Analyst,False,Not specified
de-5861994478,2026-09-03,de,Germany,Business Analyst,False,Not specified
de-5861994503,2026-09-03,de,Germany,Business Analyst,False,Not specified
de-5861994508,2026-09-03,de,Germany,Business Analyst,False,Not specified
de-5861994509,2026-09-03,de,Germany,Business Analyst,False,Not specified
de-5861994511,2026-09-03,de,Germany,Business Analyst,False,Not specified
de-5861994513,2026-09-03,de,Germany,Business Analyst,False,Not specified
de-5861994826,2026-09-03,de,Germany,Business Analyst,False,Not specified
de-5861994827,2026-09-03,de,Germany,Business Analyst,False,Not specified
de-5861994828,2026-09-03,de,Germany,Business Analyst,False,Not specified
de-5861994829,2026-09-03,de,Germany,Business Analyst,False,Not specified
de-5861994830,2026-09-03,de,Germany,Business Analyst,False,Not specified
de-5861994831,2026-09-03,de,Germany,Business Analyst,False,Not specified
de-5861994832,2026-09-03,de,Germany,Business Analyst,False,Not specified
de-5861994834,2026-09-03,de,Germany,Business Analyst,False,Not specified
de-5861994844,2026-09-03,de,Germany,Data Analyst,False,Not specified
de-5861994845,2026-09-03,de,Germany,Data Analyst,False,Not specified
de-5861994868,2026-09-03,de,Germany,Business Analyst,False,Not specified
de-5862007375,2026-09-03,de,Germany,Business Analyst,False,Not specified
de-5862012082,2026-09-03,de,Germany,Business Analyst,False,Remote
de-5862103183,2026-09-03,de,Germany,Data Analyst,False,Remote
de-5862118873,2026-09-03,de,Germany,Data Analyst,False,Not specified
de-5862125839,2026-09-03,de,Germany,Data Analyst,False,Not specified
de-5862258978,2026-09-03,de,Germany,Business Analyst,False,Remote
de-5862288338,2026-09-03,de,Germany,Business Analyst,False,Not specified
de-5862329433,2026-09-03,de,Germany,Business Analyst,False,Not specified
de-5862714695,2026-09-03,de,Germany,Business Analyst,False,Not specified
de-5862716394,2026-09-03,de,Germany,Business Analyst,False,Not specified
de-5862717574,2026-09-03,de,Germany,Business Analyst,False,Not specified
de-5862806904,2026-09-03,de,Germany,Business Analyst,False,Not specified
de-5862806906,2026-09-03,de,Germany,Business Analyst,False,Not specified
de-5862806907,2026-09-03,de,Germany,Business Analyst,False,Not specified
de-5862806951,2026-09-03,de,Germany,Data Analyst,False,Not specified
de-5862897810,2026-09-03,de,Germany,Business Analyst,False,Not specified
de-5862977152,2026-09-03,de,Germany,Business Analyst,False,Not specified
de-5862977281,2026-09-03,de,Germany,Business Analyst,False,Not specified
de-5862977730,2026-09-03,de,Germany,Business Analyst,False,Not specified
de-5862977733,2026-09-03,de,Germany,Business Analyst,False,Not specified
de-5862977741,2026-09-03,de,Germany,Business Analyst,False,Not specified
de-5862979192,2026-09-03,de,Germany,Business Analyst,False,Not specified
de-5862980122,2026-09-03,de,Germany,Business Analyst,False,Not specified
de-5862980478,2026-09-03,de,Germany,Business Analyst,False,Not specified
de-5862980652,2026-09-03,de,Germany,Business Analyst,False,Not specified
de-5862982633,2026-09-03,de,Germany,Data Analyst,False,Remote
de-5863094623,2026-09-03,de,Germany,Data Analyst,False,Not specified
de-5863104389,2026-09-03,de,Germany,Business Analyst,False,Not specified
de-5863125365,2026-09-03,de,Germany,Business Analyst,False,Not specified
de-5863125463,2026-09-03,de,Germany,Business Analyst,True,Not specified
de-5863142101,2026-09-03,de,Germany,Business Analyst,False,Not specified
de-5863447350,2026-09-03,de,Germany,Business Analyst,False,Not specified
de-5863503315,2026-09-03,de,Germany,Business Analyst,False,Not specified
de-5863612058,2026-09-03,de,Germany,Business Analyst,False,Not specified
de-5863750862,2026-09-03,de,Germany,Business Analyst,False,Not specified
de-5863752809,2026-09-03,de,Germany,Business Analyst,False,Not specified
de-5863811381,2026-09-03,de,Germany,Business Analyst,False,Not specified
de-5863811463,2026-09-03,de,Germany,Data Analyst,False,Not specified
de-5863811858,2026-09-03,de,Germany,Business Analyst,False,Not specified
de-5863939617,2026-09-03,de,Germany,Business Analyst,False,Not specified
de-5864048150,2026-09-03,de,Germany,Data Analyst,False,Not specified
de-5864048151,2026-09-03,de,Germany,Data Analyst,False,Not specified
de-5864048154,2026-09-03,de,Germany,Data Analyst,False,Not specified
de-5864048165,2026-09-03,de,Germany,Business Analyst,False,Not specified
de-5864048178,2026-09-03,de,Germany,Business Analyst,False,Not specified
de-5864048207,2026-09-03,de,Germany,Business Analyst,False,Not specified
de-5864048209,2026-09-03,de,Germany,Business Analyst,False,Not specified
de-5864096691,2026-09-03,de,Germany,Business Analyst,False,Not specified
de-5864441500,2026-09-03,de,Germany,Data Analyst,False,Not specified
de-5864593761,2026-09-03,de,Germany,Data Analyst,False,Not specified
de-5864749736,2026-09-03,de,Germany,Business Analyst,False,Not specified
de-5864749737,2026-09-03,de,Germany,Business Analyst,False,Not specified
de-5864749745,2026-09-03,de,Germany,Business Analyst,False,Remote
de-5864749751,2026-09-03,de,Germany,Business Analyst,False,Not specified
de-5864749756,2026-09-03,de,Germany,Business Analyst,False,Not specified
de-5864749772,2026-09-03,de,Germany,Business Analyst,False,Not specified
de-5864749782,2026-09-03,de,Germany,Business Analyst,False,Not specified
de-5864749788,2026-09-03,de,Germany,Business Analyst,False,Not specified
de-5864750288,2026-09-03,de,Germany,Business Analyst,False,Not specified
de-5864751829,2026-09-03,de,Germany,Data Analyst,False,Not specified
de-5864752274,2026-09-03,de,Germany,Business Analyst,False,Not specified
de-5864752337,2026-09-03,de,Germany,Business Analyst,False,Remote
de-5864753942,2026-09-03,de,Germany,Business Analyst,False,Not specified
de-5864754317,2026-09-03,de,Germany,Business Analyst,False,Not specified
de-5864754326,2026-09-03,de,Germany,Business Analyst,False,Not specified
de-5864754327,2026-09-03,de,Germany,Business Analyst,False,Not specified
de-5864754340,2026-09-03,de,Germany,Business Analyst,False,Not specified
de-5864754347,2026-09-03,de,Germany,Business Analyst,False,Not specified
de-5864754351,2026-09-03,de,Germany,Business Analyst,False,Not specified
de-5864754352,2026-09-03,de,Germany,Business Analyst,False,Not specified
de-5864754355,2026-09-03,de,Germany,Business Analyst,False,Not specified
de-5864754356,2026-09-03,de,Germany,Business Analyst,False,Not specified
de-5864754357,2026-09-03,de,Germany,Business Analyst,False,Not specified
de-5864754360,2026-09-03,de,Germany,Business Analyst,False,Not specified
de-5864754361,2026-09-03,de,Germany,Business Analyst,False,Not specified
de-5864754368,2026-09-03,de,Germany,Business Analyst,False,Not specified
de-5864754374,2026-09-03,de,Germany,Business Analyst,False,Not specified
de-5864754377,2026-09-03,de,Germany,Business Analyst,False,Not specified
de-5864754379,2026-09-03,de,Germany,Business Analyst,False,Not specified
de-5864754412,2026-09-03,de,Germany,Business Analyst,False,Not specified
de-5864754493,2026-09-03,de,Germany,Business Analyst,False,Not specified
de-5864754539,2026-09-03,de,Germany,Business Analyst,False,Remote
de-5864785135,2026-09-03,de,Germany,Business Analyst,False,Not specified
de-5864795879,2026-09-03,de,Germany,Data Analyst,False,Not specified
de-5864798383,2026-09-03,de,Germany,Data Analyst,False,Not specified
de-5864798580,2026-09-03,de,Germany,Business Analyst,False,Not specified
de-5864798765,2026-09-03,de,Germany,Business Analyst,False,Not specified
de-5864798890,2026-09-03,de,Germany,Business Analyst,False,Not specified
de-5864800064,2026-09-03,de,Germany,Data Analyst,False,Not specified
de-5864807023,2026-09-03,de,Germany,Business Analyst,False,Not specified
de-5864807653,2026-09-03,de,Germany,Business Analyst,False,Not specified
de-5865026942,2026-09-03,de,Germany,Business Analyst,False,Not specified
de-5865037184,2026-09-03,de,Germany,Business Analyst,False,Not specified
de-5865116840,2026-09-03,de,Germany,Business Analyst,False,Not specified
de-5865118259,2026-09-03,de,Germany,Business Analyst,False,Not specified
de-5865119499,2026-09-03,de,Germany,Business Analyst,False,Not specified
de-5865131385,2026-09-03,de,Germany,Business Analyst,False,Not specified
de-5865131791,2026-09-03,de,Germany,Business Analyst,False,Not specified
de-5865131899,2026-09-03,de,Germany,Business Analyst,False,Not specified
de-5865132455,2026-09-03,de,Germany,Data Analyst,False,Not specified
de-5865133388,2026-09-03,de,Germany,Data Analyst,False,Not specified
de-5865134438,2026-09-03,de,Germany,Business Analyst,False,Not specified
de-5865134979,2026-09-03,de,Germany,Business Analyst,False,Not specified
de-5865136526,2026-09-03,de,Germany,Business Analyst,False,Not specified
de-5865142866,2026-09-03,de,Germany,BI Analyst,False,Not specified
de-5865143951,2026-09-03,de,Germany,Business Analyst,False,Not specified
de-5865242906,2026-09-03,de,Germany,Business Analyst,False,Not specified
de-5865808146,2026-09-03,de,Germany,Business Analyst,False,Not specified
de-5865808878,2026-09-03,de,Germany,Business Analyst,False,Not specified
de-5865814678,2026-09-03,de,Germany,Business Analyst,False,Not specified
de-5865823718,2026-09-03,de,Germany,BI Analyst,False,Not specified
de-5865824572,2026-09-03,de,Germany,Business Analyst,False,Not specified
de-5865994095,2026-09-03,de,Germany,Business Analyst,False,Not specified
de-5866020234,2026-09-03,de,Germany,Business Analyst,False,Not specified
de-5866023106,2026-09-03,de,Germany,Business Analyst,False,Not specified
de-5866120252,2026-09-03,de,Germany,Business Analyst,False,Not specified
de-5866219447,2026-09-03,de,Germany,Data Analyst,False,Not specified
de-5866226827,2026-09-03,de,Germany,Business Analyst,False,Not specified
de-5866227148,2026-09-03,de,Germany,Business Analyst,False,Not specified
de-5866229420,2026-09-03,de,Germany,Business Analyst,False,Not specified
de-5866269363,2026-09-03,de,Germany,Business Analyst,False,Not specified
de-5866285263,2026-09-03,de,Germany,Business Analyst,False,Not specified
de-5866312660,2026-09-03,de,Germany,Data Analyst,False,Not specified
de-5866317873,2026-09-03,de,Germany,Business Analyst,False,Not specified
de-5866320361,2026-09-03,de,Germany,Business Analyst,False,Not specified
de-5866324951,2026-09-03,de,Germany,Business Analyst,False,Not specified
de-5866330444,2026-09-03,de,Germany,Business Analyst,False,Not specified
de-5866332256,2026-09-03,de,Germany,Data Analyst,False,Not specified
de-5866332635,2026-09-03,de,Germany,Data Analyst,False,Not specified
de-5866339947,2026-09-03,de,Germany,Business Analyst,False,Not specified
de-5866342213,2026-09-03,de,Germany,Business Analyst,False,Not specified
de-5866343995,2026-09-03,de,Germany,Business Analyst,False,Not specified
de-5866572896,2026-09-03,de,Germany,Business Analyst,True,Not specified
de-5866676670,2026-09-03,de,Germany,Business Analyst,False,Not specified
de-5866676779,2026-09-03,de,Germany,Business Analyst,False,Not specified
de-5866676782,2026-09-03,de,Germany,Business Analyst,False,Not specified
de-5866676789,2026-09-03,de,Germany,Business Analyst,False,Not specified
de-5866676790,2026-09-03,de,Germany,Business Analyst,False,Not specified
de-5866676792,2026-09-03,de,Germany,Business Analyst,False,Not specified
de-5866676799,2026-09-03,de,Germany,Business Analyst,False,Not specified
de-5866676803,2026-09-03,de,Germany,Business Analyst,False,Not specified
de-5866676853,2026-09-03,de,Germany,Business Analyst,False,Not specified
de-5866676876,2026-09-03,de,Germany,Business Analyst,False,Not specified
de-5866677108,2026-09-03,de,Germany,Business Analyst,False,Not specified
de-5866677158,2026-09-03,de,Germany,Business Analyst,False,Not specified
de-5866725007,2026-09-03,de,Germany,Business Analyst,False,Not specified
de-5866919183,2026-09-03,de,Germany,Business Analyst,False,Remote
de-5866919499,2026-09-03,de,Germany,Business Analyst,False,Remote
de-5866943465,2026-09-03,de,Germany,Business Analyst,False,Not specified
de-5867004154,2026-09-03,de,Germany,Data Analyst,False,Not specified
de-5867040194,2026-09-03,de,Germany,Business Analyst,False,Not specified
de-5867042761,2026-09-03,de,Germany,Business Analyst,False,Not specified
de-5867067715,2026-09-03,de,Germany,Business Analyst,False,Not specified
de-5867100794,2026-09-03,de,Germany,Business Analyst,False,Not specified
de-5867100988,2026-09-03,de,Germany,Business Analyst,False,Not specified
de-5867128805,2026-09-03,de,Germany,Data Analyst,False,Not specified
de-5867180620,2026-09-03,de,Germany,Business Analyst,False,Not specified
de-5867197926,2026-09-03,de,Germany,Business Analyst,False,Not specified
de-5867219861,2026-09-03,de,Germany,Business Analyst,False,Not specified
de-5867225687,2026-09-03,de,Germany,Business Analyst,False,Not specified
de-5867230022,2026-09-03,de,Germany,Business Analyst,False,Not specified
de-5867235006,2026-09-03,de,Germany,Business Analyst,False,Not specified
de-5867251090,2026-09-03,de,Germany,Business Analyst,False,Not specified
de-5867256368,2026-09-03,de,Germany,Data Analyst,False,Not specified
de-5867259205,2026-09-03,de,Germany,Business Analyst,False,Not specified
de-5867264784,2026-09-03,de,Germany,Data Analyst,False,Not specified
de-5867276716,2026-09-03,de,Germany,Data Analyst,False,Not specified
de-5867277494,2026-09-03,de,Germany,Business Analyst,False,Not specified
de-5867283266,2026-09-03,de,Germany,Business Analyst,False,Not specified
de-5867288207,2026-09-03,de,Germany,Business Analyst,False,Not specified
de-5867306490,2026-09-03,de,Germany,Business Analyst,False,Not specified
de-5867307429,2026-09-03,de,Germany,Data Analyst,False,Not specified
de-5867424176,2026-09-03,de,Germany,Business Analyst,False,Not specified
de-5867425265,2026-09-03,de,Germany,Business Analyst,False,Not specified
de-5867425267,2026-09-03,de,Germany,Business Analyst,False,Not specified
de-5867425839,2026-09-03,de,Germany,Business Analyst,False,Not specified
de-5867426501,2026-09-03,de,Germany,Business Analyst,False,Not specified
de-5867427657,2026-09-03,de,Germany,Business Analyst,False,Remote
de-5867429706,2026-09-03,de,Germany,Business Analyst,False,Not specified
de-5867431233,2026-09-03,de,Germany,Business Analyst,False,Not specified
de-5867436476,2026-09-03,de,Germany,Business Analyst,False,Not specified
de-5867438953,2026-09-03,de,Germany,Business Analyst,False,Not specified
de-5867471986,2026-09-03,de,Germany,Business Analyst,False,Not specified
de-5867625023,2026-09-03,de,Germany,Business Analyst,False,Not specified
de-5867754936,2026-09-03,de,Germany,Business Analyst,False,Not specified
de-5867799719,2026-09-03,de,Germany,Business Analyst,False,Not specified
de-5867875799,2026-09-03,de,Germany,Business Analyst,False,Not specified
de-5867925161,2026-09-03,de,Germany,Business Analyst,False,Not specified
de-5867947830,2026-09-03,de,Germany,Business Analyst,False,Not specified
de-5867955484,2026-09-03,de,Germany,Business Analyst,False,Not specified
de-5867956442,2026-09-03,de,Germany,Business Analyst,False,Not specified
de-5867957789,2026-09-03,de,Germany,Business Analyst,False,Not specified
de-5867957948,2026-09-03,de,Germany,Business Analyst,False,Not specified
de-5867969320,2026-09-03,de,Germany,Business Analyst,False,Not specified
de-5867975001,2026-09-03,de,Germany,Business Analyst,False,Remote
de-5868012694,2026-09-03,de,Germany,Data Analyst,False,Remote
de-5868095631,2026-09-03,de,Germany,Business Analyst,False,Not specified
de-5868096405,2026-09-03,de,Germany,Business Analyst,False,Not specified
de-5868154580,2026-09-03,de,Germany,Business Analyst,False,Not specified
de-5868154596,2026-09-03,de,Germany,BI Analyst,False,Not specified
de-5868157312,2026-09-03,de,Germany,Business Analyst,False,Not specified
de-5868157506,2026-09-03,de,Germany,Business Analyst,False,Not specified
de-5868158056,2026-09-03,de,Germany,Data Analyst,False,Not specified
de-5868159742,2026-09-03,de,Germany,Business Analyst,False,Not specified
de-5868160010,2026-09-03,de,Germany,Business Analyst,False,Not specified
de-5868206952,2026-09-03,de,Germany,Business Analyst,False,Not specified
de-5868211891,2026-09-03,de,Germany,Data Analyst,False,Not specified
de-5868213464,2026-09-03,de,Germany,Business Analyst,False,Not specified
de-5868413602,2026-09-03,de,Germany,Business Analyst,True,Not specified
de-5868413713,2026-09-03,de,Germany,Business Analyst,True,Not specified
de-5868413877,2026-09-03,de,Germany,Business Analyst,True,Not specified
de-5868414016,2026-09-03,de,Germany,Business Analyst,True,Not specified
de-5868414052,2026-09-03,de,Germany,Business Analyst,True,Not specified
de-5868439002,2026-09-03,de,Germany,Business Analyst,False,Not specified
de-5868510591,2026-09-03,de,Germany,Business Analyst,False,Not specified
de-5868724453,2026-09-03,de,Germany,Business Analyst,False,Not specified
es-3913351514,2026-09-03,es,Spain,Business Analyst,False,Not specified
es-4338872287,2026-09-03,es,Spain,Data Analyst,False,Not specified
es-4844318797,2026-09-03,es,Spain,Data Analyst,False,Not specified
es-5053523221,2026-09-03,es,Spain,Data Analyst,True,Not specified
es-5062368554,2026-09-03,es,Spain,Data Analyst,False,Not specified
es-5414439868,2026-09-03,es,Spain,Business Analyst,False,Remote
es-5443261819,2026-09-03,es,Spain,Data Analyst,True,Not specified
es-5448239326,2026-09-03,es,Spain,Business Analyst,False,Not specified
es-5454305538,2026-09-03,es,Spain,Data Analyst,True,Not specified
es-5455470367,2026-09-03,es,Spain,Data Analyst,True,Not specified
es-5475582558,2026-09-03,es,Spain,Business Analyst,False,Not specified
es-5486939001,2026-09-03,es,Spain,Data Analyst,False,Remote
es-5488503517,2026-09-03,es,Spain,Business Analyst,False,Not specified
es-5542436881,2026-09-03,es,Spain,Business Analyst,False,Hybrid
es-5549132895,2026-09-03,es,Spain,Data Analyst,False,Not specified
es-5552905057,2026-09-03,es,Spain,Data Analyst,False,Not specified
es-5556867176,2026-09-03,es,Spain,Data Analyst,False,Not specified
es-5584479066,2026-09-03,es,Spain,Data Analyst,False,Not specified
es-5584544401,2026-09-03,es,Spain,Data Analyst,False,Not specified
es-5602338439,2026-09-03,es,Spain,Data Analyst,False,Remote
es-5605372024,2026-09-03,es,Spain,Business Analyst,False,Not specified
es-5638566356,2026-09-03,es,Spain,Data Analyst,False,Not specified
es-5642703201,2026-09-03,es,Spain,Business Analyst,False,Not specified
es-5642703202,2026-09-03,es,Spain,Business Analyst,False,Hybrid
es-5646338521,2026-09-03,es,Spain,Data Analyst,True,Not specified
es-5660680567,2026-09-03,es,Spain,Data Analyst,False,Not specified
es-5660680575,2026-09-03,es,Spain,Business Analyst,False,Not specified
es-5661996002,2026-09-03,es,Spain,Business Analyst,False,Remote
es-5664289290,2026-09-03,es,Spain,Business Analyst,False,Not specified
es-5668783933,2026-09-03,es,Spain,Data Analyst,False,Not specified
es-5673565699,2026-09-03,es,Spain,Data Analyst,False,Hybrid
es-5673565897,2026-09-03,es,Spain,Data Analyst,False,Hybrid
es-5673565931,2026-09-03,es,Spain,Data Analyst,False,Not specified
es-5681713155,2026-09-03,es,Spain,Data Analyst,False,Not specified
es-5683448359,2026-09-03,es,Spain,Data Analyst,False,Not specified
es-5686363415,2026-09-03,es,Spain,Business Analyst,False,Not specified
es-5687747590,2026-09-03,es,Spain,Data Analyst,False,Not specified
es-5687946036,2026-09-03,es,Spain,BI Analyst,False,Not specified
es-5691444053,2026-09-03,es,Spain,BI Analyst,False,Remote
es-5693810934,2026-09-03,es,Spain,Business Analyst,False,Not specified
es-5698322475,2026-09-03,es,Spain,Data Analyst,False,Not specified
es-5698322731,2026-09-03,es,Spain,Business Analyst,False,Not specified
es-5701907936,2026-09-03,es,Spain,Business Analyst,False,Not specified
es-5702619332,2026-09-03,es,Spain,Data Analyst,False,Not specified
es-5705383100,2026-09-03,es,Spain,Business Analyst,False,Not specified
es-5708767888,2026-09-03,es,Spain,Data Analyst,False,Not specified
es-5713960479,2026-09-03,es,Spain,Data Analyst,False,Remote
es-5714273777,2026-09-03,es,Spain,Data Analyst,False,Remote
es-5716298368,2026-09-03,es,Spain,BI Analyst,False,Not specified
es-5716635479,2026-09-03,es,Spain,Data Analyst,False,Not specified
es-5717352370,2026-09-03,es,Spain,Data Analyst,False,Not specified
es-5718777969,2026-09-03,es,Spain,Data Analyst,False,Not specified
es-5724647242,2026-09-03,es,Spain,Data Analyst,False,Hybrid
es-5724649232,2026-09-03,es,Spain,Data Analyst,False,Not specified
es-5727385101,2026-09-03,es,Spain,Business Analyst,False,Not specified
es-5727390046,2026-09-03,es,Spain,Business Analyst,False,Not specified
es-5727681262,2026-09-03,es,Spain,Data Analyst,False,Not specified
es-5727802231,2026-09-03,es,Spain,Data Analyst,False,Not specified
es-5728541860,2026-09-03,es,Spain,Business Analyst,False,Not specified
es-5728543636,2026-09-03,es,Spain,Data Analyst,False,Not specified
es-5729388183,2026-09-03,es,Spain,Data Analyst,False,Remote
es-5729388186,2026-09-03,es,Spain,Business Analyst,False,Remote
es-5729465317,2026-09-03,es,Spain,Data Analyst,False,Not specified
es-5733359643,2026-09-03,es,Spain,Business Analyst,False,Not specified
es-5733359703,2026-09-03,es,Spain,Business Analyst,False,Hybrid
es-5737877254,2026-09-03,es,Spain,Business Analyst,False,Not specified
es-5741905961,2026-09-03,es,Spain,Data Analyst,True,Not specified
es-5742532966,2026-09-03,es,Spain,Business Analyst,False,Not specified
es-5743996351,2026-09-03,es,Spain,Data Analyst,False,Not specified
es-5744286052,2026-09-03,es,Spain,Business Analyst,False,Not specified
es-5745004276,2026-09-03,es,Spain,Data Analyst,False,Not specified
es-5748434539,2026-09-03,es,Spain,Data Analyst,False,Not specified
es-5749558087,2026-09-03,es,Spain,Data Analyst,False,Not specified
es-5749589355,2026-09-03,es,Spain,BI Analyst,False,Not specified
es-5751211477,2026-09-03,es,Spain,Data Analyst,False,Not specified
es-5751245740,2026-09-03,es,Spain,Data Analyst,False,Not specified
es-5751248341,2026-09-03,es,Spain,Data Analyst,False,Not specified
es-5752846256,2026-09-03,es,Spain,Data Analyst,False,Not specified
es-5752881648,2026-09-03,es,Spain,Business Analyst,False,Not specified
es-5752881656,2026-09-03,es,Spain,Business Analyst,False,Not specified
es-5752881669,2026-09-03,es,Spain,Data Analyst,False,Not specified
es-5753696198,2026-09-03,es,Spain,Data Analyst,False,Not specified
es-5755773151,2026-09-03,es,Spain,Data Analyst,False,Not specified
es-5755773975,2026-09-03,es,Spain,BI Analyst,False,Not specified
es-5756959457,2026-09-03,es,Spain,Business Analyst,False,Not specified
es-5756959460,2026-09-03,es,Spain,Business Analyst,False,Hybrid
es-5757176860,2026-09-03,es,Spain,Business Analyst,False,Not specified
es-5757435367,2026-09-03,es,Spain,Data Analyst,False,Not specified
es-5757544454,2026-09-03,es,Spain,Data Analyst,False,Not specified
es-5758393861,2026-09-03,es,Spain,Data Analyst,False,Not specified
es-5759182288,2026-09-03,es,Spain,Data Analyst,False,Not specified
es-5759700087,2026-09-03,es,Spain,Business Analyst,False,Remote
es-5761078609,2026-09-03,es,Spain,Data Analyst,False,Not specified
es-5761078622,2026-09-03,es,Spain,Business Analyst,False,Not specified
es-5761853071,2026-09-03,es,Spain,Business Analyst,False,Not specified
es-5761856465,2026-09-03,es,Spain,BI Analyst,False,Not specified
es-5763015185,2026-09-03,es,Spain,Business Analyst,False,Not specified
es-5763016291,2026-09-03,es,Spain,Business Analyst,False,Not specified
es-5764608267,2026-09-03,es,Spain,Business Analyst,False,Not specified
es-5768404746,2026-09-03,es,Spain,Data Analyst,False,Not specified
es-5769095161,2026-09-03,es,Spain,Data Analyst,False,Not specified
es-5769095240,2026-09-03,es,Spain,Business Analyst,False,Not specified
es-5769205031,2026-09-03,es,Spain,Business Analyst,False,Not specified
es-5769875538,2026-09-03,es,Spain,Business Analyst,False,Not specified
es-5770246172,2026-09-03,es,Spain,Business Analyst,False,Not specified
es-5772801320,2026-09-03,es,Spain,Data Analyst,False,Not specified
es-5772822358,2026-09-03,es,Spain,Data Analyst,False,Not specified
es-5772841708,2026-09-03,es,Spain,Data Analyst,False,Not specified
es-5773204123,2026-09-03,es,Spain,Data Analyst,False,Not specified
es-5775499094,2026-09-03,es,Spain,Business Analyst,False,Not specified
es-5775801242,2026-09-03,es,Spain,Business Analyst,False,Not specified
es-5775849278,2026-09-03,es,Spain,Business Analyst,True,Not specified
es-5775903592,2026-09-03,es,Spain,Business Analyst,False,Not specified
es-5776910376,2026-09-03,es,Spain,Business Analyst,False,Not specified
es-5777371432,2026-09-03,es,Spain,Data Analyst,False,Not specified
es-5777371435,2026-09-03,es,Spain,Data Analyst,False,Not specified
es-5777371447,2026-09-03,es,Spain,Business Analyst,False,Not specified
es-5777582600,2026-09-03,es,Spain,Data Analyst,False,Not specified
es-5778317579,2026-09-03,es,Spain,Business Analyst,False,Not specified
es-5779525202,2026-09-03,es,Spain,Data Analyst,False,Not specified
es-5779525298,2026-09-03,es,Spain,Data Analyst,False,Not specified
es-5779542422,2026-09-03,es,Spain,Business Analyst,False,Not specified
es-5781090243,2026-09-03,es,Spain,Data Analyst,False,Not specified
es-5781890023,2026-09-03,es,Spain,BI Analyst,False,Not specified
es-5782656178,2026-09-03,es,Spain,Data Analyst,False,Not specified
es-5784531003,2026-09-03,es,Spain,Data Analyst,False,Not specified
es-5785454418,2026-09-03,es,Spain,Business Analyst,False,Not specified
es-5787322539,2026-09-03,es,Spain,Data Analyst,False,Not specified
es-5788549885,2026-09-03,es,Spain,Business Analyst,False,Not specified
es-5788550130,2026-09-03,es,Spain,Data Analyst,False,Not specified
es-5788551290,2026-09-03,es,Spain,Business Analyst,False,Not specified
es-5789442565,2026-09-03,es,Spain,Business Analyst,False,Remote
es-5790240184,2026-09-03,es,Spain,Data Analyst,False,Not specified
es-5790240230,2026-09-03,es,Spain,Business Analyst,False,Not specified
es-5790664903,2026-09-03,es,Spain,Business Analyst,False,Not specified
es-5790664925,2026-09-03,es,Spain,Data Analyst,False,Not specified
es-5792261645,2026-09-03,es,Spain,Data Analyst,False,Not specified
es-5793156552,2026-09-03,es,Spain,Business Analyst,False,Not specified
es-5793794799,2026-09-03,es,Spain,Data Analyst,False,Not specified
es-5794830031,2026-09-03,es,Spain,BI Analyst,False,Not specified
es-5795133088,2026-09-03,es,Spain,Business Analyst,False,Not specified
es-5795188847,2026-09-03,es,Spain,Business Analyst,False,Not specified
es-5795188848,2026-09-03,es,Spain,Data Analyst,False,Not specified
es-5795188858,2026-09-03,es,Spain,Data Analyst,False,Not specified
es-5795188874,2026-09-03,es,Spain,Business Analyst,False,Not specified
es-5796275001,2026-09-03,es,Spain,Business Analyst,False,Not specified
es-5796276181,2026-09-03,es,Spain,Data Analyst,False,Not specified
es-5798345034,2026-09-03,es,Spain,Data Analyst,False,Not specified
es-5798605394,2026-09-03,es,Spain,Data Analyst,False,Not specified
es-5801923689,2026-09-03,es,Spain,Data Analyst,False,Not specified
es-5801930193,2026-09-03,es,Spain,Data Analyst,False,Not specified
es-5802304797,2026-09-03,es,Spain,Business Analyst,False,Not specified
es-5802390840,2026-09-03,es,Spain,Data Analyst,False,Not specified
es-5802409104,2026-09-03,es,Spain,Data Analyst,True,Not specified
es-5804096726,2026-09-03,es,Spain,Business Analyst,False,Not specified
es-5804102715,2026-09-03,es,Spain,Data Analyst,False,Not specified
es-5804499903,2026-09-03,es,Spain,Data Analyst,False,Not specified
es-5804499904,2026-09-03,es,Spain,Data Analyst,False,Not specified
es-5804499906,2026-09-03,es,Spain,Data Analyst,False,On-site
es-5804499911,2026-09-03,es,Spain,Business Analyst,False,Not specified
es-5804499912,2026-09-03,es,Spain,Data Analyst,False,Not specified
es-5804499919,2026-09-03,es,Spain,Data Analyst,False,Not specified
es-5804499920,2026-09-03,es,Spain,Business Analyst,False,Not specified
es-5804499921,2026-09-03,es,Spain,Business Analyst,False,Not specified
es-5805218141,2026-09-03,es,Spain,Data Analyst,False,Not specified
es-5805256753,2026-09-03,es,Spain,Data Analyst,False,Not specified
es-5805466910,2026-09-03,es,Spain,Data Analyst,False,Not specified
es-5805845515,2026-09-03,es,Spain,Business Analyst,False,Not specified
es-5805845815,2026-09-03,es,Spain,Business Analyst,False,Not specified
es-5805910251,2026-09-03,es,Spain,Data Analyst,True,Not specified
es-5806611926,2026-09-03,es,Spain,Business Analyst,False,Not specified
es-5806932448,2026-09-03,es,Spain,Business Analyst,False,Not specified
es-5807567705,2026-09-03,es,Spain,Data Analyst,False,Not specified
es-5807567789,2026-09-03,es,Spain,Business Analyst,False,Not specified
es-5807568221,2026-09-03,es,Spain,Business Analyst,False,Not specified
es-5807568381,2026-09-03,es,Spain,Data Analyst,False,Not specified
es-5808917016,2026-09-03,es,Spain,Data Analyst,False,Hybrid
es-5809366771,2026-09-03,es,Spain,Business Analyst,True,Not specified
es-5811212058,2026-09-03,es,Spain,Business Analyst,False,Not specified
es-5811218534,2026-09-03,es,Spain,Data Analyst,False,Not specified
es-5811519298,2026-09-03,es,Spain,Data Analyst,False,Not specified
es-5811519595,2026-09-03,es,Spain,Data Analyst,False,Not specified
es-5811523003,2026-09-03,es,Spain,Data Analyst,True,Not specified
es-5811523768,2026-09-03,es,Spain,Business Analyst,False,Not specified
es-5811672920,2026-09-03,es,Spain,Business Analyst,False,Hybrid
es-5812739545,2026-09-03,es,Spain,Business Analyst,False,Not specified
es-5812975128,2026-09-03,es,Spain,Business Analyst,False,Not specified
es-5813471620,2026-09-03,es,Spain,Business Analyst,False,Not specified
es-5813471622,2026-09-03,es,Spain,Business Analyst,False,Not specified
es-5814598851,2026-09-03,es,Spain,Data Analyst,True,Hybrid
es-5814612643,2026-09-03,es,Spain,Data Analyst,False,Not specified
es-5814614706,2026-09-03,es,Spain,Data Analyst,False,Not specified
es-5815003253,2026-09-03,es,Spain,Business Analyst,False,Not specified
es-5815067896,2026-09-03,es,Spain,Data Analyst,True,Not specified
es-5815897769,2026-09-03,es,Spain,Business Analyst,False,Not specified
es-5815899015,2026-09-03,es,Spain,Data Analyst,False,Not specified
es-5816882064,2026-09-03,es,Spain,Data Analyst,False,Not specified
es-5816882353,2026-09-03,es,Spain,Data Analyst,False,Hybrid
es-5816886466,2026-09-03,es,Spain,Data Analyst,False,Hybrid
es-5816887070,2026-09-03,es,Spain,Data Analyst,False,Not specified
es-5816888575,2026-09-03,es,Spain,Data Analyst,False,Not specified
es-5816889149,2026-09-03,es,Spain,Data Analyst,False,Hybrid
es-5817668350,2026-09-03,es,Spain,Data Analyst,False,Not specified
es-5818054313,2026-09-03,es,Spain,Data Analyst,False,Not specified
es-5819155335,2026-09-03,es,Spain,Business Analyst,True,Not specified
es-5819525301,2026-09-03,es,Spain,Business Analyst,False,Not specified
es-5819735866,2026-09-03,es,Spain,Business Analyst,False,Not specified
es-5820783942,2026-09-03,es,Spain,Data Analyst,False,Not specified
es-5820880710,2026-09-03,es,Spain,Data Analyst,True,Not specified
es-5820895018,2026-09-03,es,Spain,Business Analyst,False,Hybrid
es-5821484196,2026-09-03,es,Spain,Business Analyst,False,Not specified
es-5822105505,2026-09-03,es,Spain,Data Analyst,False,Not specified
es-5822105512,2026-09-03,es,Spain,Business Analyst,False,Not specified
es-5822105517,2026-09-03,es,Spain,Data Analyst,False,Hybrid
es-5822105536,2026-09-03,es,Spain,BI Analyst,False,Remote
es-5822127039,2026-09-03,es,Spain,Data Analyst,False,Not specified
es-5822127739,2026-09-03,es,Spain,Data Analyst,False,Not specified
es-5822582301,2026-09-03,es,Spain,Data Analyst,False,Not specified
es-5823528096,2026-09-03,es,Spain,Business Analyst,False,Hybrid
es-5823530887,2026-09-03,es,Spain,Business Analyst,False,Not specified
es-5825429896,2026-09-03,es,Spain,BI Analyst,False,Not specified
es-5826399292,2026-09-03,es,Spain,Data Analyst,False,Not specified
es-5826930088,2026-09-03,es,Spain,Business Analyst,False,Hybrid
es-5826930123,2026-09-03,es,Spain,Business Analyst,False,Not specified
es-5827420415,2026-09-03,es,Spain,Business Analyst,False,Not specified
es-5827484280,2026-09-03,es,Spain,Business Analyst,True,Not specified
es-5827489363,2026-09-03,es,Spain,Business Analyst,False,Not specified
es-5827491353,2026-09-03,es,Spain,Business Analyst,False,Not specified
es-5828841183,2026-09-03,es,Spain,Data Analyst,False,Not specified
es-5828841240,2026-09-03,es,Spain,Data Analyst,False,Not specified
es-5829212079,2026-09-03,es,Spain,Data Analyst,False,Not specified
es-5830168260,2026-09-03,es,Spain,Business Analyst,False,Not specified
es-5831007196,2026-09-03,es,Spain,Data Analyst,False,Not specified
es-5831622577,2026-09-03,es,Spain,Business Analyst,False,Not specified
es-5831622821,2026-09-03,es,Spain,Business Analyst,False,Not specified
es-5831663786,2026-09-03,es,Spain,Data Analyst,False,Not specified
es-5831663787,2026-09-03,es,Spain,Data Analyst,False,Not specified
es-5831663790,2026-09-03,es,Spain,Data Analyst,False,Not specified
es-5831663808,2026-09-03,es,Spain,Business Analyst,False,Not specified
es-5831676698,2026-09-03,es,Spain,Data Analyst,True,Not specified
es-5831682141,2026-09-03,es,Spain,Business Analyst,False,Not specified
es-5831947917,2026-09-03,es,Spain,Business Analyst,False,Not specified
es-5831947933,2026-09-03,es,Spain,Data Analyst,False,On-site
es-5832297089,2026-09-03,es,Spain,Data Analyst,False,Not specified
es-5833078922,2026-09-03,es,Spain,Business Analyst,False,Not specified
es-5833173127,2026-09-03,es,Spain,Data Analyst,True,Not specified
es-5833175641,2026-09-03,es,Spain,Data Analyst,False,Not specified
es-5833175918,2026-09-03,es,Spain,Data Analyst,True,Not specified
es-5833180127,2026-09-03,es,Spain,Business Analyst,False,Not specified
es-5833180196,2026-09-03,es,Spain,Data Analyst,False,Not specified
es-5833183483,2026-09-03,es,Spain,Data Analyst,True,Not specified
es-5834448734,2026-09-03,es,Spain,Business Analyst,False,Not specified
es-5834449339,2026-09-03,es,Spain,Business Analyst,False,Not specified
es-5834450385,2026-09-03,es,Spain,BI Analyst,False,Not specified
es-5834452055,2026-09-03,es,Spain,Data Analyst,True,Not specified
es-5834452112,2026-09-03,es,Spain,Business Analyst,False,Not specified
es-5835329603,2026-09-03,es,Spain,Business Analyst,False,Not specified
es-5835351026,2026-09-03,es,Spain,Business Analyst,False,Not specified
es-5835351268,2026-09-03,es,Spain,Data Analyst,False,Not specified
es-5835846461,2026-09-03,es,Spain,Business Analyst,False,Not specified
es-5836460035,2026-09-03,es,Spain,Data Analyst,False,Not specified
es-5836461020,2026-09-03,es,Spain,Data Analyst,True,Not specified
es-5837896345,2026-09-03,es,Spain,Data Analyst,True,Not specified
es-5838199216,2026-09-03,es,Spain,Business Analyst,False,Not specified
es-5838725798,2026-09-03,es,Spain,Business Analyst,False,Not specified
es-5839930698,2026-09-03,es,Spain,Business Analyst,False,Remote
es-5840002498,2026-09-03,es,Spain,Business Analyst,False,Not specified
es-5840003172,2026-09-03,es,Spain,Data Analyst,False,Not specified
es-5840004496,2026-09-03,es,Spain,Business Analyst,False,Not specified
es-5840008267,2026-09-03,es,Spain,Business Analyst,False,Not specified
es-5840008880,2026-09-03,es,Spain,Data Analyst,False,Not specified
es-5841410469,2026-09-03,es,Spain,Business Analyst,False,Not specified
es-5841477025,2026-09-03,es,Spain,Data Analyst,False,Not specified
es-5841477028,2026-09-03,es,Spain,Data Analyst,False,Not specified
es-5841477029,2026-09-03,es,Spain,Data Analyst,False,Not specified
es-5841477041,2026-09-03,es,Spain,Data Analyst,False,Not specified
es-5841481504,2026-09-03,es,Spain,Business Analyst,False,Not specified
es-5841483165,2026-09-03,es,Spain,Business Analyst,False,Not specified
es-5841483670,2026-09-03,es,Spain,Business Analyst,False,Not specified
es-5841946535,2026-09-03,es,Spain,Business Analyst,True,Remote
es-5842845523,2026-09-03,es,Spain,Data Analyst,False,Not specified
es-5842845776,2026-09-03,es,Spain,Data Analyst,False,Not specified
es-5842845804,2026-09-03,es,Spain,Data Analyst,False,Not specified
es-5842846465,2026-09-03,es,Spain,Data Analyst,False,Not specified
es-5842846466,2026-09-03,es,Spain,Data Analyst,False,Not specified
es-5842846655,2026-09-03,es,Spain,Data Analyst,False,Not specified
es-5842846713,2026-09-03,es,Spain,Data Analyst,False,Not specified
es-5844045073,2026-09-03,es,Spain,Data Analyst,True,Not specified
es-5845483674,2026-09-03,es,Spain,Data Analyst,False,Not specified
es-5845483714,2026-09-03,es,Spain,Business Analyst,False,Not specified
es-5846288432,2026-09-03,es,Spain,Business Analyst,False,Not specified
es-5846295281,2026-09-03,es,Spain,BI Analyst,False,Not specified
es-5846566085,2026-09-03,es,Spain,Business Analyst,False,Not specified
es-5846769007,2026-09-03,es,Spain,Business Analyst,False,Not specified
es-5847858891,2026-09-03,es,Spain,Business Analyst,False,Not specified
es-5847928313,2026-09-03,es,Spain,Business Analyst,False,Not specified
es-5848696994,2026-09-03,es,Spain,BI Analyst,True,Not specified
es-5849310743,2026-09-03,es,Spain,Business Analyst,False,Not specified
es-5849364519,2026-09-03,es,Spain,Business Analyst,False,Not specified
es-5849618350,2026-09-03,es,Spain,Business Analyst,False,Not specified
es-5849713446,2026-09-03,es,Spain,Data Analyst,False,Not specified
es-5850719036,2026-09-03,es,Spain,Business Analyst,False,Not specified
es-5850719037,2026-09-03,es,Spain,Data Analyst,False,Not specified
es-5850719041,2026-09-03,es,Spain,Data Analyst,False,Not specified
es-5852180548,2026-09-03,es,Spain,Business Analyst,False,Not specified
es-5852211253,2026-09-03,es,Spain,Data Analyst,False,Not specified
es-5852212327,2026-09-03,es,Spain,Data Analyst,False,Not specified
es-5853440777,2026-09-03,es,Spain,Data Analyst,False,Not specified
es-5853440938,2026-09-03,es,Spain,Business Analyst,False,Not specified
es-5853441056,2026-09-03,es,Spain,Business Analyst,False,Not specified
es-5853441347,2026-09-03,es,Spain,Data Analyst,False,Not specified
es-5853441702,2026-09-03,es,Spain,Data Analyst,True,Not specified
es-5854610741,2026-09-03,es,Spain,Business Analyst,False,Remote
es-5854612154,2026-09-03,es,Spain,Data Analyst,False,Not specified
es-5855589208,2026-09-03,es,Spain,Business Analyst,False,Not specified
es-5855789317,2026-09-03,es,Spain,Data Analyst,False,Not specified
es-5856423548,2026-09-03,es,Spain,Data Analyst,False,Not specified
es-5856690559,2026-09-03,es,Spain,Data Analyst,False,Not specified
es-5857251291,2026-09-03,es,Spain,Business Analyst,False,Not specified
es-5857251293,2026-09-03,es,Spain,Business Analyst,False,Not specified
es-5857298502,2026-09-03,es,Spain,Data Analyst,False,Not specified
es-5857315544,2026-09-03,es,Spain,Business Analyst,False,Not specified
es-5858021855,2026-09-03,es,Spain,Business Analyst,False,Not specified
es-5858022178,2026-09-03,es,Spain,Business Analyst,False,Not specified
es-5858022362,2026-09-03,es,Spain,Data Analyst,True,Not specified
es-5858113036,2026-09-03,es,Spain,Business Analyst,False,Not specified
es-5859124468,2026-09-03,es,Spain,Business Analyst,False,Not specified
es-5859470325,2026-09-03,es,Spain,Data Analyst,False,Not specified
es-5859470328,2026-09-03,es,Spain,Business Analyst,False,Not specified
es-5859470330,2026-09-03,es,Spain,Data Analyst,False,Not specified
es-5859485871,2026-09-03,es,Spain,Business Analyst,False,Not specified
es-5859486123,2026-09-03,es,Spain,Data Analyst,False,Not specified
es-5860792312,2026-09-03,es,Spain,Data Analyst,False,Not specified
es-5860793667,2026-09-03,es,Spain,Business Analyst,False,Not specified
es-5860876260,2026-09-03,es,Spain,Business Analyst,False,Not specified
es-5860876510,2026-09-03,es,Spain,Business Analyst,False,Not specified
es-5860876693,2026-09-03,es,Spain,Business Analyst,False,Not specified
es-5860876702,2026-09-03,es,Spain,Business Analyst,False,Not specified
es-5860876784,2026-09-03,es,Spain,Data Analyst,False,Not specified
es-5860876791,2026-09-03,es,Spain,Data Analyst,True,Not specified
es-5860877226,2026-09-03,es,Spain,Business Analyst,False,Not specified
es-5860877511,2026-09-03,es,Spain,Data Analyst,True,Not specified
es-5861953952,2026-09-03,es,Spain,Data Analyst,False,Not specified
es-5862004925,2026-09-03,es,Spain,Business Analyst,False,Not specified
es-5862005155,2026-09-03,es,Spain,Data Analyst,True,Not specified
es-5862523246,2026-09-03,es,Spain,Business Analyst,False,Not specified
es-5862523747,2026-09-03,es,Spain,Business Analyst,False,Remote
es-5862803275,2026-09-03,es,Spain,Data Analyst,False,Remote
es-5863094494,2026-09-03,es,Spain,Data Analyst,False,Not specified
es-5863165497,2026-09-03,es,Spain,Business Analyst,False,Not specified
es-5863165538,2026-09-03,es,Spain,Data Analyst,False,Not specified
es-5863173131,2026-09-03,es,Spain,Business Analyst,False,Hybrid
es-5863174231,2026-09-03,es,Spain,Data Analyst,False,Not specified
es-5863215944,2026-09-03,es,Spain,Data Analyst,False,Remote
es-5863216071,2026-09-03,es,Spain,Data Analyst,False,Not specified
es-5863216380,2026-09-03,es,Spain,Data Analyst,False,Not specified
es-5863216805,2026-09-03,es,Spain,Data Analyst,False,Not specified
es-5864029874,2026-09-03,es,Spain,Business Analyst,False,Remote
es-5864029875,2026-09-03,es,Spain,Business Analyst,False,Remote
es-5865208293,2026-09-03,es,Spain,Business Analyst,True,Not specified
es-5865449569,2026-09-03,es,Spain,BI Analyst,False,Not specified
es-5865450185,2026-09-03,es,Spain,Data Analyst,False,Not specified
es-5865450335,2026-09-03,es,Spain,Data Analyst,False,Not specified
es-5866597031,2026-09-03,es,Spain,Business Analyst,False,Not specified
es-5866702428,2026-09-03,es,Spain,Business Analyst,False,Not specified
es-5866704344,2026-09-03,es,Spain,Business Analyst,False,Not specified
es-5866754797,2026-09-03,es,Spain,Data Analyst,False,Not specified
es-5867624531,2026-09-03,es,Spain,Business Analyst,False,Not specified
es-5867624534,2026-09-03,es,Spain,Business Analyst,False,Not specified
es-5867624537,2026-09-03,es,Spain,Business Analyst,False,Not specified
es-5867624580,2026-09-03,es,Spain,Business Analyst,False,Not specified
es-5868523147,2026-09-03,es,Spain,Business Analyst,False,Not specified
es-5868523535,2026-09-03,es,Spain,Data Analyst,False,Not specified
es-5868523889,2026-09-03,es,Spain,Business Analyst,False,Not specified
gb-5210480123,2026-09-03,gb,United Kingdom,BI Analyst,True,Not specified
gb-5663621960,2026-09-03,gb,United Kingdom,BI Analyst,True,Not specified
gb-5748978694,2026-09-03,gb,United Kingdom,Data Analyst,True,Not specified
gb-5761909402,2026-09-03,gb,United Kingdom,BI Analyst,True,Not specified
gb-5780349070,2026-09-03,gb,United Kingdom,BI Analyst,True,Not specified
gb-5795609519,2026-09-03,gb,United Kingdom,BI Analyst,True,Not specified
gb-5795617519,2026-09-03,gb,United Kingdom,BI Analyst,True,Hybrid
gb-5802870387,2026-09-03,gb,United Kingdom,BI Analyst,True,Not specified
gb-5810688125,2026-09-03,gb,United Kingdom,BI Analyst,True,Not specified
gb-5812625608,2026-09-03,gb,United Kingdom,Business Analyst,True,Not specified
gb-5814622829,2026-09-03,gb,United Kingdom,BI Analyst,True,Hybrid
gb-5814771693,2026-09-03,gb,United Kingdom,BI Analyst,True,Remote
gb-5816502339,2026-09-03,gb,United Kingdom,BI Analyst,True,Not specified
gb-5816506157,2026-09-03,gb,United Kingdom,BI Analyst,True,Not specified
gb-5820085655,2026-09-03,gb,United Kingdom,BI Analyst,True,Hybrid
gb-5827485642,2026-09-03,gb,United Kingdom,BI Analyst,True,Not specified
gb-5828022787,2026-09-03,gb,United Kingdom,BI Analyst,True,On-site
gb-5828402671,2026-09-03,gb,United Kingdom,BI Analyst,True,Hybrid
gb-5829404077,2026-09-03,gb,United Kingdom,BI Analyst,True,Hybrid
gb-5829818220,2026-09-03,gb,United Kingdom,BI Analyst,True,Hybrid
gb-5830781344,2026-09-03,gb,United Kingdom,BI Analyst,True,Remote
gb-5830781376,2026-09-03,gb,United Kingdom,BI Analyst,True,Not specified
gb-5835737479,2026-09-03,gb,United Kingdom,BI Analyst,True,Not specified
gb-5838730541,2026-09-03,gb,United Kingdom,Business Analyst,True,Not specified
gb-5839572817,2026-09-03,gb,United Kingdom,BI Analyst,True,Not specified
gb-5840649326,2026-09-03,gb,United Kingdom,BI Analyst,True,Not specified
gb-5843072790,2026-09-03,gb,United Kingdom,BI Analyst,True,Not specified
gb-5845658880,2026-09-03,gb,United Kingdom,BI Analyst,True,Not specified
gb-5846046384,2026-09-03,gb,United Kingdom,BI Analyst,True,On-site
gb-5847255298,2026-09-03,gb,United Kingdom,BI Analyst,True,Not specified
gb-5851016025,2026-09-03,gb,United Kingdom,BI Analyst,True,Hybrid
gb-5851173771,2026-09-03,gb,United Kingdom,BI Analyst,True,Not specified
gb-5852576301,2026-09-03,gb,United Kingdom,BI Analyst,True,Not specified
gb-5854310824,2026-09-03,gb,United Kingdom,BI Analyst,True,Not specified
gb-5854951538,2026-09-03,gb,United Kingdom,BI Analyst,True,Not specified
gb-5855328200,2026-09-03,gb,United Kingdom,BI Analyst,True,Not specified
gb-5855373744,2026-09-03,gb,United Kingdom,BI Analyst,True,On-site
gb-5855373969,2026-09-03,gb,United Kingdom,BI Analyst,True,Not specified
gb-5855373983,2026-09-03,gb,United Kingdom,BI Analyst,True,Hybrid
gb-5855375864,2026-09-03,gb,United Kingdom,BI Analyst,True,Not specified
gb-5855377118,2026-09-03,gb,United Kingdom,Data Analyst,True,Not specified
gb-5855377358,2026-09-03,gb,United Kingdom,Data Analyst,True,Hybrid
gb-5855377450,2026-09-03,gb,United Kingdom,Data Analyst,True,On-site
gb-5855377743,2026-09-03,gb,United Kingdom,BI Analyst,True,Hybrid
gb-5855377992,2026-09-03,gb,United Kingdom,Data Analyst,True,Not specified
gb-5855378211,2026-09-03,gb,United Kingdom,Data Analyst,True,Hybrid
gb-5855378511,2026-09-03,gb,United Kingdom,Data Analyst,True,Remote
gb-5855378601,2026-09-03,gb,United Kingdom,Data Analyst,True,Hybrid
gb-5855378608,2026-09-03,gb,United Kingdom,Data Analyst,True,Not specified
gb-5855379210,2026-09-03,gb,United Kingdom,Data Analyst,True,On-site
gb-5855379822,2026-09-03,gb,United Kingdom,Data Analyst,True,Not specified
gb-5855380221,2026-09-03,gb,United Kingdom,Data Analyst,True,Not specified
gb-5855380402,2026-09-03,gb,United Kingdom,Data Analyst,True,Not specified
gb-5855380476,2026-09-03,gb,United Kingdom,Data Analyst,True,Not specified
gb-5855380778,2026-09-03,gb,United Kingdom,Data Analyst,True,Not specified
gb-5855380972,2026-09-03,gb,United Kingdom,Data Analyst,True,Remote
gb-5855381093,2026-09-03,gb,United Kingdom,Data Analyst,True,Remote
gb-5855381335,2026-09-03,gb,United Kingdom,Data Analyst,True,Hybrid
gb-5855381386,2026-09-03,gb,United Kingdom,Data Analyst,True,Hybrid
gb-5855381406,2026-09-03,gb,United Kingdom,Data Analyst,True,Not specified
gb-5855381462,2026-09-03,gb,United Kingdom,Data Analyst,True,Not specified
gb-5855381727,2026-09-03,gb,United Kingdom,Data Analyst,True,Hybrid
gb-5855381953,2026-09-03,gb,United Kingdom,BI Analyst,True,Not specified
gb-5855472404,2026-09-03,gb,United Kingdom,Data Analyst,True,Remote
gb-5855475597,2026-09-03,gb,United Kingdom,Data Analyst,True,Not specified
gb-5855591572,2026-09-03,gb,United Kingdom,Data Analyst,True,Not specified
gb-5855594700,2026-09-03,gb,United Kingdom,Data Analyst,True,Remote
gb-5855604687,2026-09-03,gb,United Kingdom,Data Analyst,True,Hybrid
gb-5855617098,2026-09-03,gb,United Kingdom,Data Analyst,True,Remote
gb-5855621595,2026-09-03,gb,United Kingdom,Data Analyst,True,Hybrid
gb-5855683693,2026-09-03,gb,United Kingdom,Data Analyst,True,Not specified
gb-5855685692,2026-09-03,gb,United Kingdom,Data Analyst,True,Hybrid
gb-5855685803,2026-09-03,gb,United Kingdom,Data Analyst,True,Not specified
gb-5855686113,2026-09-03,gb,United Kingdom,Data Analyst,True,Remote
gb-5855704121,2026-09-03,gb,United Kingdom,Data Analyst,True,Hybrid
gb-5855716317,2026-09-03,gb,United Kingdom,BI Analyst,True,Not specified
gb-5855716321,2026-09-03,gb,United Kingdom,Data Analyst,True,Hybrid
gb-5855716764,2026-09-03,gb,United Kingdom,Data Analyst,True,Hybrid
gb-5855737106,2026-09-03,gb,United Kingdom,Data Analyst,True,Not specified
gb-5855991534,2026-09-03,gb,United Kingdom,Data Analyst,True,Not specified
gb-5856135808,2026-09-03,gb,United Kingdom,BI Analyst,True,Not specified
gb-5856595712,2026-09-03,gb,United Kingdom,Data Analyst,True,Hybrid
gb-5856669758,2026-09-03,gb,United Kingdom,Data Analyst,True,Not specified
gb-5856814418,2026-09-03,gb,United Kingdom,Data Analyst,True,Not specified
gb-5856892687,2026-09-03,gb,United Kingdom,Data Analyst,True,Not specified
gb-5856946396,2026-09-03,gb,United Kingdom,Data Analyst,True,Not specified
gb-5856959936,2026-09-03,gb,United Kingdom,Data Analyst,True,Hybrid
gb-5856974719,2026-09-03,gb,United Kingdom,Data Analyst,True,Not specified
gb-5856976927,2026-09-03,gb,United Kingdom,Data Analyst,True,Not specified
gb-5856978499,2026-09-03,gb,United Kingdom,Data Analyst,True,Not specified
gb-5856980452,2026-09-03,gb,United Kingdom,Data Analyst,True,Not specified
gb-5856999989,2026-09-03,gb,United Kingdom,Data Analyst,True,Not specified
gb-5857163241,2026-09-03,gb,United Kingdom,Data Analyst,True,Hybrid
gb-5857174948,2026-09-03,gb,United Kingdom,BI Analyst,True,Not specified
gb-5857179420,2026-09-03,gb,United Kingdom,Data Analyst,True,Hybrid
gb-5857189171,2026-09-03,gb,United Kingdom,Data Analyst,True,Not specified
gb-5857189288,2026-09-03,gb,United Kingdom,Data Analyst,True,Remote
gb-5857189302,2026-09-03,gb,United Kingdom,Data Analyst,True,Hybrid
gb-5857189392,2026-09-03,gb,United Kingdom,Data Analyst,True,Hybrid
gb-5857189439,2026-09-03,gb,United Kingdom,Data Analyst,True,Not specified
gb-5857207842,2026-09-03,gb,United Kingdom,Data Analyst,True,Hybrid
gb-5857207852,2026-09-03,gb,United Kingdom,Data Analyst,True,Not specified
gb-5857215880,2026-09-03,gb,United Kingdom,Data Analyst,True,Not specified
gb-5857216253,2026-09-03,gb,United Kingdom,BI Analyst,True,Hybrid
gb-5857221137,2026-09-03,gb,United Kingdom,BI Analyst,True,Hybrid
gb-5857221143,2026-09-03,gb,United Kingdom,BI Analyst,True,Hybrid
gb-5857227791,2026-09-03,gb,United Kingdom,Data Analyst,True,Not specified
gb-5857234851,2026-09-03,gb,United Kingdom,Data Analyst,True,Not specified
gb-5857236340,2026-09-03,gb,United Kingdom,Data Analyst,True,Remote
gb-5857268435,2026-09-03,gb,United Kingdom,Data Analyst,True,Not specified
gb-5857649971,2026-09-03,gb,United Kingdom,Data Analyst,True,Not specified
gb-5857850546,2026-09-03,gb,United Kingdom,Data Analyst,True,Not specified
gb-5858065623,2026-09-03,gb,United Kingdom,Data Analyst,True,Hybrid
gb-5858089591,2026-09-03,gb,United Kingdom,BI Analyst,True,Not specified
gb-5858107916,2026-09-03,gb,United Kingdom,Data Analyst,True,Not specified
gb-5858141763,2026-09-03,gb,United Kingdom,Data Analyst,True,Not specified
gb-5858141778,2026-09-03,gb,United Kingdom,Data Analyst,True,Not specified
gb-5858141780,2026-09-03,gb,United Kingdom,Data Analyst,True,Not specified
gb-5858141783,2026-09-03,gb,United Kingdom,Data Analyst,True,Not specified
gb-5858141817,2026-09-03,gb,United Kingdom,Data Analyst,True,Not specified
gb-5858141842,2026-09-03,gb,United Kingdom,Data Analyst,True,Not specified
gb-5858177274,2026-09-03,gb,United Kingdom,BI Analyst,True,Not specified
gb-5858200024,2026-09-03,gb,United Kingdom,Data Analyst,True,Not specified
gb-5858200062,2026-09-03,gb,United Kingdom,Data Analyst,True,On-site
gb-5858200065,2026-09-03,gb,United Kingdom,BI Analyst,True,Not specified
gb-5858220107,2026-09-03,gb,United Kingdom,BI Analyst,True,Not specified
gb-5858245997,2026-09-03,gb,United Kingdom,Business Analyst,True,Not specified
gb-5858262293,2026-09-03,gb,United Kingdom,Data Analyst,True,Not specified
gb-5858262977,2026-09-03,gb,United Kingdom,Data Analyst,True,Not specified
gb-5858263105,2026-09-03,gb,United Kingdom,Data Analyst,True,Hybrid
gb-5858284420,2026-09-03,gb,United Kingdom,Business Analyst,True,Not specified
gb-5858303237,2026-09-03,gb,United Kingdom,Data Analyst,True,Not specified
gb-5858303351,2026-09-03,gb,United Kingdom,Data Analyst,True,Hybrid
gb-5858342035,2026-09-03,gb,United Kingdom,Data Analyst,True,Hybrid
gb-5858363665,2026-09-03,gb,United Kingdom,Data Analyst,True,Not specified
gb-5858364990,2026-09-03,gb,United Kingdom,Data Analyst,True,Hybrid
gb-5858367665,2026-09-03,gb,United Kingdom,Data Analyst,True,Hybrid
gb-5858368399,2026-09-03,gb,United Kingdom,Data Analyst,True,Not specified
gb-5858371998,2026-09-03,gb,United Kingdom,Data Analyst,True,Hybrid
gb-5858373645,2026-09-03,gb,United Kingdom,Data Analyst,True,Not specified
gb-5858374336,2026-09-03,gb,United Kingdom,Business Analyst,True,Not specified
gb-5858377515,2026-09-03,gb,United Kingdom,BI Analyst,True,Not specified
gb-5858384691,2026-09-03,gb,United Kingdom,Data Analyst,True,Not specified
gb-5858387092,2026-09-03,gb,United Kingdom,Data Analyst,True,Hybrid
gb-5858389764,2026-09-03,gb,United Kingdom,Data Analyst,True,Hybrid
gb-5858390325,2026-09-03,gb,United Kingdom,Data Analyst,True,Not specified
gb-5858411950,2026-09-03,gb,United Kingdom,Data Analyst,True,Not specified
gb-5858587375,2026-09-03,gb,United Kingdom,Business Analyst,True,Hybrid
gb-5858587406,2026-09-03,gb,United Kingdom,Business Analyst,True,Hybrid
gb-5858625182,2026-09-03,gb,United Kingdom,Business Analyst,True,Hybrid
gb-5858627464,2026-09-03,gb,United Kingdom,Data Analyst,True,Not specified
gb-5858627587,2026-09-03,gb,United Kingdom,Data Analyst,True,Remote
gb-5858627677,2026-09-03,gb,United Kingdom,Business Analyst,True,Hybrid
gb-5858628580,2026-09-03,gb,United Kingdom,Data Analyst,True,Remote
gb-5858904718,2026-09-03,gb,United Kingdom,Data Analyst,True,Not specified
gb-5858906124,2026-09-03,gb,United Kingdom,Data Analyst,True,Not specified
gb-5858907743,2026-09-03,gb,United Kingdom,Data Analyst,True,Not specified
gb-5859057516,2026-09-03,gb,United Kingdom,Data Analyst,True,Not specified
gb-5859060098,2026-09-03,gb,United Kingdom,Business Analyst,True,Not specified
gb-5859161524,2026-09-03,gb,United Kingdom,Data Analyst,True,Not specified
gb-5859492510,2026-09-03,gb,United Kingdom,Data Analyst,True,Not specified
gb-5859614908,2026-09-03,gb,United Kingdom,Data Analyst,True,Not specified
gb-5859619578,2026-09-03,gb,United Kingdom,Data Analyst,True,Not specified
gb-5859643902,2026-09-03,gb,United Kingdom,Data Analyst,True,Not specified
gb-5859656397,2026-09-03,gb,United Kingdom,BI Analyst,True,Not specified
gb-5859656830,2026-09-03,gb,United Kingdom,Data Analyst,True,Not specified
gb-5859746013,2026-09-03,gb,United Kingdom,Data Analyst,True,Not specified
gb-5859757634,2026-09-03,gb,United Kingdom,Business Analyst,True,Not specified
gb-5859761219,2026-09-03,gb,United Kingdom,Data Analyst,True,Not specified
gb-5859761566,2026-09-03,gb,United Kingdom,Data Analyst,True,Not specified
gb-5859763673,2026-09-03,gb,United Kingdom,Data Analyst,True,Not specified
gb-5859769677,2026-09-03,gb,United Kingdom,Data Analyst,True,Not specified
gb-5859770298,2026-09-03,gb,United Kingdom,Data Analyst,True,Not specified
gb-5859795918,2026-09-03,gb,United Kingdom,Data Analyst,True,Hybrid
gb-5859795949,2026-09-03,gb,United Kingdom,Data Analyst,True,Hybrid
gb-5859809944,2026-09-03,gb,United Kingdom,Data Analyst,True,On-site
gb-5859974794,2026-09-03,gb,United Kingdom,Data Analyst,True,Hybrid
gb-5859990443,2026-09-03,gb,United Kingdom,Data Analyst,True,Not specified
gb-5859992488,2026-09-03,gb,United Kingdom,Business Analyst,True,Not specified
gb-5859992645,2026-09-03,gb,United Kingdom,Data Analyst,True,Not specified
gb-5859992676,2026-09-03,gb,United Kingdom,Data Analyst,True,Not specified
gb-5859994642,2026-09-03,gb,United Kingdom,Data Analyst,True,Not specified
gb-5859994646,2026-09-03,gb,United Kingdom,Data Analyst,True,Not specified
gb-5859994652,2026-09-03,gb,United Kingdom,Data Analyst,True,Not specified
gb-5859994674,2026-09-03,gb,United Kingdom,Data Analyst,True,Not specified
gb-5860066671,2026-09-03,gb,United Kingdom,Data Analyst,True,Hybrid
gb-5860066687,2026-09-03,gb,United Kingdom,Data Analyst,True,Not specified
gb-5860068596,2026-09-03,gb,United Kingdom,Data Analyst,True,Hybrid
gb-5860751563,2026-09-03,gb,United Kingdom,Data Analyst,True,Not specified
gb-5861182353,2026-09-03,gb,United Kingdom,Data Analyst,True,Not specified
gb-5861222704,2026-09-03,gb,United Kingdom,Data Analyst,True,Not specified
gb-5861234016,2026-09-03,gb,United Kingdom,Data Analyst,True,Not specified
gb-5861239358,2026-09-03,gb,United Kingdom,Data Analyst,True,Not specified
gb-5861242326,2026-09-03,gb,United Kingdom,Data Analyst,True,Not specified
gb-5861397280,2026-09-03,gb,United Kingdom,Data Analyst,True,Not specified
gb-5861428762,2026-09-03,gb,United Kingdom,Data Analyst,True,Not specified
gb-5861733142,2026-09-03,gb,United Kingdom,Data Analyst,True,Not specified
gb-5861761607,2026-09-03,gb,United Kingdom,Data Analyst,True,Hybrid
gb-5861792243,2026-09-03,gb,United Kingdom,Data Analyst,True,Remote
gb-5862276870,2026-09-03,gb,United Kingdom,Data Analyst,True,Not specified
gb-5862284826,2026-09-03,gb,United Kingdom,Data Analyst,True,Not specified
gb-5862648963,2026-09-03,gb,United Kingdom,Data Analyst,True,Not specified
gb-5862648973,2026-09-03,gb,United Kingdom,Data Analyst,True,Not specified
gb-5862649000,2026-09-03,gb,United Kingdom,Data Analyst,True,Not specified
gb-5862649040,2026-09-03,gb,United Kingdom,Data Analyst,True,Not specified
gb-5862649060,2026-09-03,gb,United Kingdom,Data Analyst,True,Not specified
gb-5862649110,2026-09-03,gb,United Kingdom,Data Analyst,True,Not specified
gb-5862688235,2026-09-03,gb,United Kingdom,Data Analyst,True,Remote
gb-5862862939,2026-09-03,gb,United Kingdom,Business Analyst,True,Hybrid
gb-5862926796,2026-09-03,gb,United Kingdom,Business Analyst,True,Not specified
gb-5862926811,2026-09-03,gb,United Kingdom,Business Analyst,True,Remote
gb-5862926825,2026-09-03,gb,United Kingdom,Business Analyst,True,Hybrid
gb-5862953961,2026-09-03,gb,United Kingdom,Business Analyst,True,Not specified
gb-5862984657,2026-09-03,gb,United Kingdom,Business Analyst,True,On-site
gb-5862989176,2026-09-03,gb,United Kingdom,Data Analyst,True,Not specified
gb-5863109993,2026-09-03,gb,United Kingdom,Data Analyst,True,Not specified
gb-5863110332,2026-09-03,gb,United Kingdom,Business Analyst,True,Not specified
gb-5863132806,2026-09-03,gb,United Kingdom,Data Analyst,True,Not specified
gb-5863133445,2026-09-03,gb,United Kingdom,Business Analyst,True,Not specified
gb-5863586463,2026-09-03,gb,United Kingdom,Business Analyst,True,Not specified
gb-5864040627,2026-09-03,gb,United Kingdom,Data Analyst,True,Not specified
gb-5864089586,2026-09-03,gb,United Kingdom,Business Analyst,True,Hybrid
gb-5864147980,2026-09-03,gb,United Kingdom,Business Analyst,True,Not specified
gb-5864147983,2026-09-03,gb,United Kingdom,Business Analyst,True,Not specified
gb-5864147992,2026-09-03,gb,United Kingdom,Data Analyst,True,Not specified
gb-5864148019,2026-09-03,gb,United Kingdom,Business Analyst,True,Not specified
gb-5864407928,2026-09-03,gb,United Kingdom,Business Analyst,True,Not specified
gb-5864528576,2026-09-03,gb,United Kingdom,Business Analyst,True,Not specified
gb-5864528580,2026-09-03,gb,United Kingdom,Business Analyst,True,Not specified
gb-5864528638,2026-09-03,gb,United Kingdom,Data Analyst,True,Not specified
gb-5864528709,2026-09-03,gb,United Kingdom,Data Analyst,True,Remote
gb-5864547140,2026-09-03,gb,United Kingdom,Business Analyst,True,Not specified
gb-5864548426,2026-09-03,gb,United Kingdom,Data Analyst,True,Remote
gb-5864590561,2026-09-03,gb,United Kingdom,Data Analyst,True,Not specified
gb-5864598438,2026-09-03,gb,United Kingdom,Business Analyst,True,Not specified
gb-5864598448,2026-09-03,gb,United Kingdom,Business Analyst,True,Not specified
gb-5864598450,2026-09-03,gb,United Kingdom,Business Analyst,True,Not specified
gb-5864598451,2026-09-03,gb,United Kingdom,Business Analyst,True,Not specified
gb-5864625335,2026-09-03,gb,United Kingdom,Business Analyst,True,On-site
gb-5864640386,2026-09-03,gb,United Kingdom,Business Analyst,True,Remote
gb-5864652966,2026-09-03,gb,United Kingdom,Business Analyst,True,Not specified
gb-5864670761,2026-09-03,gb,United Kingdom,Data Analyst,True,Not specified
gb-5864671247,2026-09-03,gb,United Kingdom,Data Analyst,True,Not specified
gb-5864671256,2026-09-03,gb,United Kingdom,Business Analyst,True,Not specified
gb-5864677608,2026-09-03,gb,United Kingdom,Data Analyst,True,Not specified
gb-5864677653,2026-09-03,gb,United Kingdom,Business Analyst,True,Hybrid
gb-5864728782,2026-09-03,gb,United Kingdom,Data Analyst,True,On-site
gb-5864729349,2026-09-03,gb,United Kingdom,Business Analyst,True,Not specified
gb-5864792047,2026-09-03,gb,United Kingdom,Data Analyst,True,Not specified
gb-5864854595,2026-09-03,gb,United Kingdom,Business Analyst,True,Not specified
gb-5864882328,2026-09-03,gb,United Kingdom,Data Analyst,True,Not specified
gb-5864941327,2026-09-03,gb,United Kingdom,Business Analyst,True,Hybrid
gb-5864943949,2026-09-03,gb,United Kingdom,Business Analyst,True,Remote
gb-5864945934,2026-09-03,gb,United Kingdom,Business Analyst,True,Hybrid
gb-5864981083,2026-09-03,gb,United Kingdom,Data Analyst,True,On-site
gb-5865014896,2026-09-03,gb,United Kingdom,Business Analyst,True,Not specified
gb-5865016182,2026-09-03,gb,United Kingdom,Business Analyst,True,Hybrid
gb-5865140691,2026-09-03,gb,United Kingdom,Business Analyst,True,Not specified
gb-5865142336,2026-09-03,gb,United Kingdom,Business Analyst,True,Hybrid
gb-5865162104,2026-09-03,gb,United Kingdom,Business Analyst,True,Not specified
gb-5865162761,2026-09-03,gb,United Kingdom,Data Analyst,True,Not specified
gb-5865162934,2026-09-03,gb,United Kingdom,Business Analyst,True,On-site
gb-5865169278,2026-09-03,gb,United Kingdom,Business Analyst,True,Not specified
gb-5865186977,2026-09-03,gb,United Kingdom,Business Analyst,True,Not specified
gb-5865190428,2026-09-03,gb,United Kingdom,Data Analyst,True,Not specified
gb-5865190429,2026-09-03,gb,United Kingdom,Data Analyst,True,Not specified
gb-5865190430,2026-09-03,gb,United Kingdom,Business Analyst,True,Not specified
gb-5865190431,2026-09-03,gb,United Kingdom,Data Analyst,True,Not specified
gb-5865190432,2026-09-03,gb,United Kingdom,Business Analyst,True,Not specified
gb-5865190433,2026-09-03,gb,United Kingdom,Data Analyst,True,Not specified
gb-5865190435,2026-09-03,gb,United Kingdom,Business Analyst,True,Not specified
gb-5865190456,2026-09-03,gb,United Kingdom,Data Analyst,True,Not specified
gb-5865190459,2026-09-03,gb,United Kingdom,Data Analyst,True,Not specified
gb-5865190460,2026-09-03,gb,United Kingdom,Data Analyst,True,Not specified
gb-5865190461,2026-09-03,gb,United Kingdom,Data Analyst,True,Not specified
gb-5865192881,2026-09-03,gb,United Kingdom,Business Analyst,True,Hybrid
gb-5865192938,2026-09-03,gb,United Kingdom,Business Analyst,True,Not specified
gb-5865193017,2026-09-03,gb,United Kingdom,Business Analyst,True,Not specified
gb-5865193043,2026-09-03,gb,United Kingdom,Business Analyst,True,Not specified
gb-5865193102,2026-09-03,gb,United Kingdom,Business Analyst,True,Hybrid
gb-5865197791,2026-09-03,gb,United Kingdom,Data Analyst,True,Not specified
gb-5865198826,2026-09-03,gb,United Kingdom,Business Analyst,True,Not specified
gb-5865208121,2026-09-03,gb,United Kingdom,Business Analyst,True,Not specified
gb-5865208131,2026-09-03,gb,United Kingdom,Business Analyst,True,Not specified
gb-5865264902,2026-09-03,gb,United Kingdom,Business Analyst,True,Not specified
gb-5865265463,2026-09-03,gb,United Kingdom,Data Analyst,True,Remote
gb-5865265469,2026-09-03,gb,United Kingdom,Data Analyst,True,Not specified
gb-5865265477,2026-09-03,gb,United Kingdom,Data Analyst,True,Remote
gb-5865265481,2026-09-03,gb,United Kingdom,Business Analyst,True,Hybrid
gb-5865265486,2026-09-03,gb,United Kingdom,Business Analyst,True,Not specified
gb-5865267720,2026-09-03,gb,United Kingdom,Data Analyst,True,Not specified
gb-5865267722,2026-09-03,gb,United Kingdom,Data Analyst,True,Not specified
gb-5865267724,2026-09-03,gb,United Kingdom,Data Analyst,True,Not specified
gb-5865267728,2026-09-03,gb,United Kingdom,Business Analyst,True,Not specified
gb-5865269133,2026-09-03,gb,United Kingdom,Data Analyst,True,Remote
gb-5865269134,2026-09-03,gb,United Kingdom,Business Analyst,True,Hybrid
gb-5865269451,2026-09-03,gb,United Kingdom,Business Analyst,True,Hybrid
gb-5865273205,2026-09-03,gb,United Kingdom,Data Analyst,True,Not specified
gb-5865274087,2026-09-03,gb,United Kingdom,Business Analyst,True,Not specified
gb-5865301474,2026-09-03,gb,United Kingdom,Data Analyst,True,Hybrid
gb-5865301759,2026-09-03,gb,United Kingdom,Data Analyst,True,Not specified
gb-5865311442,2026-09-03,gb,United Kingdom,Business Analyst,True,Hybrid
gb-5866082351,2026-09-03,gb,United Kingdom,Business Analyst,True,Not specified
gb-5866113155,2026-09-03,gb,United Kingdom,Business Analyst,True,Remote
gb-5866113158,2026-09-03,gb,United Kingdom,Business Analyst,True,Remote
gb-5866419176,2026-09-03,gb,United Kingdom,Data Analyst,True,Not specified
gb-5866519311,2026-09-03,gb,United Kingdom,Business Analyst,True,Not specified
gb-5866519319,2026-09-03,gb,United Kingdom,Business Analyst,True,Not specified
gb-5866521433,2026-09-03,gb,United Kingdom,Business Analyst,True,Remote
gb-5866532943,2026-09-03,gb,United Kingdom,Data Analyst,True,Remote
gb-5866532944,2026-09-03,gb,United Kingdom,Data Analyst,True,Remote
gb-5866532946,2026-09-03,gb,United Kingdom,Data Analyst,True,Remote
gb-5866532951,2026-09-03,gb,United Kingdom,Data Analyst,True,Remote
gb-5866718600,2026-09-03,gb,United Kingdom,BI Analyst,True,On-site
gb-5866922608,2026-09-03,gb,United Kingdom,Business Analyst,True,On-site
gb-5867043005,2026-09-03,gb,United Kingdom,Business Analyst,True,Hybrid
gb-5867043036,2026-09-03,gb,United Kingdom,Data Analyst,True,Not specified
gb-5867043282,2026-09-03,gb,United Kingdom,Business Analyst,True,Not specified
gb-5867043284,2026-09-03,gb,United Kingdom,Business Analyst,True,Not specified
gb-5867043285,2026-09-03,gb,United Kingdom,Business Analyst,True,Not specified
gb-5867043289,2026-09-03,gb,United Kingdom,Business Analyst,True,Not specified
gb-5867043292,2026-09-03,gb,United Kingdom,Business Analyst,True,Not specified
gb-5867043294,2026-09-03,gb,United Kingdom,Business Analyst,True,Not specified
gb-5867043295,2026-09-03,gb,United Kingdom,Business Analyst,True,Not specified
gb-5867043298,2026-09-03,gb,United Kingdom,Business Analyst,True,Not specified
gb-5867043302,2026-09-03,gb,United Kingdom,Business Analyst,True,Not specified
gb-5867043306,2026-09-03,gb,United Kingdom,Business Analyst,True,Not specified
gb-5867043320,2026-09-03,gb,United Kingdom,Business Analyst,True,Not specified
gb-5867043322,2026-09-03,gb,United Kingdom,Business Analyst,True,Not specified
gb-5867043330,2026-09-03,gb,United Kingdom,Business Analyst,True,Not specified
gb-5867043333,2026-09-03,gb,United Kingdom,Business Analyst,True,Not specified
gb-5867043335,2026-09-03,gb,United Kingdom,Business Analyst,True,Not specified
gb-5867043339,2026-09-03,gb,United Kingdom,Business Analyst,True,Not specified
gb-5867043340,2026-09-03,gb,United Kingdom,Business Analyst,True,Not specified
gb-5867043341,2026-09-03,gb,United Kingdom,Business Analyst,True,Not specified
gb-5867043342,2026-09-03,gb,United Kingdom,Business Analyst,True,Not specified
gb-5867043343,2026-09-03,gb,United Kingdom,Business Analyst,True,Not specified
gb-5867043346,2026-09-03,gb,United Kingdom,Business Analyst,True,Not specified
gb-5867043348,2026-09-03,gb,United Kingdom,Business Analyst,True,Not specified
gb-5867043349,2026-09-03,gb,United Kingdom,Business Analyst,True,Not specified
gb-5867043351,2026-09-03,gb,United Kingdom,Business Analyst,True,Not specified
gb-5867043352,2026-09-03,gb,United Kingdom,Business Analyst,True,Not specified
gb-5867043353,2026-09-03,gb,United Kingdom,Business Analyst,True,Not specified
gb-5867043354,2026-09-03,gb,United Kingdom,Business Analyst,True,Not specified
gb-5867043355,2026-09-03,gb,United Kingdom,Business Analyst,True,Not specified
gb-5867043356,2026-09-03,gb,United Kingdom,Business Analyst,True,Not specified
gb-5867043357,2026-09-03,gb,United Kingdom,Business Analyst,True,Not specified
gb-5867043358,2026-09-03,gb,United Kingdom,Business Analyst,True,Not specified
gb-5867043359,2026-09-03,gb,United Kingdom,Business Analyst,True,Not specified
gb-5867043360,2026-09-03,gb,United Kingdom,Business Analyst,True,Not specified
gb-5867043361,2026-09-03,gb,United Kingdom,Business Analyst,True,Not specified
gb-5867043362,2026-09-03,gb,United Kingdom,Business Analyst,True,Not specified
gb-5867043363,2026-09-03,gb,United Kingdom,Business Analyst,True,Not specified
gb-5867043364,2026-09-03,gb,United Kingdom,Business Analyst,True,Not specified
gb-5867043365,2026-09-03,gb,United Kingdom,Business Analyst,True,Not specified
gb-5867043366,2026-09-03,gb,United Kingdom,Business Analyst,True,Not specified
gb-5867043367,2026-09-03,gb,United Kingdom,Business Analyst,True,Not specified
gb-5867043368,2026-09-03,gb,United Kingdom,Business Analyst,True,Not specified
gb-5867043369,2026-09-03,gb,United Kingdom,Business Analyst,True,Not specified
gb-5867043370,2026-09-03,gb,United Kingdom,Business Analyst,True,Not specified
gb-5867043371,2026-09-03,gb,United Kingdom,Business Analyst,True,Not specified
gb-5867043372,2026-09-03,gb,United Kingdom,Business Analyst,True,Not specified
gb-5867043373,2026-09-03,gb,United Kingdom,Business Analyst,True,Not specified
gb-5867043374,2026-09-03,gb,United Kingdom,Business Analyst,True,Not specified
gb-5867043375,2026-09-03,gb,United Kingdom,Business Analyst,True,Not specified
gb-5867043376,2026-09-03,gb,United Kingdom,Business Analyst,True,Not specified
gb-5867043377,2026-09-03,gb,United Kingdom,Business Analyst,True,Not specified
gb-5867043379,2026-09-03,gb,United Kingdom,Business Analyst,True,Not specified
gb-5867043380,2026-09-03,gb,United Kingdom,Business Analyst,True,Not specified
gb-5867043381,2026-09-03,gb,United Kingdom,Business Analyst,True,Not specified
gb-5867043383,2026-09-03,gb,United Kingdom,Business Analyst,True,Not specified
gb-5867043384,2026-09-03,gb,United Kingdom,Business Analyst,True,Not specified
gb-5867043386,2026-09-03,gb,United Kingdom,Business Analyst,True,Not specified
gb-5867043388,2026-09-03,gb,United Kingdom,Business Analyst,True,Not specified
gb-5867043391,2026-09-03,gb,United Kingdom,Business Analyst,True,Not specified
gb-5867043393,2026-09-03,gb,United Kingdom,Business Analyst,True,Not specified
gb-5867043394,2026-09-03,gb,United Kingdom,Business Analyst,True,Not specified
gb-5867043395,2026-09-03,gb,United Kingdom,Business Analyst,True,Not specified
gb-5867043397,2026-09-03,gb,United Kingdom,Business Analyst,True,Not specified
gb-5867043398,2026-09-03,gb,United Kingdom,Business Analyst,True,Not specified
gb-5867043399,2026-09-03,gb,United Kingdom,Business Analyst,True,Not specified
gb-5867043400,2026-09-03,gb,United Kingdom,Business Analyst,True,Not specified
gb-5867043401,2026-09-03,gb,United Kingdom,Business Analyst,True,Not specified
gb-5867043402,2026-09-03,gb,United Kingdom,Business Analyst,True,Not specified
gb-5867043403,2026-09-03,gb,United Kingdom,Business Analyst,True,Not specified
gb-5867043404,2026-09-03,gb,United Kingdom,Business Analyst,True,Not specified
gb-5867043405,2026-09-03,gb,United Kingdom,Business Analyst,True,Not specified
gb-5867043406,2026-09-03,gb,United Kingdom,Business Analyst,True,Not specified
gb-5867043407,2026-09-03,gb,United Kingdom,Business Analyst,True,Not specified
gb-5867043408,2026-09-03,gb,United Kingdom,Business Analyst,True,Not specified
gb-5867043409,2026-09-03,gb,United Kingdom,Business Analyst,True,Not specified
gb-5867043410,2026-09-03,gb,United Kingdom,Business Analyst,True,Not specified
gb-5867043411,2026-09-03,gb,United Kingdom,Business Analyst,True,Not specified
gb-5867043412,2026-09-03,gb,United Kingdom,Business Analyst,True,Not specified
gb-5867043413,2026-09-03,gb,United Kingdom,Business Analyst,True,Not specified
gb-5867043414,2026-09-03,gb,United Kingdom,Business Analyst,True,Not specified
gb-5867043415,2026-09-03,gb,United Kingdom,Business Analyst,True,Not specified
gb-5867043416,2026-09-03,gb,United Kingdom,Business Analyst,True,Not specified
gb-5867043417,2026-09-03,gb,United Kingdom,Business Analyst,True,Not specified
gb-5867043418,2026-09-03,gb,United Kingdom,Business Analyst,True,Not specified
gb-5867043419,2026-09-03,gb,United Kingdom,Business Analyst,True,Not specified
gb-5867043420,2026-09-03,gb,United Kingdom,Business Analyst,True,Not specified
gb-5867043422,2026-09-03,gb,United Kingdom,Business Analyst,True,Not specified
gb-5867043424,2026-09-03,gb,United Kingdom,Business Analyst,True,Not specified
gb-5867043426,2026-09-03,gb,United Kingdom,Business Analyst,True,Not specified
gb-5867043427,2026-09-03,gb,United Kingdom,Business Analyst,True,Not specified
gb-5867043428,2026-09-03,gb,United Kingdom,Business Analyst,True,Not specified
gb-5867043431,2026-09-03,gb,United Kingdom,Business Analyst,True,Not specified
gb-5867043433,2026-09-03,gb,United Kingdom,Business Analyst,True,Not specified
gb-5867043435,2026-09-03,gb,United Kingdom,Business Analyst,True,Not specified
gb-5867043436,2026-09-03,gb,United Kingdom,Business Analyst,True,Not specified
gb-5867043437,2026-09-03,gb,United Kingdom,Business Analyst,True,Not specified
gb-5867043440,2026-09-03,gb,United Kingdom,Business Analyst,True,Not specified
gb-5867043441,2026-09-03,gb,United Kingdom,Business Analyst,True,Not specified
gb-5867043442,2026-09-03,gb,United Kingdom,Business Analyst,True,Not specified
gb-5867043443,2026-09-03,gb,United Kingdom,Business Analyst,True,Not specified
gb-5867043444,2026-09-03,gb,United Kingdom,Business Analyst,True,Not specified
gb-5867043445,2026-09-03,gb,United Kingdom,Business Analyst,True,Not specified
gb-5867043446,2026-09-03,gb,United Kingdom,Business Analyst,True,Not specified
gb-5867043448,2026-09-03,gb,United Kingdom,Business Analyst,True,Not specified
gb-5867043449,2026-09-03,gb,United Kingdom,Business Analyst,True,Not specified
gb-5867043450,2026-09-03,gb,United Kingdom,Business Analyst,True,Not specified
gb-5867043452,2026-09-03,gb,United Kingdom,Business Analyst,True,Not specified
gb-5867043462,2026-09-03,gb,United Kingdom,Business Analyst,True,Not specified
gb-5867043466,2026-09-03,gb,United Kingdom,Business Analyst,True,Not specified
gb-5867061975,2026-09-03,gb,United Kingdom,Data Analyst,True,Hybrid
gb-5867110693,2026-09-03,gb,United Kingdom,Business Analyst,True,Hybrid
gb-5867151553,2026-09-03,gb,United Kingdom,Data Analyst,True,Hybrid
gb-5867171432,2026-09-03,gb,United Kingdom,Data Analyst,True,Not specified
gb-5867181562,2026-09-03,gb,United Kingdom,Business Analyst,True,Not specified
gb-5867187726,2026-09-03,gb,United Kingdom,Data Analyst,True,Hybrid
gb-5867187859,2026-09-03,gb,United Kingdom,Data Analyst,True,Hybrid
gb-5867188589,2026-09-03,gb,United Kingdom,Data Analyst,True,Not specified
gb-5867228167,2026-09-03,gb,United Kingdom,Business Analyst,True,Hybrid
gb-5867228952,2026-09-03,gb,United Kingdom,Business Analyst,True,Not specified
gb-5867231109,2026-09-03,gb,United Kingdom,Business Analyst,True,Not specified
gb-5867232233,2026-09-03,gb,United Kingdom,Business Analyst,True,Not specified
gb-5867235621,2026-09-03,gb,United Kingdom,Data Analyst,True,Not specified
gb-5867236624,2026-09-03,gb,United Kingdom,Data Analyst,True,Hybrid
gb-5867237111,2026-09-03,gb,United Kingdom,Data Analyst,True,Not specified
gb-5867237314,2026-09-03,gb,United Kingdom,Data Analyst,True,Not specified
gb-5867237759,2026-09-03,gb,United Kingdom,Business Analyst,True,Not specified
gb-5867243934,2026-09-03,gb,United Kingdom,Business Analyst,True,Not specified
gb-5867244023,2026-09-03,gb,United Kingdom,Business Analyst,True,Not specified
gb-5867249007,2026-09-03,gb,United Kingdom,BI Analyst,True,Not specified
gb-5867249869,2026-09-03,gb,United Kingdom,Data Analyst,True,Not specified
gb-5867251190,2026-09-03,gb,United Kingdom,Data Analyst,True,Not specified
gb-5867251978,2026-09-03,gb,United Kingdom,Data Analyst,True,Not specified
gb-5867252306,2026-09-03,gb,United Kingdom,Business Analyst,True,Not specified
gb-5867254321,2026-09-03,gb,United Kingdom,Data Analyst,True,Not specified
gb-5867274265,2026-09-03,gb,United Kingdom,Business Analyst,True,Not specified
gb-5867274435,2026-09-03,gb,United Kingdom,Business Analyst,True,Remote
gb-5867279261,2026-09-03,gb,United Kingdom,Business Analyst,True,Remote
gb-5867279771,2026-09-03,gb,United Kingdom,Business Analyst,True,Remote
gb-5867282858,2026-09-03,gb,United Kingdom,Data Analyst,True,Not specified
gb-5867305091,2026-09-03,gb,United Kingdom,Business Analyst,True,Not specified
gb-5867306037,2026-09-03,gb,United Kingdom,Data Analyst,True,Hybrid
gb-5867316849,2026-09-03,gb,United Kingdom,Data Analyst,True,Hybrid
gb-5867333398,2026-09-03,gb,United Kingdom,Business Analyst,True,Not specified
gb-5867338630,2026-09-03,gb,United Kingdom,Data Analyst,True,Not specified
gb-5867414466,2026-09-03,gb,United Kingdom,Data Analyst,True,Not specified
gb-5867507447,2026-09-03,gb,United Kingdom,Data Analyst,True,Not specified
gb-5867515337,2026-09-03,gb,United Kingdom,BI Analyst,True,On-site
gb-5867530033,2026-09-03,gb,United Kingdom,Data Analyst,True,Hybrid
gb-5867562617,2026-09-03,gb,United Kingdom,Business Analyst,True,Not specified
gb-5867626094,2026-09-03,gb,United Kingdom,Business Analyst,True,Not specified
gb-5867641417,2026-09-03,gb,United Kingdom,Business Analyst,True,Hybrid
gb-5867643019,2026-09-03,gb,United Kingdom,Data Analyst,True,Hybrid
gb-5867643027,2026-09-03,gb,United Kingdom,Data Analyst,True,Not specified
gb-5867645588,2026-09-03,gb,United Kingdom,Business Analyst,True,Not specified
gb-5867645591,2026-09-03,gb,United Kingdom,Business Analyst,True,Not specified
gb-5867645592,2026-09-03,gb,United Kingdom,Business Analyst,True,On-site
gb-5867645763,2026-09-03,gb,United Kingdom,Business Analyst,True,Not specified
gb-5867645767,2026-09-03,gb,United Kingdom,Business Analyst,True,Hybrid
gb-5867645768,2026-09-03,gb,United Kingdom,BI Analyst,True,On-site
gb-5867645772,2026-09-03,gb,United Kingdom,Data Analyst,True,Hybrid
gb-5867645773,2026-09-03,gb,United Kingdom,Business Analyst,True,Hybrid
gb-5867702176,2026-09-03,gb,United Kingdom,Business Analyst,True,Hybrid
gb-5867702477,2026-09-03,gb,United Kingdom,Data Analyst,True,On-site
gb-5867726461,2026-09-03,gb,United Kingdom,BI Analyst,True,Not specified
gb-5867727563,2026-09-03,gb,United Kingdom,Business Analyst,True,Not specified
gb-5867727691,2026-09-03,gb,United Kingdom,BI Analyst,True,On-site
gb-5867730506,2026-09-03,gb,United Kingdom,Data Analyst,True,Hybrid
gb-5867756173,2026-09-03,gb,United Kingdom,Business Analyst,True,Not specified
gb-5867756760,2026-09-03,gb,United Kingdom,Data Analyst,True,Hybrid
gb-5867757879,2026-09-03,gb,United Kingdom,Business Analyst,True,Hybrid
gb-5868077100,2026-09-03,gb,United Kingdom,Business Analyst,True,Not specified
gb-5868099172,2026-09-03,gb,United Kingdom,Business Analyst,True,Hybrid
gb-5868109801,2026-09-03,gb,United Kingdom,Data Analyst,True,Remote
gb-5868151937,2026-09-03,gb,United Kingdom,Business Analyst,True,Not specified
gb-5868152267,2026-09-03,gb,United Kingdom,Business Analyst,True,On-site
gb-5868292468,2026-09-03,gb,United Kingdom,Data Analyst,True,Hybrid
gb-5868301226,2026-09-03,gb,United Kingdom,Business Analyst,True,Remote
gb-5868301591,2026-09-03,gb,United Kingdom,Business Analyst,True,Hybrid
gb-5868417643,2026-09-03,gb,United Kingdom,Business Analyst,True,Not specified
gb-5868457216,2026-09-03,gb,United Kingdom,Data Analyst,True,Remote
gb-5868457217,2026-09-03,gb,United Kingdom,Business Analyst,True,Hybrid
gb-5868457872,2026-09-03,gb,United Kingdom,Data Analyst,True,Remote
gb-5868457874,2026-09-03,gb,United Kingdom,Data Analyst,True,Remote
gb-5868457878,2026-09-03,gb,United Kingdom,Data Analyst,True,Remote
gb-5868457898,2026-09-03,gb,United Kingdom,Data Analyst,True,Remote
gb-5868542800,2026-09-03,gb,United Kingdom,Business Analyst,True,Hybrid
gb-5868542852,2026-09-03,gb,United Kingdom,Data Analyst,True,Not specified
gb-5868639785,2026-09-03,gb,United Kingdom,Data Analyst,True,Not specified
gb-5868766886,2026-09-03,gb,United Kingdom,Business Analyst,True,Not specified
gb-5868766897,2026-09-03,gb,United Kingdom,Business Analyst,True,Not specified
gb-5868767027,2026-09-03,gb,United Kingdom,Business Analyst,True,Not specified
gb-5868767089,2026-09-03,gb,United Kingdom,Business Analyst,True,Not specified
gb-5868767157,2026-09-03,gb,United Kingdom,Business Analyst,True,Not specified
gb-5868767169,2026-09-03,gb,United Kingdom,Business Analyst,True,Not specified
gb-5868767174,2026-09-03,gb,United Kingdom,Data Analyst,True,Not specified
gb-5868767487,2026-09-03,gb,United Kingdom,Business Analyst,True,Not specified
gb-5868767510,2026-09-03,gb,United Kingdom,BI Analyst,True,Not specified
gb-5868767517,2026-09-03,gb,United Kingdom,BI Analyst,True,Not specified
gb-5868767519,2026-09-03,gb,United Kingdom,Business Analyst,True,Not specified
gb-5868767560,2026-09-03,gb,United Kingdom,Business Analyst,True,Not specified
gb-5868767582,2026-09-03,gb,United Kingdom,Business Analyst,True,Not specified
gb-5868767667,2026-09-03,gb,United Kingdom,Data Analyst,True,Not specified
gb-5868767755,2026-09-03,gb,United Kingdom,Business Analyst,True,Not specified
gb-5868767958,2026-09-03,gb,United Kingdom,Business Analyst,True,Not specified
gb-5868776956,2026-09-03,gb,United Kingdom,Business Analyst,True,Not specified
gb-5868779114,2026-09-03,gb,United Kingdom,Data Analyst,True,Not specified
gb-5868804489,2026-09-03,gb,United Kingdom,Business Analyst,True,Not specified
gb-5868804516,2026-09-03,gb,United Kingdom,Data Analyst,True,Not specified
gb-5868804602,2026-09-03,gb,United Kingdom,Data Analyst,True,Not specified
gb-5868804623,2026-09-03,gb,United Kingdom,Data Analyst,True,Not specified
gb-5868804734,2026-09-03,gb,United Kingdom,Data Analyst,True,Not specified
gb-5868804739,2026-09-03,gb,United Kingdom,Business Analyst,True,Not specified
gb-5868804753,2026-09-03,gb,United Kingdom,Business Analyst,True,Not specified
gb-5868804757,2026-09-03,gb,United Kingdom,Data Analyst,True,Not specified
gb-5868804964,2026-09-03,gb,United Kingdom,Business Analyst,True,Not specified
gb-5868804972,2026-09-03,gb,United Kingdom,Data Analyst,True,Not specified
gb-5868804984,2026-09-03,gb,United Kingdom,Business Analyst,True,Hybrid
gb-5868805062,2026-09-03,gb,United Kingdom,Business Analyst,True,Not specified
gb-5868805111,2026-09-03,gb,United Kingdom,Data Analyst,True,Not specified
gb-5868805425,2026-09-03,gb,United Kingdom,Data Analyst,True,Not specified
gb-5868805430,2026-09-03,gb,United Kingdom,Business Analyst,True,Not specified
gb-5868805681,2026-09-03,gb,United Kingdom,Data Analyst,True,Not specified
gb-5868805768,2026-09-03,gb,United Kingdom,Business Analyst,True,Not specified
gb-5868805774,2026-09-03,gb,United Kingdom,Business Analyst,True,Not specified
gb-5868805871,2026-09-03,gb,United Kingdom,Business Analyst,True,Not specified
gb-5868805873,2026-09-03,gb,United Kingdom,Data Analyst,True,Not specified
gb-5868805902,2026-09-03,gb,United Kingdom,Data Analyst,True,Not specified
gb-5868805944,2026-09-03,gb,United Kingdom,BI Analyst,True,Not specified
gb-5868805982,2026-09-03,gb,United Kingdom,BI Analyst,True,Not specified
gb-5868813184,2026-09-03,gb,United Kingdom,Business Analyst,True,Not specified
gb-5868813596,2026-09-03,gb,United Kingdom,Business Analyst,True,Not specified
