job_key,country_code,job_id,role_family,search_term,query_page,query_result_position,estimated_job_count,collected_at_utc,snapshot_date
ch-4907507246,ch,4907507246,Business Analyst,business analyst,4,193,193,2026-09-03T11:48:58.970502+00:00,2026-09-03
ch-5049642724,ch,5049642724,Business Analyst,business analyst,4,192,193,2026-09-03T11:48:58.970502+00:00,2026-09-03
ch-5102286206,ch,5102286206,Business Analyst,business analyst,4,191,193,2026-09-03T11:48:58.970502+00:00,2026-09-03
ch-5253192882,ch,5253192882,Business Analyst,business analyst,4,190,193,2026-09-03T11:48:58.970502+00:00,2026-09-03
ch-5415997589,ch,5415997589,Business Analyst,business analyst,4,189,193,2026-09-03T11:48:58.970502+00:00,2026-09-03
ch-5501296599,ch,5501296599,Business Analyst,business analyst,4,187,193,2026-09-03T11:48:58.970502+00:00,2026-09-03
ch-5501296602,ch,5501296602,Business Analyst,business analyst,4,188,193,2026-09-03T11:48:58.970502+00:00,2026-09-03
ch-5544982395,ch,5544982395,Business Analyst,business analyst,4,186,193,2026-09-03T11:48:58.970502+00:00,2026-09-03
ch-5582074518,ch,5582074518,Business Analyst,business analyst,4,185,193,2026-09-03T11:48:58.970502+00:00,2026-09-03
ch-5624904803,ch,5624904803,Business Analyst,business analyst,4,184,193,2026-09-03T11:48:58.970502+00:00,2026-09-03
ch-5662130334,ch,5662130334,Business Analyst,business analyst,4,183,193,2026-09-03T11:48:58.970502+00:00,2026-09-03
ch-5706900763,ch,5706900763,Business Analyst,business analyst,4,182,193,2026-09-03T11:48:58.970502+00:00,2026-09-03
ch-5723540051,ch,5723540051,Business Analyst,business analyst,4,181,193,2026-09-03T11:48:58.970502+00:00,2026-09-03
ch-5723540105,ch,5723540105,Business Analyst,business analyst,4,180,193,2026-09-03T11:48:58.970502+00:00,2026-09-03
ch-5727378938,ch,5727378938,Business Analyst,business analyst,4,179,193,2026-09-03T11:48:58.970502+00:00,2026-09-03
ch-5727381173,ch,5727381173,Business Analyst,business analyst,4,178,193,2026-09-03T11:48:58.970502+00:00,2026-09-03
ch-5728539859,ch,5728539859,Business Analyst,business analyst,4,177,193,2026-09-03T11:48:58.970502+00:00,2026-09-03
ch-5736527696,ch,5736527696,Business Analyst,business analyst,4,176,193,2026-09-03T11:48:58.970502+00:00,2026-09-03
ch-5737723571,ch,5737723571,Business Analyst,business analyst,4,175,193,2026-09-03T11:48:58.970502+00:00,2026-09-03
ch-5751722820,ch,5751722820,Business Analyst,business analyst,4,174,193,2026-09-03T11:48:58.970502+00:00,2026-09-03
ch-5752476574,ch,5752476574,Business Analyst,business analyst,4,173,193,2026-09-03T11:48:58.970502+00:00,2026-09-03
ch-5754205825,ch,5754205825,Business Analyst,business analyst,4,172,193,2026-09-03T11:48:58.970502+00:00,2026-09-03
ch-5763015516,ch,5763015516,Business Analyst,business analyst,4,171,193,2026-09-03T11:48:58.970502+00:00,2026-09-03
ch-5772045252,ch,5772045252,Business Analyst,business analyst,4,170,193,2026-09-03T11:48:58.970502+00:00,2026-09-03
ch-5779533751,ch,5779533751,Business Analyst,business analyst,4,169,193,2026-09-03T11:48:58.970502+00:00,2026-09-03
ch-5781488841,ch,5781488841,Business Analyst,business analyst,4,168,193,2026-09-03T11:48:58.970502+00:00,2026-09-03
ch-5784532475,ch,5784532475,Business Analyst,business analyst,4,167,193,2026-09-03T11:48:58.970502+00:00,2026-09-03
ch-5791318020,ch,5791318020,Business Analyst,business analyst,4,166,193,2026-09-03T11:48:58.970502+00:00,2026-09-03
ch-5795995207,ch,5795995207,Business Analyst,business analyst,4,165,193,2026-09-03T11:48:58.970502+00:00,2026-09-03
ch-5795995207,ch,5795995207,Data Analyst,data analyst,1,34,34,2026-09-03T11:48:58.970502+00:00,2026-09-03
ch-5798343353,ch,5798343353,Business Analyst,business analyst,4,164,193,2026-09-03T11:48:58.970502+00:00,2026-09-03
ch-5799099810,ch,5799099810,Data Analyst,data analyst,1,33,34,2026-09-03T11:48:58.970502+00:00,2026-09-03
ch-5805053425,ch,5805053425,Business Analyst,business analyst,4,163,193,2026-09-03T11:48:58.970502+00:00,2026-09-03
ch-5805464955,ch,5805464955,Business Analyst,business analyst,4,162,193,2026-09-03T11:48:58.970502+00:00,2026-09-03
ch-5805464955,ch,5805464955,Data Analyst,data analyst,1,32,34,2026-09-03T11:48:58.970502+00:00,2026-09-03
ch-5810001868,ch,5810001868,Business Analyst,business analyst,4,161,193,2026-09-03T11:48:58.970502+00:00,2026-09-03
ch-5810001868,ch,5810001868,Data Analyst,data analyst,1,31,34,2026-09-03T11:48:58.970502+00:00,2026-09-03
ch-5811519370,ch,5811519370,Business Analyst,business analyst,4,160,193,2026-09-03T11:48:58.970502+00:00,2026-09-03
ch-5814610054,ch,5814610054,Business Analyst,business analyst,4,159,193,2026-09-03T11:48:58.970502+00:00,2026-09-03
ch-5814612360,ch,5814612360,Business Analyst,business analyst,4,158,193,2026-09-03T11:48:58.970502+00:00,2026-09-03
ch-5814700994,ch,5814700994,Business Analyst,business analyst,4,157,193,2026-09-03T11:48:58.970502+00:00,2026-09-03
ch-5814701018,ch,5814701018,Business Analyst,business analyst,4,156,193,2026-09-03T11:48:58.970502+00:00,2026-09-03
ch-5816882280,ch,5816882280,Business Analyst,business analyst,4,155,193,2026-09-03T11:48:58.970502+00:00,2026-09-03
ch-5816883068,ch,5816883068,BI Analyst,BI analyst,1,3,3,2026-09-03T11:48:58.970502+00:00,2026-09-03
ch-5816883068,ch,5816883068,Business Analyst,business analyst,4,154,193,2026-09-03T11:48:58.970502+00:00,2026-09-03
ch-5822720275,ch,5822720275,Business Analyst,business analyst,4,153,193,2026-09-03T11:48:58.970502+00:00,2026-09-03
ch-5822996836,ch,5822996836,Business Analyst,business analyst,4,152,193,2026-09-03T11:48:58.970502+00:00,2026-09-03
ch-5822997268,ch,5822997268,Business Analyst,business analyst,4,151,193,2026-09-03T11:48:58.970502+00:00,2026-09-03
ch-5826138284,ch,5826138284,Business Analyst,business analyst,3,150,193,2026-09-03T11:48:58.970502+00:00,2026-09-03
ch-5829693990,ch,5829693990,Business Analyst,business analyst,3,149,193,2026-09-03T11:48:58.970502+00:00,2026-09-03
ch-5830857008,ch,5830857008,Business Analyst,business analyst,3,148,193,2026-09-03T11:48:58.970502+00:00,2026-09-03
ch-5832285104,ch,5832285104,Data Analyst,data analyst,1,30,34,2026-09-03T11:48:58.970502+00:00,2026-09-03
ch-5832355656,ch,5832355656,Business Analyst,business analyst,3,147,193,2026-09-03T11:48:58.970502+00:00,2026-09-03
ch-5832355656,ch,5832355656,Data Analyst,data analyst,1,29,34,2026-09-03T11:48:58.970502+00:00,2026-09-03
ch-5832791687,ch,5832791687,Business Analyst,business analyst,3,146,193,2026-09-03T11:48:58.970502+00:00,2026-09-03
ch-5832791712,ch,5832791712,Business Analyst,business analyst,3,145,193,2026-09-03T11:48:58.970502+00:00,2026-09-03
ch-5834044745,ch,5834044745,Business Analyst,business analyst,3,144,193,2026-09-03T11:48:58.970502+00:00,2026-09-03
ch-5837128521,ch,5837128521,Business Analyst,business analyst,3,143,193,2026-09-03T11:48:58.970502+00:00,2026-09-03
ch-5840951023,ch,5840951023,Business Analyst,business analyst,3,142,193,2026-09-03T11:48:58.970502+00:00,2026-09-03
ch-5841638762,ch,5841638762,Business Analyst,business analyst,3,141,193,2026-09-03T11:48:58.970502+00:00,2026-09-03
ch-5841641655,ch,5841641655,Business Analyst,business analyst,3,140,193,2026-09-03T11:48:58.970502+00:00,2026-09-03
ch-5841647275,ch,5841647275,Business Analyst,business analyst,3,139,193,2026-09-03T11:48:58.970502+00:00,2026-09-03
ch-5841650009,ch,5841650009,Business Analyst,business analyst,3,137,193,2026-09-03T11:48:58.970502+00:00,2026-09-03
ch-5841650065,ch,5841650065,Business Analyst,business analyst,3,138,193,2026-09-03T11:48:58.970502+00:00,2026-09-03
ch-5841650730,ch,5841650730,Business Analyst,business analyst,3,136,193,2026-09-03T11:48:58.970502+00:00,2026-09-03
ch-5841650730,ch,5841650730,Data Analyst,data analyst,1,28,34,2026-09-03T11:48:58.970502+00:00,2026-09-03
ch-5841656718,ch,5841656718,Business Analyst,business analyst,3,135,193,2026-09-03T11:48:58.970502+00:00,2026-09-03
ch-5841660097,ch,5841660097,Business Analyst,business analyst,3,134,193,2026-09-03T11:48:58.970502+00:00,2026-09-03
ch-5841663916,ch,5841663916,Business Analyst,business analyst,3,132,193,2026-09-03T11:48:58.970502+00:00,2026-09-03
ch-5841664012,ch,5841664012,Business Analyst,business analyst,3,133,193,2026-09-03T11:48:58.970502+00:00,2026-09-03
ch-5841666061,ch,5841666061,Business Analyst,business analyst,3,131,193,2026-09-03T11:48:58.970502+00:00,2026-09-03
ch-5841674749,ch,5841674749,Business Analyst,business analyst,3,130,193,2026-09-03T11:48:58.970502+00:00,2026-09-03
ch-5841678642,ch,5841678642,Business Analyst,business analyst,3,129,193,2026-09-03T11:48:58.970502+00:00,2026-09-03
ch-5842832011,ch,5842832011,Business Analyst,business analyst,3,128,193,2026-09-03T11:48:58.970502+00:00,2026-09-03
ch-5843423869,ch,5843423869,Business Analyst,business analyst,3,127,193,2026-09-03T11:48:58.970502+00:00,2026-09-03
ch-5844501683,ch,5844501683,Business Analyst,business analyst,3,126,193,2026-09-03T11:48:58.970502+00:00,2026-09-03
ch-5844501799,ch,5844501799,Data Analyst,data analyst,1,27,34,2026-09-03T11:48:58.970502+00:00,2026-09-03
ch-5844661707,ch,5844661707,Data Analyst,data analyst,1,26,34,2026-09-03T11:48:58.970502+00:00,2026-09-03
ch-5844661743,ch,5844661743,Business Analyst,business analyst,3,125,193,2026-09-03T11:48:58.970502+00:00,2026-09-03
ch-5844661746,ch,5844661746,Business Analyst,business analyst,3,124,193,2026-09-03T11:48:58.970502+00:00,2026-09-03
ch-5845481413,ch,5845481413,Business Analyst,business analyst,3,123,193,2026-09-03T11:48:58.970502+00:00,2026-09-03
ch-5845481413,ch,5845481413,BI Analyst,business intelligence analyst,1,2,2,2026-09-03T11:48:58.970502+00:00,2026-09-03
ch-5845481413,ch,5845481413,Data Analyst,data analyst,1,25,34,2026-09-03T11:48:58.970502+00:00,2026-09-03
ch-5846521489,ch,5846521489,Business Analyst,business analyst,3,122,193,2026-09-03T11:48:58.970502+00:00,2026-09-03
ch-5846526241,ch,5846526241,Business Analyst,business analyst,3,121,193,2026-09-03T11:48:58.970502+00:00,2026-09-03
ch-5848038718,ch,5848038718,Business Analyst,business analyst,3,120,193,2026-09-03T11:48:58.970502+00:00,2026-09-03
ch-5848972179,ch,5848972179,Business Analyst,business analyst,3,119,193,2026-09-03T11:48:58.970502+00:00,2026-09-03
ch-5849618306,ch,5849618306,Business Analyst,business analyst,3,118,193,2026-09-03T11:48:58.970502+00:00,2026-09-03
ch-5849901980,ch,5849901980,Business Analyst,business analyst,3,117,193,2026-09-03T11:48:58.970502+00:00,2026-09-03
ch-5850172666,ch,5850172666,Data Analyst,data analyst,1,24,34,2026-09-03T11:48:58.970502+00:00,2026-09-03
ch-5850864273,ch,5850864273,Business Analyst,business analyst,3,116,193,2026-09-03T11:48:58.970502+00:00,2026-09-03
ch-5850949068,ch,5850949068,Business Analyst,business analyst,3,115,193,2026-09-03T11:48:58.970502+00:00,2026-09-03
ch-5850973285,ch,5850973285,Business Analyst,business analyst,3,114,193,2026-09-03T11:48:58.970502+00:00,2026-09-03
ch-5850973752,ch,5850973752,Business Analyst,business analyst,3,113,193,2026-09-03T11:48:58.970502+00:00,2026-09-03
ch-5850974045,ch,5850974045,Business Analyst,business analyst,3,112,193,2026-09-03T11:48:58.970502+00:00,2026-09-03
ch-5850975133,ch,5850975133,Data Analyst,data analyst,1,23,34,2026-09-03T11:48:58.970502+00:00,2026-09-03
ch-5850976449,ch,5850976449,Business Analyst,business analyst,3,111,193,2026-09-03T11:48:58.970502+00:00,2026-09-03
ch-5851422313,ch,5851422313,Business Analyst,business analyst,3,110,193,2026-09-03T11:48:58.970502+00:00,2026-09-03
ch-5851683322,ch,5851683322,Data Analyst,data analyst,1,22,34,2026-09-03T11:48:58.970502+00:00,2026-09-03
ch-5851872574,ch,5851872574,Business Analyst,business analyst,3,109,193,2026-09-03T11:48:58.970502+00:00,2026-09-03
ch-5852323293,ch,5852323293,Business Analyst,business analyst,3,108,193,2026-09-03T11:48:58.970502+00:00,2026-09-03
ch-5853039171,ch,5853039171,Business Analyst,business analyst,3,107,193,2026-09-03T11:48:58.970502+00:00,2026-09-03
ch-5853533474,ch,5853533474,Business Analyst,business analyst,3,106,193,2026-09-03T11:48:58.970502+00:00,2026-09-03
ch-5853593040,ch,5853593040,Business Analyst,business analyst,3,105,193,2026-09-03T11:48:58.970502+00:00,2026-09-03
ch-5853882183,ch,5853882183,Data Analyst,data analyst,1,21,34,2026-09-03T11:48:58.970502+00:00,2026-09-03
ch-5853882264,ch,5853882264,Business Analyst,business analyst,3,103,193,2026-09-03T11:48:58.970502+00:00,2026-09-03
ch-5853882351,ch,5853882351,Business Analyst,business analyst,3,104,193,2026-09-03T11:48:58.970502+00:00,2026-09-03
ch-5853882472,ch,5853882472,Data Analyst,data analyst,1,20,34,2026-09-03T11:48:58.970502+00:00,2026-09-03
ch-5853961952,ch,5853961952,Data Analyst,data analyst,1,19,34,2026-09-03T11:48:58.970502+00:00,2026-09-03
ch-5853962010,ch,5853962010,Business Analyst,business analyst,3,102,193,2026-09-03T11:48:58.970502+00:00,2026-09-03
ch-5853962024,ch,5853962024,Data Analyst,data analyst,1,18,34,2026-09-03T11:48:58.970502+00:00,2026-09-03
ch-5854357121,ch,5854357121,Business Analyst,business analyst,3,101,193,2026-09-03T11:48:58.970502+00:00,2026-09-03
ch-5854358837,ch,5854358837,Business Analyst,business analyst,2,100,193,2026-09-03T11:48:58.970502+00:00,2026-09-03
ch-5854361495,ch,5854361495,Business Analyst,business analyst,2,99,193,2026-09-03T11:48:58.970502+00:00,2026-09-03
ch-5854361611,ch,5854361611,Data Analyst,data analyst,1,17,34,2026-09-03T11:48:58.970502+00:00,2026-09-03
ch-5854362058,ch,5854362058,Business Analyst,business analyst,2,98,193,2026-09-03T11:48:58.970502+00:00,2026-09-03
ch-5854362058,ch,5854362058,BI Analyst,business intelligence analyst,1,1,2,2026-09-03T11:48:58.970502+00:00,2026-09-03
ch-5854362058,ch,5854362058,Data Analyst,data analyst,1,16,34,2026-09-03T11:48:58.970502+00:00,2026-09-03
ch-5854362105,ch,5854362105,Business Analyst,business analyst,2,97,193,2026-09-03T11:48:58.970502+00:00,2026-09-03
ch-5854363607,ch,5854363607,Business Analyst,business analyst,2,96,193,2026-09-03T11:48:58.970502+00:00,2026-09-03
ch-5854383299,ch,5854383299,Business Analyst,business analyst,2,95,193,2026-09-03T11:48:58.970502+00:00,2026-09-03
ch-5854558152,ch,5854558152,Business Analyst,business analyst,2,94,193,2026-09-03T11:48:58.970502+00:00,2026-09-03
ch-5855235962,ch,5855235962,Business Analyst,business analyst,2,93,193,2026-09-03T11:48:58.970502+00:00,2026-09-03
ch-5855316718,ch,5855316718,Business Analyst,business analyst,2,92,193,2026-09-03T11:48:58.970502+00:00,2026-09-03
ch-5855319525,ch,5855319525,Business Analyst,business analyst,2,91,193,2026-09-03T11:48:58.970502+00:00,2026-09-03
ch-5856657226,ch,5856657226,Business Analyst,business analyst,2,89,193,2026-09-03T11:48:58.970502+00:00,2026-09-03
ch-5856657239,ch,5856657239,Business Analyst,business analyst,2,90,193,2026-09-03T11:48:58.970502+00:00,2026-09-03
ch-5856657614,ch,5856657614,Business Analyst,business analyst,2,88,193,2026-09-03T11:48:58.970502+00:00,2026-09-03
ch-5856657772,ch,5856657772,Business Analyst,business analyst,2,87,193,2026-09-03T11:48:58.970502+00:00,2026-09-03
ch-5856658307,ch,5856658307,Business Analyst,business analyst,2,86,193,2026-09-03T11:48:58.970502+00:00,2026-09-03
ch-5856658308,ch,5856658308,Business Analyst,business analyst,2,85,193,2026-09-03T11:48:58.970502+00:00,2026-09-03
ch-5856658308,ch,5856658308,Data Analyst,data analyst,1,15,34,2026-09-03T11:48:58.970502+00:00,2026-09-03
ch-5856658925,ch,5856658925,Business Analyst,business analyst,2,84,193,2026-09-03T11:48:58.970502+00:00,2026-09-03
ch-5856659676,ch,5856659676,Business Analyst,business analyst,2,83,193,2026-09-03T11:48:58.970502+00:00,2026-09-03
ch-5856659968,ch,5856659968,Business Analyst,business analyst,2,82,193,2026-09-03T11:48:58.970502+00:00,2026-09-03
ch-5856660061,ch,5856660061,Business Analyst,business analyst,2,81,193,2026-09-03T11:48:58.970502+00:00,2026-09-03
ch-5856741570,ch,5856741570,Business Analyst,business analyst,2,80,193,2026-09-03T11:48:58.970502+00:00,2026-09-03
ch-5856741699,ch,5856741699,Business Analyst,business analyst,2,79,193,2026-09-03T11:48:58.970502+00:00,2026-09-03
ch-5856742226,ch,5856742226,Business Analyst,business analyst,2,78,193,2026-09-03T11:48:58.970502+00:00,2026-09-03
ch-5858108261,ch,5858108261,Business Analyst,business analyst,2,77,193,2026-09-03T11:48:58.970502+00:00,2026-09-03
ch-5858108334,ch,5858108334,Business Analyst,business analyst,2,76,193,2026-09-03T11:48:58.970502+00:00,2026-09-03
ch-5858108492,ch,5858108492,Business Analyst,business analyst,2,75,193,2026-09-03T11:48:58.970502+00:00,2026-09-03
ch-5858108772,ch,5858108772,Business Analyst,business analyst,2,74,193,2026-09-03T11:48:58.970502+00:00,2026-09-03
ch-5858109433,ch,5858109433,Business Analyst,business analyst,2,73,193,2026-09-03T11:48:58.970502+00:00,2026-09-03
ch-5858109639,ch,5858109639,Business Analyst,business analyst,2,72,193,2026-09-03T11:48:58.970502+00:00,2026-09-03
ch-5858109692,ch,5858109692,Business Analyst,business analyst,2,71,193,2026-09-03T11:48:58.970502+00:00,2026-09-03
ch-5858191100,ch,5858191100,Business Analyst,business analyst,2,70,193,2026-09-03T11:48:58.970502+00:00,2026-09-03
ch-5858191337,ch,5858191337,Business Analyst,business analyst,2,69,193,2026-09-03T11:48:58.970502+00:00,2026-09-03
ch-5858191352,ch,5858191352,Data Analyst,data analyst,1,14,34,2026-09-03T11:48:58.970502+00:00,2026-09-03
ch-5858200279,ch,5858200279,Business Analyst,business analyst,2,68,193,2026-09-03T11:48:58.970502+00:00,2026-09-03
ch-5858218623,ch,5858218623,Business Analyst,business analyst,2,67,193,2026-09-03T11:48:58.970502+00:00,2026-09-03
ch-5858655034,ch,5858655034,Business Analyst,business analyst,2,65,193,2026-09-03T11:48:58.970502+00:00,2026-09-03
ch-5858655034,ch,5858655034,Data Analyst,data analyst,1,12,34,2026-09-03T11:48:58.970502+00:00,2026-09-03
ch-5858655041,ch,5858655041,Business Analyst,business analyst,2,66,193,2026-09-03T11:48:58.970502+00:00,2026-09-03
ch-5858655041,ch,5858655041,Data Analyst,data analyst,1,13,34,2026-09-03T11:48:58.970502+00:00,2026-09-03
ch-5858699531,ch,5858699531,Data Analyst,data analyst,1,11,34,2026-09-03T11:48:58.970502+00:00,2026-09-03
ch-5858930041,ch,5858930041,Business Analyst,business analyst,2,64,193,2026-09-03T11:48:58.970502+00:00,2026-09-03
ch-5858930090,ch,5858930090,Data Analyst,data analyst,1,10,34,2026-09-03T11:48:58.970502+00:00,2026-09-03
ch-5858930499,ch,5858930499,Data Analyst,data analyst,1,9,34,2026-09-03T11:48:58.970502+00:00,2026-09-03
ch-5858930900,ch,5858930900,Business Analyst,business analyst,2,63,193,2026-09-03T11:48:58.970502+00:00,2026-09-03
ch-5858930900,ch,5858930900,Data Analyst,data analyst,1,8,34,2026-09-03T11:48:58.970502+00:00,2026-09-03
ch-5858931856,ch,5858931856,Business Analyst,business analyst,2,62,193,2026-09-03T11:48:58.970502+00:00,2026-09-03
ch-5859562226,ch,5859562226,Business Analyst,business analyst,2,61,193,2026-09-03T11:48:58.970502+00:00,2026-09-03
ch-5859562509,ch,5859562509,Business Analyst,business analyst,2,60,193,2026-09-03T11:48:58.970502+00:00,2026-09-03
ch-5859562796,ch,5859562796,Business Analyst,business analyst,2,59,193,2026-09-03T11:48:58.970502+00:00,2026-09-03
ch-5859563096,ch,5859563096,Business Analyst,business analyst,2,58,193,2026-09-03T11:48:58.970502+00:00,2026-09-03
ch-5859623248,ch,5859623248,Business Analyst,business analyst,2,57,193,2026-09-03T11:48:58.970502+00:00,2026-09-03
ch-5859625118,ch,5859625118,Business Analyst,business analyst,2,56,193,2026-09-03T11:48:58.970502+00:00,2026-09-03
ch-5859625414,ch,5859625414,Business Analyst,business analyst,2,55,193,2026-09-03T11:48:58.970502+00:00,2026-09-03
ch-5859625738,ch,5859625738,Business Analyst,business analyst,2,54,193,2026-09-03T11:48:58.970502+00:00,2026-09-03
ch-5860025516,ch,5860025516,BI Analyst,BI analyst,1,2,3,2026-09-03T11:48:58.970502+00:00,2026-09-03
ch-5860025516,ch,5860025516,Business Analyst,business analyst,2,53,193,2026-09-03T11:48:58.970502+00:00,2026-09-03
ch-5860025567,ch,5860025567,Business Analyst,business analyst,2,51,193,2026-09-03T11:48:58.970502+00:00,2026-09-03
ch-5860025591,ch,5860025591,Business Analyst,business analyst,2,52,193,2026-09-03T11:48:58.970502+00:00,2026-09-03
ch-5860025604,ch,5860025604,Data Analyst,data analyst,1,7,34,2026-09-03T11:48:58.970502+00:00,2026-09-03
ch-5860952832,ch,5860952832,Business Analyst,business analyst,1,50,193,2026-09-03T11:48:58.970502+00:00,2026-09-03
ch-5860954532,ch,5860954532,Business Analyst,business analyst,1,49,193,2026-09-03T11:48:58.970502+00:00,2026-09-03
ch-5860954677,ch,5860954677,Business Analyst,business analyst,1,48,193,2026-09-03T11:48:58.970502+00:00,2026-09-03
ch-5860954687,ch,5860954687,Business Analyst,business analyst,1,47,193,2026-09-03T11:48:58.970502+00:00,2026-09-03
ch-5860955203,ch,5860955203,Business Analyst,business analyst,1,46,193,2026-09-03T11:48:58.970502+00:00,2026-09-03
ch-5861035230,ch,5861035230,Business Analyst,business analyst,1,45,193,2026-09-03T11:48:58.970502+00:00,2026-09-03
ch-5861038915,ch,5861038915,Data Analyst,data analyst,1,6,34,2026-09-03T11:48:58.970502+00:00,2026-09-03
ch-5861621182,ch,5861621182,Data Analyst,data analyst,1,5,34,2026-09-03T11:48:58.970502+00:00,2026-09-03
ch-5861621342,ch,5861621342,Business Analyst,business analyst,1,44,193,2026-09-03T11:48:58.970502+00:00,2026-09-03
ch-5862206206,ch,5862206206,Business Analyst,business analyst,1,43,193,2026-09-03T11:48:58.970502+00:00,2026-09-03
ch-5862206270,ch,5862206270,Data Analyst,data analyst,1,4,34,2026-09-03T11:48:58.970502+00:00,2026-09-03
ch-5862206634,ch,5862206634,Business Analyst,business analyst,1,42,193,2026-09-03T11:48:58.970502+00:00,2026-09-03
ch-5862212824,ch,5862212824,BI Analyst,BI analyst,1,1,3,2026-09-03T11:48:58.970502+00:00,2026-09-03
ch-5862212824,ch,5862212824,Business Analyst,business analyst,1,41,193,2026-09-03T11:48:58.970502+00:00,2026-09-03
ch-5862876803,ch,5862876803,Business Analyst,business analyst,1,40,193,2026-09-03T11:48:58.970502+00:00,2026-09-03
ch-5862909113,ch,5862909113,Business Analyst,business analyst,1,39,193,2026-09-03T11:48:58.970502+00:00,2026-09-03
ch-5862911922,ch,5862911922,Business Analyst,business analyst,1,38,193,2026-09-03T11:48:58.970502+00:00,2026-09-03
ch-5862915600,ch,5862915600,Business Analyst,business analyst,1,37,193,2026-09-03T11:48:58.970502+00:00,2026-09-03
ch-5863094617,ch,5863094617,Data Analyst,data analyst,1,3,34,2026-09-03T11:48:58.970502+00:00,2026-09-03
ch-5863591024,ch,5863591024,Business Analyst,business analyst,1,36,193,2026-09-03T11:48:58.970502+00:00,2026-09-03
ch-5863591272,ch,5863591272,Business Analyst,business analyst,1,35,193,2026-09-03T11:48:58.970502+00:00,2026-09-03
ch-5864095581,ch,5864095581,Business Analyst,business analyst,1,34,193,2026-09-03T11:48:58.970502+00:00,2026-09-03
ch-5864313658,ch,5864313658,Business Analyst,business analyst,1,33,193,2026-09-03T11:48:58.970502+00:00,2026-09-03
ch-5864313785,ch,5864313785,Business Analyst,business analyst,1,32,193,2026-09-03T11:48:58.970502+00:00,2026-09-03
ch-5864317496,ch,5864317496,Business Analyst,business analyst,1,31,193,2026-09-03T11:48:58.970502+00:00,2026-09-03
ch-5864318861,ch,5864318861,Data Analyst,data analyst,1,2,34,2026-09-03T11:48:58.970502+00:00,2026-09-03
ch-5864319035,ch,5864319035,Business Analyst,business analyst,1,30,193,2026-09-03T11:48:58.970502+00:00,2026-09-03
ch-5864320396,ch,5864320396,Business Analyst,business analyst,1,29,193,2026-09-03T11:48:58.970502+00:00,2026-09-03
ch-5864321835,ch,5864321835,Business Analyst,business analyst,1,28,193,2026-09-03T11:48:58.970502+00:00,2026-09-03
ch-5864521373,ch,5864521373,Business Analyst,business analyst,1,27,193,2026-09-03T11:48:58.970502+00:00,2026-09-03
ch-5865208172,ch,5865208172,Business Analyst,business analyst,1,26,193,2026-09-03T11:48:58.970502+00:00,2026-09-03
ch-5865238768,ch,5865238768,Business Analyst,business analyst,1,25,193,2026-09-03T11:48:58.970502+00:00,2026-09-03
ch-5866723075,ch,5866723075,Business Analyst,business analyst,1,24,193,2026-09-03T11:48:58.970502+00:00,2026-09-03
ch-5866773861,ch,5866773861,Business Analyst,business analyst,1,23,193,2026-09-03T11:48:58.970502+00:00,2026-09-03
ch-5866880941,ch,5866880941,Business Analyst,business analyst,1,22,193,2026-09-03T11:48:58.970502+00:00,2026-09-03
ch-5866881818,ch,5866881818,Business Analyst,business analyst,1,21,193,2026-09-03T11:48:58.970502+00:00,2026-09-03
ch-5866881961,ch,5866881961,Business Analyst,business analyst,1,20,193,2026-09-03T11:48:58.970502+00:00,2026-09-03
ch-5866882433,ch,5866882433,Business Analyst,business analyst,1,19,193,2026-09-03T11:48:58.970502+00:00,2026-09-03
ch-5866883860,ch,5866883860,Business Analyst,business analyst,1,18,193,2026-09-03T11:48:58.970502+00:00,2026-09-03
ch-5866885100,ch,5866885100,Business Analyst,business analyst,1,17,193,2026-09-03T11:48:58.970502+00:00,2026-09-03
ch-5866888539,ch,5866888539,Business Analyst,business analyst,1,16,193,2026-09-03T11:48:58.970502+00:00,2026-09-03
ch-5866891317,ch,5866891317,Data Analyst,data analyst,1,1,34,2026-09-03T11:48:58.970502+00:00,2026-09-03
ch-5866892510,ch,5866892510,Business Analyst,business analyst,1,15,193,2026-09-03T11:48:58.970502+00:00,2026-09-03
ch-5866893383,ch,5866893383,Business Analyst,business analyst,1,14,193,2026-09-03T11:48:58.970502+00:00,2026-09-03
ch-5867052084,ch,5867052084,Business Analyst,business analyst,1,13,193,2026-09-03T11:48:58.970502+00:00,2026-09-03
ch-5867052309,ch,5867052309,Business Analyst,business analyst,1,12,193,2026-09-03T11:48:58.970502+00:00,2026-09-03
ch-5867053397,ch,5867053397,Business Analyst,business analyst,1,11,193,2026-09-03T11:48:58.970502+00:00,2026-09-03
ch-5867073192,ch,5867073192,Business Analyst,business analyst,1,10,193,2026-09-03T11:48:58.970502+00:00,2026-09-03
ch-5867073213,ch,5867073213,Business Analyst,business analyst,1,9,193,2026-09-03T11:48:58.970502+00:00,2026-09-03
ch-5867074233,ch,5867074233,Business Analyst,business analyst,1,8,193,2026-09-03T11:48:58.970502+00:00,2026-09-03
ch-5867075609,ch,5867075609,Business Analyst,business analyst,1,7,193,2026-09-03T11:48:58.970502+00:00,2026-09-03
ch-5867084032,ch,5867084032,Business Analyst,business analyst,1,6,193,2026-09-03T11:48:58.970502+00:00,2026-09-03
ch-5867085074,ch,5867085074,Business Analyst,business analyst,1,5,193,2026-09-03T11:48:58.970502+00:00,2026-09-03
ch-5867624725,ch,5867624725,Business Analyst,business analyst,1,4,193,2026-09-03T11:48:58.970502+00:00,2026-09-03
ch-5868666197,ch,5868666197,Business Analyst,business analyst,1,3,193,2026-09-03T11:48:58.970502+00:00,2026-09-03
ch-5868668405,ch,5868668405,Business Analyst,business analyst,1,2,193,2026-09-03T11:48:58.970502+00:00,2026-09-03
ch-5868668610,ch,5868668610,Business Analyst,business analyst,1,1,193,2026-09-03T11:48:58.970502+00:00,2026-09-03
de-5485143529,de,5485143529,Data Analyst,datenanalyst,1,25,25,2026-09-03T11:48:58.970502+00:00,2026-09-03
de-5622127807,de,5622127807,Data Analyst,datenanalyst,1,24,25,2026-09-03T11:48:58.970502+00:00,2026-09-03
de-5632671837,de,5632671837,Data Analyst,datenanalyst,1,23,25,2026-09-03T11:48:58.970502+00:00,2026-09-03
de-5727102241,de,5727102241,BI Analyst,business intelligence analyst,1,14,14,2026-09-03T11:48:58.970502+00:00,2026-09-03
de-5727297937,de,5727297937,BI Analyst,BI analyst,1,19,19,2026-09-03T11:48:58.970502+00:00,2026-09-03
de-5746660312,de,5746660312,BI Analyst,business intelligence analyst,1,13,14,2026-09-03T11:48:58.970502+00:00,2026-09-03
de-5751150763,de,5751150763,BI Analyst,BI analyst,1,18,19,2026-09-03T11:48:58.970502+00:00,2026-09-03
de-5767410711,de,5767410711,Data Analyst,data analyst,5,250,306,2026-09-03T11:48:58.970502+00:00,2026-09-03
de-5770486747,de,5770486747,Data Analyst,data analyst,5,249,306,2026-09-03T11:48:58.970502+00:00,2026-09-03
de-5771981727,de,5771981727,Data Analyst,data analyst,5,248,306,2026-09-03T11:48:58.970502+00:00,2026-09-03
de-5774396511,de,5774396511,BI Analyst,BI analyst,1,17,19,2026-09-03T11:48:58.970502+00:00,2026-09-03
de-5775234210,de,5775234210,Data Analyst,data analyst,5,247,306,2026-09-03T11:48:58.970502+00:00,2026-09-03
de-5780538507,de,5780538507,Data Analyst,data analyst,5,246,306,2026-09-03T11:48:58.970502+00:00,2026-09-03
de-5780558194,de,5780558194,Data Analyst,data analyst,5,245,306,2026-09-03T11:48:58.970502+00:00,2026-09-03
de-5780991585,de,5780991585,Data Analyst,data analyst,5,244,306,2026-09-03T11:48:58.970502+00:00,2026-09-03
de-5782547945,de,5782547945,Data Analyst,data analyst,5,243,306,2026-09-03T11:48:58.970502+00:00,2026-09-03
de-5784282088,de,5784282088,Data Analyst,data analyst,5,242,306,2026-09-03T11:48:58.970502+00:00,2026-09-03
de-5786675236,de,5786675236,Data Analyst,data analyst,5,241,306,2026-09-03T11:48:58.970502+00:00,2026-09-03
de-5786675237,de,5786675237,Data Analyst,data analyst,5,240,306,2026-09-03T11:48:58.970502+00:00,2026-09-03
de-5786679727,de,5786679727,Data Analyst,data analyst,5,239,306,2026-09-03T11:48:58.970502+00:00,2026-09-03
de-5787325956,de,5787325956,Data Analyst,datenanalyst,1,22,25,2026-09-03T11:48:58.970502+00:00,2026-09-03
de-5787618351,de,5787618351,Data Analyst,data analyst,5,238,306,2026-09-03T11:48:58.970502+00:00,2026-09-03
de-5788489663,de,5788489663,Data Analyst,data analyst,5,237,306,2026-09-03T11:48:58.970502+00:00,2026-09-03
de-5791613467,de,5791613467,Data Analyst,data analyst,5,236,306,2026-09-03T11:48:58.970502+00:00,2026-09-03
de-5793217303,de,5793217303,Data Analyst,datenanalyst,1,21,25,2026-09-03T11:48:58.970502+00:00,2026-09-03
de-5793393035,de,5793393035,Data Analyst,data analyst,5,235,306,2026-09-03T11:48:58.970502+00:00,2026-09-03
de-5794024968,de,5794024968,Data Analyst,data analyst,5,234,306,2026-09-03T11:48:58.970502+00:00,2026-09-03
de-5794789776,de,5794789776,Data Analyst,data analyst,5,233,306,2026-09-03T11:48:58.970502+00:00,2026-09-03
de-5794801891,de,5794801891,Data Analyst,data analyst,5,232,306,2026-09-03T11:48:58.970502+00:00,2026-09-03
de-5796235359,de,5796235359,BI Analyst,BI analyst,1,16,19,2026-09-03T11:48:58.970502+00:00,2026-09-03
de-5798313105,de,5798313105,Data Analyst,data analyst,5,231,306,2026-09-03T11:48:58.970502+00:00,2026-09-03
de-5799974240,de,5799974240,Data Analyst,data analyst,5,230,306,2026-09-03T11:48:58.970502+00:00,2026-09-03
de-5801823022,de,5801823022,Data Analyst,data analyst,5,229,306,2026-09-03T11:48:58.970502+00:00,2026-09-03
de-5802935348,de,5802935348,Data Analyst,data analyst,5,227,306,2026-09-03T11:48:58.970502+00:00,2026-09-03
de-5802935351,de,5802935351,Data Analyst,data analyst,5,228,306,2026-09-03T11:48:58.970502+00:00,2026-09-03
de-5802941272,de,5802941272,Data Analyst,data analyst,5,226,306,2026-09-03T11:48:58.970502+00:00,2026-09-03
de-5802950222,de,5802950222,Data Analyst,data analyst,5,225,306,2026-09-03T11:48:58.970502+00:00,2026-09-03
de-5802961901,de,5802961901,BI Analyst,BI analyst,1,15,19,2026-09-03T11:48:58.970502+00:00,2026-09-03
de-5802963262,de,5802963262,Data Analyst,data analyst,5,224,306,2026-09-03T11:48:58.970502+00:00,2026-09-03
de-5802969084,de,5802969084,Data Analyst,data analyst,5,223,306,2026-09-03T11:48:58.970502+00:00,2026-09-03
de-5802971414,de,5802971414,Data Analyst,data analyst,5,222,306,2026-09-03T11:48:58.970502+00:00,2026-09-03
de-5802975615,de,5802975615,Data Analyst,data analyst,5,221,306,2026-09-03T11:48:58.970502+00:00,2026-09-03
de-5802980918,de,5802980918,Data Analyst,data analyst,5,220,306,2026-09-03T11:48:58.970502+00:00,2026-09-03
de-5802987103,de,5802987103,Data Analyst,data analyst,5,219,306,2026-09-03T11:48:58.970502+00:00,2026-09-03
de-5803454368,de,5803454368,Data Analyst,data analyst,5,218,306,2026-09-03T11:48:58.970502+00:00,2026-09-03
de-5803923930,de,5803923930,Data Analyst,datenanalyst,1,20,25,2026-09-03T11:48:58.970502+00:00,2026-09-03
de-5803943655,de,5803943655,Data Analyst,data analyst,5,217,306,2026-09-03T11:48:58.970502+00:00,2026-09-03
de-5804545971,de,5804545971,Data Analyst,data analyst,5,216,306,2026-09-03T11:48:58.970502+00:00,2026-09-03
de-5804553762,de,5804553762,BI Analyst,BI analyst,1,14,19,2026-09-03T11:48:58.970502+00:00,2026-09-03
de-5804554931,de,5804554931,Data Analyst,data analyst,5,215,306,2026-09-03T11:48:58.970502+00:00,2026-09-03
de-5806175401,de,5806175401,Data Analyst,data analyst,5,214,306,2026-09-03T11:48:58.970502+00:00,2026-09-03
de-5806563462,de,5806563462,Data Analyst,data analyst,5,213,306,2026-09-03T11:48:58.970502+00:00,2026-09-03
de-5808204469,de,5808204469,Data Analyst,datenanalyst,1,19,25,2026-09-03T11:48:58.970502+00:00,2026-09-03
de-5808545407,de,5808545407,Data Analyst,data analyst,5,212,306,2026-09-03T11:48:58.970502+00:00,2026-09-03
de-5808554689,de,5808554689,Data Analyst,data analyst,5,211,306,2026-09-03T11:48:58.970502+00:00,2026-09-03
de-5809360702,de,5809360702,Data Analyst,data analyst,5,210,306,2026-09-03T11:48:58.970502+00:00,2026-09-03
de-5810334767,de,5810334767,Data Analyst,datenanalyst,1,18,25,2026-09-03T11:48:58.970502+00:00,2026-09-03
de-5810565879,de,5810565879,Data Analyst,data analyst,5,209,306,2026-09-03T11:48:58.970502+00:00,2026-09-03
de-5811155558,de,5811155558,Data Analyst,data analyst,5,208,306,2026-09-03T11:48:58.970502+00:00,2026-09-03
de-5811747254,de,5811747254,Data Analyst,data analyst,5,207,306,2026-09-03T11:48:58.970502+00:00,2026-09-03
de-5812407986,de,5812407986,Data Analyst,data analyst,5,206,306,2026-09-03T11:48:58.970502+00:00,2026-09-03
de-5812644167,de,5812644167,Data Analyst,data analyst,5,205,306,2026-09-03T11:48:58.970502+00:00,2026-09-03
de-5813675699,de,5813675699,Data Analyst,data analyst,5,204,306,2026-09-03T11:48:58.970502+00:00,2026-09-03
de-5816408231,de,5816408231,Data Analyst,data analyst,5,203,306,2026-09-03T11:48:58.970502+00:00,2026-09-03
de-5816408358,de,5816408358,Data Analyst,data analyst,5,202,306,2026-09-03T11:48:58.970502+00:00,2026-09-03
de-5816415778,de,5816415778,BI Analyst,BI analyst,1,13,19,2026-09-03T11:48:58.970502+00:00,2026-09-03
de-5816491278,de,5816491278,Data Analyst,datenanalyst,1,17,25,2026-09-03T11:48:58.970502+00:00,2026-09-03
de-5821137355,de,5821137355,Data Analyst,data analyst,5,201,306,2026-09-03T11:48:58.970502+00:00,2026-09-03
de-5821322166,de,5821322166,Data Analyst,data analyst,4,200,306,2026-09-03T11:48:58.970502+00:00,2026-09-03
de-5824172469,de,5824172469,Data Analyst,data analyst,4,199,306,2026-09-03T11:48:58.970502+00:00,2026-09-03
de-5825713005,de,5825713005,Data Analyst,data analyst,4,198,306,2026-09-03T11:48:58.970502+00:00,2026-09-03
de-5825713188,de,5825713188,Data Analyst,data analyst,4,197,306,2026-09-03T11:48:58.970502+00:00,2026-09-03
de-5825767190,de,5825767190,Data Analyst,data analyst,4,196,306,2026-09-03T11:48:58.970502+00:00,2026-09-03
de-5825806283,de,5825806283,Data Analyst,data analyst,4,195,306,2026-09-03T11:48:58.970502+00:00,2026-09-03
de-5827630039,de,5827630039,Data Analyst,data analyst,4,194,306,2026-09-03T11:48:58.970502+00:00,2026-09-03
de-5828967910,de,5828967910,Data Analyst,data analyst,4,193,306,2026-09-03T11:48:58.970502+00:00,2026-09-03
de-5829149175,de,5829149175,BI Analyst,business intelligence analyst,1,12,14,2026-09-03T11:48:58.970502+00:00,2026-09-03
de-5829292588,de,5829292588,Data Analyst,data analyst,4,192,306,2026-09-03T11:48:58.970502+00:00,2026-09-03
de-5829928770,de,5829928770,Data Analyst,data analyst,4,191,306,2026-09-03T11:48:58.970502+00:00,2026-09-03
de-5830637305,de,5830637305,BI Analyst,BI analyst,1,12,19,2026-09-03T11:48:58.970502+00:00,2026-09-03
de-5830637305,de,5830637305,Data Analyst,data analyst,4,190,306,2026-09-03T11:48:58.970502+00:00,2026-09-03
de-5830749157,de,5830749157,Data Analyst,data analyst,4,189,306,2026-09-03T11:48:58.970502+00:00,2026-09-03
de-5831313567,de,5831313567,Data Analyst,data analyst,4,188,306,2026-09-03T11:48:58.970502+00:00,2026-09-03
de-5831365784,de,5831365784,Data Analyst,data analyst,4,187,306,2026-09-03T11:48:58.970502+00:00,2026-09-03
de-5831958852,de,5831958852,Data Analyst,data analyst,4,186,306,2026-09-03T11:48:58.970502+00:00,2026-09-03
de-5831968659,de,5831968659,Data Analyst,data analyst,4,185,306,2026-09-03T11:48:58.970502+00:00,2026-09-03
de-5832180650,de,5832180650,Data Analyst,data analyst,4,184,306,2026-09-03T11:48:58.970502+00:00,2026-09-03
de-5832194729,de,5832194729,Data Analyst,data analyst,4,183,306,2026-09-03T11:48:58.970502+00:00,2026-09-03
de-5833425418,de,5833425418,Data Analyst,data analyst,4,182,306,2026-09-03T11:48:58.970502+00:00,2026-09-03
de-5833425456,de,5833425456,Data Analyst,data analyst,4,181,306,2026-09-03T11:48:58.970502+00:00,2026-09-03
de-5833592056,de,5833592056,Data Analyst,data analyst,4,180,306,2026-09-03T11:48:58.970502+00:00,2026-09-03
de-5833598668,de,5833598668,Data Analyst,data analyst,4,179,306,2026-09-03T11:48:58.970502+00:00,2026-09-03
de-5833618547,de,5833618547,Data Analyst,data analyst,4,178,306,2026-09-03T11:48:58.970502+00:00,2026-09-03
de-5833647960,de,5833647960,Data Analyst,data analyst,4,177,306,2026-09-03T11:48:58.970502+00:00,2026-09-03
de-5833708491,de,5833708491,Data Analyst,data analyst,4,176,306,2026-09-03T11:48:58.970502+00:00,2026-09-03
de-5834385116,de,5834385116,Data Analyst,data analyst,4,175,306,2026-09-03T11:48:58.970502+00:00,2026-09-03
de-5834803083,de,5834803083,BI Analyst,business intelligence analyst,1,11,14,2026-09-03T11:48:58.970502+00:00,2026-09-03
de-5834805252,de,5834805252,BI Analyst,business intelligence analyst,1,10,14,2026-09-03T11:48:58.970502+00:00,2026-09-03
de-5834805252,de,5834805252,Data Analyst,data analyst,4,174,306,2026-09-03T11:48:58.970502+00:00,2026-09-03
de-5834806004,de,5834806004,BI Analyst,BI analyst,1,11,19,2026-09-03T11:48:58.970502+00:00,2026-09-03
de-5834806004,de,5834806004,Data Analyst,data analyst,4,173,306,2026-09-03T11:48:58.970502+00:00,2026-09-03
de-5835180910,de,5835180910,BI Analyst,BI analyst,1,10,19,2026-09-03T11:48:58.970502+00:00,2026-09-03
de-5835234446,de,5835234446,BI Analyst,BI analyst,1,9,19,2026-09-03T11:48:58.970502+00:00,2026-09-03
de-5835493879,de,5835493879,Data Analyst,datenanalyst,1,16,25,2026-09-03T11:48:58.970502+00:00,2026-09-03
de-5835515492,de,5835515492,BI Analyst,BI analyst,1,8,19,2026-09-03T11:48:58.970502+00:00,2026-09-03
de-5835557994,de,5835557994,BI Analyst,BI analyst,1,7,19,2026-09-03T11:48:58.970502+00:00,2026-09-03
de-5835557994,de,5835557994,Data Analyst,data analyst,4,172,306,2026-09-03T11:48:58.970502+00:00,2026-09-03
de-5835783804,de,5835783804,Data Analyst,data analyst,4,171,306,2026-09-03T11:48:58.970502+00:00,2026-09-03
de-5835794982,de,5835794982,Data Analyst,data analyst,4,170,306,2026-09-03T11:48:58.970502+00:00,2026-09-03
de-5835856791,de,5835856791,BI Analyst,BI analyst,1,6,19,2026-09-03T11:48:58.970502+00:00,2026-09-03
de-5837408063,de,5837408063,Data Analyst,data analyst,4,169,306,2026-09-03T11:48:58.970502+00:00,2026-09-03
de-5837408063,de,5837408063,Data Analyst,datenanalyst,1,15,25,2026-09-03T11:48:58.970502+00:00,2026-09-03
de-5837631451,de,5837631451,Data Analyst,data analyst,4,168,306,2026-09-03T11:48:58.970502+00:00,2026-09-03
de-5837631451,de,5837631451,Data Analyst,datenanalyst,1,14,25,2026-09-03T11:48:58.970502+00:00,2026-09-03
de-5838216392,de,5838216392,Data Analyst,data analyst,4,167,306,2026-09-03T11:48:58.970502+00:00,2026-09-03
de-5838375932,de,5838375932,Data Analyst,data analyst,4,166,306,2026-09-03T11:48:58.970502+00:00,2026-09-03
de-5838611141,de,5838611141,Data Analyst,data analyst,4,165,306,2026-09-03T11:48:58.970502+00:00,2026-09-03
de-5838745256,de,5838745256,Data Analyst,data analyst,4,164,306,2026-09-03T11:48:58.970502+00:00,2026-09-03
de-5840262921,de,5840262921,Data Analyst,data analyst,4,163,306,2026-09-03T11:48:58.970502+00:00,2026-09-03
de-5840281546,de,5840281546,BI Analyst,BI analyst,1,5,19,2026-09-03T11:48:58.970502+00:00,2026-09-03
de-5840355044,de,5840355044,Data Analyst,data analyst,4,162,306,2026-09-03T11:48:58.970502+00:00,2026-09-03
de-5840508797,de,5840508797,Data Analyst,data analyst,4,161,306,2026-09-03T11:48:58.970502+00:00,2026-09-03
de-5841890799,de,5841890799,Data Analyst,data analyst,4,160,306,2026-09-03T11:48:58.970502+00:00,2026-09-03
de-5841997634,de,5841997634,Data Analyst,data analyst,4,159,306,2026-09-03T11:48:58.970502+00:00,2026-09-03
de-5842039733,de,5842039733,Data Analyst,data analyst,4,158,306,2026-09-03T11:48:58.970502+00:00,2026-09-03
de-5842047732,de,5842047732,Data Analyst,data analyst,4,157,306,2026-09-03T11:48:58.970502+00:00,2026-09-03
de-5842069766,de,5842069766,Data Analyst,data analyst,4,156,306,2026-09-03T11:48:58.970502+00:00,2026-09-03
de-5842729684,de,5842729684,Data Analyst,data analyst,4,155,306,2026-09-03T11:48:58.970502+00:00,2026-09-03
de-5843162084,de,5843162084,Data Analyst,data analyst,4,154,306,2026-09-03T11:48:58.970502+00:00,2026-09-03
de-5843240583,de,5843240583,Data Analyst,data analyst,4,153,306,2026-09-03T11:48:58.970502+00:00,2026-09-03
de-5843270176,de,5843270176,Data Analyst,data analyst,4,152,306,2026-09-03T11:48:58.970502+00:00,2026-09-03
de-5843300954,de,5843300954,Data Analyst,data analyst,4,151,306,2026-09-03T11:48:58.970502+00:00,2026-09-03
de-5843304926,de,5843304926,Data Analyst,data analyst,3,150,306,2026-09-03T11:48:58.970502+00:00,2026-09-03
de-5844198313,de,5844198313,BI Analyst,BI analyst,1,4,19,2026-09-03T11:48:58.970502+00:00,2026-09-03
de-5844372604,de,5844372604,Data Analyst,data analyst,3,149,306,2026-09-03T11:48:58.970502+00:00,2026-09-03
de-5845778274,de,5845778274,Data Analyst,data analyst,3,148,306,2026-09-03T11:48:58.970502+00:00,2026-09-03
de-5845897971,de,5845897971,Data Analyst,data analyst,3,147,306,2026-09-03T11:48:58.970502+00:00,2026-09-03
de-5847068515,de,5847068515,Data Analyst,data analyst,3,146,306,2026-09-03T11:48:58.970502+00:00,2026-09-03
de-5847435609,de,5847435609,Data Analyst,datenanalyst,1,13,25,2026-09-03T11:48:58.970502+00:00,2026-09-03
de-5847626132,de,5847626132,Data Analyst,data analyst,3,145,306,2026-09-03T11:48:58.970502+00:00,2026-09-03
de-5847687462,de,5847687462,Data Analyst,data analyst,3,144,306,2026-09-03T11:48:58.970502+00:00,2026-09-03
de-5847722529,de,5847722529,Data Analyst,data analyst,3,143,306,2026-09-03T11:48:58.970502+00:00,2026-09-03
de-5848032631,de,5848032631,Data Analyst,data analyst,3,142,306,2026-09-03T11:48:58.970502+00:00,2026-09-03
de-5848115620,de,5848115620,BI Analyst,BI analyst,1,3,19,2026-09-03T11:48:58.970502+00:00,2026-09-03
de-5848115620,de,5848115620,Data Analyst,data analyst,3,141,306,2026-09-03T11:48:58.970502+00:00,2026-09-03
de-5848128975,de,5848128975,Data Analyst,data analyst,3,140,306,2026-09-03T11:48:58.970502+00:00,2026-09-03
de-5848232080,de,5848232080,Data Analyst,data analyst,3,139,306,2026-09-03T11:48:58.970502+00:00,2026-09-03
de-5848496731,de,5848496731,Data Analyst,data analyst,3,138,306,2026-09-03T11:48:58.970502+00:00,2026-09-03
de-5848533692,de,5848533692,Data Analyst,data analyst,3,137,306,2026-09-03T11:48:58.970502+00:00,2026-09-03
de-5848586738,de,5848586738,Data Analyst,data analyst,3,136,306,2026-09-03T11:48:58.970502+00:00,2026-09-03
de-5849082736,de,5849082736,Data Analyst,datenanalyst,1,12,25,2026-09-03T11:48:58.970502+00:00,2026-09-03
de-5849183765,de,5849183765,Data Analyst,data analyst,3,135,306,2026-09-03T11:48:58.970502+00:00,2026-09-03
de-5849251398,de,5849251398,Data Analyst,data analyst,3,134,306,2026-09-03T11:48:58.970502+00:00,2026-09-03
de-5849315005,de,5849315005,Data Analyst,data analyst,3,133,306,2026-09-03T11:48:58.970502+00:00,2026-09-03
de-5849325391,de,5849325391,Data Analyst,data analyst,3,132,306,2026-09-03T11:48:58.970502+00:00,2026-09-03
de-5849585787,de,5849585787,Data Analyst,data analyst,3,131,306,2026-09-03T11:48:58.970502+00:00,2026-09-03
de-5849585790,de,5849585790,Data Analyst,data analyst,3,130,306,2026-09-03T11:48:58.970502+00:00,2026-09-03
de-5849769507,de,5849769507,Data Analyst,data analyst,3,129,306,2026-09-03T11:48:58.970502+00:00,2026-09-03
de-5849808301,de,5849808301,Data Analyst,data analyst,3,128,306,2026-09-03T11:48:58.970502+00:00,2026-09-03
de-5849998207,de,5849998207,Data Analyst,data analyst,3,127,306,2026-09-03T11:48:58.970502+00:00,2026-09-03
de-5850001762,de,5850001762,Data Analyst,data analyst,3,126,306,2026-09-03T11:48:58.970502+00:00,2026-09-03
de-5850159030,de,5850159030,Data Analyst,data analyst,3,125,306,2026-09-03T11:48:58.970502+00:00,2026-09-03
de-5850165033,de,5850165033,Data Analyst,data analyst,3,124,306,2026-09-03T11:48:58.970502+00:00,2026-09-03
de-5850417363,de,5850417363,Data Analyst,data analyst,3,123,306,2026-09-03T11:48:58.970502+00:00,2026-09-03
de-5850731785,de,5850731785,Data Analyst,data analyst,3,122,306,2026-09-03T11:48:58.970502+00:00,2026-09-03
de-5851207580,de,5851207580,Data Analyst,data analyst,3,121,306,2026-09-03T11:48:58.970502+00:00,2026-09-03
de-5851307364,de,5851307364,Data Analyst,data analyst,3,120,306,2026-09-03T11:48:58.970502+00:00,2026-09-03
de-5851313135,de,5851313135,Data Analyst,data analyst,3,119,306,2026-09-03T11:48:58.970502+00:00,2026-09-03
de-5851326698,de,5851326698,Data Analyst,data analyst,3,118,306,2026-09-03T11:48:58.970502+00:00,2026-09-03
de-5851345939,de,5851345939,Data Analyst,datenanalyst,1,11,25,2026-09-03T11:48:58.970502+00:00,2026-09-03
de-5852181999,de,5852181999,Data Analyst,data analyst,3,117,306,2026-09-03T11:48:58.970502+00:00,2026-09-03
de-5852480853,de,5852480853,Data Analyst,data analyst,3,116,306,2026-09-03T11:48:58.970502+00:00,2026-09-03
de-5852577992,de,5852577992,Data Analyst,data analyst,3,115,306,2026-09-03T11:48:58.970502+00:00,2026-09-03
de-5852710200,de,5852710200,Data Analyst,datenanalyst,1,10,25,2026-09-03T11:48:58.970502+00:00,2026-09-03
de-5853561751,de,5853561751,Data Analyst,datenanalyst,1,9,25,2026-09-03T11:48:58.970502+00:00,2026-09-03
de-5853565462,de,5853565462,Data Analyst,data analyst,3,114,306,2026-09-03T11:48:58.970502+00:00,2026-09-03
de-5853565462,de,5853565462,Data Analyst,datenanalyst,1,8,25,2026-09-03T11:48:58.970502+00:00,2026-09-03
de-5853621838,de,5853621838,Data Analyst,data analyst,3,113,306,2026-09-03T11:48:58.970502+00:00,2026-09-03
de-5854367551,de,5854367551,Data Analyst,data analyst,3,111,306,2026-09-03T11:48:58.970502+00:00,2026-09-03
de-5854367552,de,5854367552,Data Analyst,data analyst,3,112,306,2026-09-03T11:48:58.970502+00:00,2026-09-03
de-5854419151,de,5854419151,Data Analyst,datenanalyst,1,7,25,2026-09-03T11:48:58.970502+00:00,2026-09-03
de-5854419273,de,5854419273,Data Analyst,data analyst,3,110,306,2026-09-03T11:48:58.970502+00:00,2026-09-03
de-5854422641,de,5854422641,Data Analyst,data analyst,3,109,306,2026-09-03T11:48:58.970502+00:00,2026-09-03
de-5854427911,de,5854427911,Data Analyst,data analyst,3,108,306,2026-09-03T11:48:58.970502+00:00,2026-09-03
de-5854478390,de,5854478390,Data Analyst,data analyst,3,107,306,2026-09-03T11:48:58.970502+00:00,2026-09-03
de-5854692629,de,5854692629,Data Analyst,data analyst,3,106,306,2026-09-03T11:48:58.970502+00:00,2026-09-03
de-5854821554,de,5854821554,Data Analyst,data analyst,3,105,306,2026-09-03T11:48:58.970502+00:00,2026-09-03
de-5855327520,de,5855327520,Data Analyst,data analyst,3,104,306,2026-09-03T11:48:58.970502+00:00,2026-09-03
de-5855434419,de,5855434419,Data Analyst,data analyst,3,103,306,2026-09-03T11:48:58.970502+00:00,2026-09-03
de-5855435937,de,5855435937,BI Analyst,business intelligence analyst,1,9,14,2026-09-03T11:48:58.970502+00:00,2026-09-03
de-5855591218,de,5855591218,BI Analyst,business intelligence analyst,1,8,14,2026-09-03T11:48:58.970502+00:00,2026-09-03
de-5855591218,de,5855591218,Data Analyst,data analyst,3,102,306,2026-09-03T11:48:58.970502+00:00,2026-09-03
de-5855599314,de,5855599314,Data Analyst,data analyst,3,101,306,2026-09-03T11:48:58.970502+00:00,2026-09-03
de-5856263806,de,5856263806,Data Analyst,datenanalyst,1,6,25,2026-09-03T11:48:58.970502+00:00,2026-09-03
de-5856263876,de,5856263876,BI Analyst,BI analyst,1,2,19,2026-09-03T11:48:58.970502+00:00,2026-09-03
de-5856263876,de,5856263876,Data Analyst,data analyst,2,100,306,2026-09-03T11:48:58.970502+00:00,2026-09-03
de-5856263975,de,5856263975,BI Analyst,business intelligence analyst,1,7,14,2026-09-03T11:48:58.970502+00:00,2026-09-03
de-5856263975,de,5856263975,Data Analyst,data analyst,2,99,306,2026-09-03T11:48:58.970502+00:00,2026-09-03
de-5856676532,de,5856676532,Data Analyst,data analyst,2,98,306,2026-09-03T11:48:58.970502+00:00,2026-09-03
de-5856974440,de,5856974440,Data Analyst,data analyst,2,97,306,2026-09-03T11:48:58.970502+00:00,2026-09-03
de-5857113284,de,5857113284,Data Analyst,data analyst,2,96,306,2026-09-03T11:48:58.970502+00:00,2026-09-03
de-5857315270,de,5857315270,Data Analyst,data analyst,2,95,306,2026-09-03T11:48:58.970502+00:00,2026-09-03
de-5857319234,de,5857319234,Data Analyst,data analyst,2,94,306,2026-09-03T11:48:58.970502+00:00,2026-09-03
de-5857626297,de,5857626297,Data Analyst,data analyst,2,93,306,2026-09-03T11:48:58.970502+00:00,2026-09-03
de-5857799876,de,5857799876,Data Analyst,data analyst,2,92,306,2026-09-03T11:48:58.970502+00:00,2026-09-03
de-5857805575,de,5857805575,Data Analyst,data analyst,2,91,306,2026-09-03T11:48:58.970502+00:00,2026-09-03
de-5857993681,de,5857993681,Data Analyst,data analyst,2,90,306,2026-09-03T11:48:58.970502+00:00,2026-09-03
de-5858005152,de,5858005152,BI Analyst,business intelligence analyst,1,6,14,2026-09-03T11:48:58.970502+00:00,2026-09-03
de-5858169364,de,5858169364,Data Analyst,data analyst,2,89,306,2026-09-03T11:48:58.970502+00:00,2026-09-03
de-5858186004,de,5858186004,Data Analyst,data analyst,2,88,306,2026-09-03T11:48:58.970502+00:00,2026-09-03
de-5858230960,de,5858230960,Data Analyst,data analyst,2,87,306,2026-09-03T11:48:58.970502+00:00,2026-09-03
de-5858237375,de,5858237375,Data Analyst,data analyst,2,86,306,2026-09-03T11:48:58.970502+00:00,2026-09-03
de-5858241214,de,5858241214,Data Analyst,data analyst,2,84,306,2026-09-03T11:48:58.970502+00:00,2026-09-03
de-5858241215,de,5858241215,Data Analyst,data analyst,2,76,306,2026-09-03T11:48:58.970502+00:00,2026-09-03
de-5858241216,de,5858241216,Data Analyst,data analyst,2,83,306,2026-09-03T11:48:58.970502+00:00,2026-09-03
de-5858241217,de,5858241217,Data Analyst,data analyst,2,79,306,2026-09-03T11:48:58.970502+00:00,2026-09-03
de-5858241220,de,5858241220,Data Analyst,data analyst,2,81,306,2026-09-03T11:48:58.970502+00:00,2026-09-03
de-5858241222,de,5858241222,Data Analyst,data analyst,2,78,306,2026-09-03T11:48:58.970502+00:00,2026-09-03
de-5858241224,de,5858241224,Data Analyst,data analyst,2,85,306,2026-09-03T11:48:58.970502+00:00,2026-09-03
de-5858241225,de,5858241225,Data Analyst,data analyst,2,82,306,2026-09-03T11:48:58.970502+00:00,2026-09-03
de-5858241230,de,5858241230,Data Analyst,data analyst,2,75,306,2026-09-03T11:48:58.970502+00:00,2026-09-03
de-5858241232,de,5858241232,Data Analyst,data analyst,2,77,306,2026-09-03T11:48:58.970502+00:00,2026-09-03
de-5858241233,de,5858241233,Data Analyst,data analyst,2,80,306,2026-09-03T11:48:58.970502+00:00,2026-09-03
de-5858241234,de,5858241234,Data Analyst,data analyst,2,66,306,2026-09-03T11:48:58.970502+00:00,2026-09-03
de-5858241235,de,5858241235,Data Analyst,data analyst,2,71,306,2026-09-03T11:48:58.970502+00:00,2026-09-03
de-5858241236,de,5858241236,Data Analyst,data analyst,2,69,306,2026-09-03T11:48:58.970502+00:00,2026-09-03
de-5858241237,de,5858241237,Data Analyst,data analyst,2,67,306,2026-09-03T11:48:58.970502+00:00,2026-09-03
de-5858241238,de,5858241238,Data Analyst,data analyst,2,73,306,2026-09-03T11:48:58.970502+00:00,2026-09-03
de-5858241239,de,5858241239,Data Analyst,data analyst,2,65,306,2026-09-03T11:48:58.970502+00:00,2026-09-03
de-5858241240,de,5858241240,Data Analyst,data analyst,2,72,306,2026-09-03T11:48:58.970502+00:00,2026-09-03
de-5858241241,de,5858241241,Data Analyst,data analyst,2,74,306,2026-09-03T11:48:58.970502+00:00,2026-09-03
de-5858241243,de,5858241243,Data Analyst,data analyst,2,70,306,2026-09-03T11:48:58.970502+00:00,2026-09-03
de-5858241244,de,5858241244,Data Analyst,data analyst,2,68,306,2026-09-03T11:48:58.970502+00:00,2026-09-03
de-5858241247,de,5858241247,Data Analyst,data analyst,2,64,306,2026-09-03T11:48:58.970502+00:00,2026-09-03
de-5858242933,de,5858242933,BI Analyst,business intelligence analyst,1,5,14,2026-09-03T11:48:58.970502+00:00,2026-09-03
de-5858265769,de,5858265769,Data Analyst,data analyst,2,63,306,2026-09-03T11:48:58.970502+00:00,2026-09-03
de-5858329815,de,5858329815,Data Analyst,data analyst,2,62,306,2026-09-03T11:48:58.970502+00:00,2026-09-03
de-5858487962,de,5858487962,Data Analyst,datenanalyst,1,5,25,2026-09-03T11:48:58.970502+00:00,2026-09-03
de-5858502266,de,5858502266,Data Analyst,data analyst,2,61,306,2026-09-03T11:48:58.970502+00:00,2026-09-03
de-5858502452,de,5858502452,Data Analyst,data analyst,2,60,306,2026-09-03T11:48:58.970502+00:00,2026-09-03
de-5858506058,de,5858506058,Data Analyst,datenanalyst,1,4,25,2026-09-03T11:48:58.970502+00:00,2026-09-03
de-5858512268,de,5858512268,Data Analyst,data analyst,2,59,306,2026-09-03T11:48:58.970502+00:00,2026-09-03
de-5858577600,de,5858577600,BI Analyst,business intelligence analyst,1,4,14,2026-09-03T11:48:58.970502+00:00,2026-09-03
de-5858577600,de,5858577600,Data Analyst,data analyst,2,58,306,2026-09-03T11:48:58.970502+00:00,2026-09-03
de-5858661082,de,5858661082,Data Analyst,data analyst,2,57,306,2026-09-03T11:48:58.970502+00:00,2026-09-03
de-5858728979,de,5858728979,Data Analyst,data analyst,2,56,306,2026-09-03T11:48:58.970502+00:00,2026-09-03
de-5858838387,de,5858838387,Data Analyst,data analyst,2,55,306,2026-09-03T11:48:58.970502+00:00,2026-09-03
de-5858907192,de,5858907192,BI Analyst,business intelligence analyst,1,3,14,2026-09-03T11:48:58.970502+00:00,2026-09-03
de-5858907192,de,5858907192,Data Analyst,data analyst,2,54,306,2026-09-03T11:48:58.970502+00:00,2026-09-03
de-5859039489,de,5859039489,Business Analyst,business analyst,5,250,873,2026-09-03T11:48:58.970502+00:00,2026-09-03
de-5859053777,de,5859053777,Business Analyst,business analyst,5,249,873,2026-09-03T11:48:58.970502+00:00,2026-09-03
de-5859080940,de,5859080940,Business Analyst,business analyst,5,248,873,2026-09-03T11:48:58.970502+00:00,2026-09-03
de-5859138443,de,5859138443,Business Analyst,business analyst,5,247,873,2026-09-03T11:48:58.970502+00:00,2026-09-03
de-5859138453,de,5859138453,Data Analyst,data analyst,2,53,306,2026-09-03T11:48:58.970502+00:00,2026-09-03
de-5859138618,de,5859138618,Data Analyst,data analyst,2,52,306,2026-09-03T11:48:58.970502+00:00,2026-09-03
de-5859164772,de,5859164772,Business Analyst,business analyst,5,246,873,2026-09-03T11:48:58.970502+00:00,2026-09-03
de-5859164828,de,5859164828,Business Analyst,business analyst,5,245,873,2026-09-03T11:48:58.970502+00:00,2026-09-03
de-5859165714,de,5859165714,Data Analyst,data analyst,2,51,306,2026-09-03T11:48:58.970502+00:00,2026-09-03
de-5859468594,de,5859468594,Business Analyst,business analyst,5,244,873,2026-09-03T11:48:58.970502+00:00,2026-09-03
de-5859468644,de,5859468644,Business Analyst,business analyst,5,243,873,2026-09-03T11:48:58.970502+00:00,2026-09-03
de-5859468830,de,5859468830,Business Analyst,business analyst,5,241,873,2026-09-03T11:48:58.970502+00:00,2026-09-03
de-5859468831,de,5859468831,Business Analyst,business analyst,5,242,873,2026-09-03T11:48:58.970502+00:00,2026-09-03
de-5859468839,de,5859468839,Business Analyst,business analyst,5,240,873,2026-09-03T11:48:58.970502+00:00,2026-09-03
de-5859469035,de,5859469035,Business Analyst,business analyst,5,239,873,2026-09-03T11:48:58.970502+00:00,2026-09-03
de-5859469059,de,5859469059,Business Analyst,business analyst,5,237,873,2026-09-03T11:48:58.970502+00:00,2026-09-03
de-5859469064,de,5859469064,Business Analyst,business analyst,5,238,873,2026-09-03T11:48:58.970502+00:00,2026-09-03
de-5859469066,de,5859469066,Business Analyst,business analyst,5,236,873,2026-09-03T11:48:58.970502+00:00,2026-09-03
de-5859469069,de,5859469069,Business Analyst,business analyst,5,234,873,2026-09-03T11:48:58.970502+00:00,2026-09-03
de-5859469071,de,5859469071,Business Analyst,business analyst,5,233,873,2026-09-03T11:48:58.970502+00:00,2026-09-03
de-5859469073,de,5859469073,Business Analyst,business analyst,5,231,873,2026-09-03T11:48:58.970502+00:00,2026-09-03
de-5859469076,de,5859469076,Business Analyst,business analyst,5,235,873,2026-09-03T11:48:58.970502+00:00,2026-09-03
de-5859469085,de,5859469085,Business Analyst,business analyst,5,232,873,2026-09-03T11:48:58.970502+00:00,2026-09-03
de-5859577070,de,5859577070,Business Analyst,business analyst,5,230,873,2026-09-03T11:48:58.970502+00:00,2026-09-03
de-5859577143,de,5859577143,Business Analyst,business analyst,5,229,873,2026-09-03T11:48:58.970502+00:00,2026-09-03
de-5859634053,de,5859634053,Business Analyst,business analyst,5,228,873,2026-09-03T11:48:58.970502+00:00,2026-09-03
de-5859654609,de,5859654609,Data Analyst,data analyst,1,49,306,2026-09-03T11:48:58.970502+00:00,2026-09-03
de-5859654610,de,5859654610,Data Analyst,data analyst,1,48,306,2026-09-03T11:48:58.970502+00:00,2026-09-03
de-5859654611,de,5859654611,Data Analyst,data analyst,1,50,306,2026-09-03T11:48:58.970502+00:00,2026-09-03
de-5859654655,de,5859654655,Business Analyst,business analyst,5,227,873,2026-09-03T11:48:58.970502+00:00,2026-09-03
de-5859864602,de,5859864602,Business Analyst,business analyst,5,226,873,2026-09-03T11:48:58.970502+00:00,2026-09-03
de-5859864602,de,5859864602,Data Analyst,data analyst,1,47,306,2026-09-03T11:48:58.970502+00:00,2026-09-03
de-5859864704,de,5859864704,Business Analyst,business analyst,5,225,873,2026-09-03T11:48:58.970502+00:00,2026-09-03
de-5859864960,de,5859864960,Business Analyst,business analyst,5,224,873,2026-09-03T11:48:58.970502+00:00,2026-09-03
de-5859871991,de,5859871991,Data Analyst,data analyst,1,46,306,2026-09-03T11:48:58.970502+00:00,2026-09-03
de-5859884613,de,5859884613,Business Analyst,business analyst,5,223,873,2026-09-03T11:48:58.970502+00:00,2026-09-03
de-5859890717,de,5859890717,Data Analyst,data analyst,1,45,306,2026-09-03T11:48:58.970502+00:00,2026-09-03
de-5859891409,de,5859891409,Data Analyst,data analyst,1,44,306,2026-09-03T11:48:58.970502+00:00,2026-09-03
de-5860576239,de,5860576239,Business Analyst,business analyst,5,222,873,2026-09-03T11:48:58.970502+00:00,2026-09-03
de-5860576256,de,5860576256,Data Analyst,data analyst,1,43,306,2026-09-03T11:48:58.970502+00:00,2026-09-03
de-5860640287,de,5860640287,Business Analyst,business analyst,5,221,873,2026-09-03T11:48:58.970502+00:00,2026-09-03
de-5860640491,de,5860640491,Business Analyst,business analyst,5,220,873,2026-09-03T11:48:58.970502+00:00,2026-09-03
de-5860672349,de,5860672349,Data Analyst,data analyst,1,42,306,2026-09-03T11:48:58.970502+00:00,2026-09-03
de-5860709582,de,5860709582,Business Analyst,business analyst,5,219,873,2026-09-03T11:48:58.970502+00:00,2026-09-03
de-5860798575,de,5860798575,Data Analyst,data analyst,1,41,306,2026-09-03T11:48:58.970502+00:00,2026-09-03
de-5860801882,de,5860801882,Business Analyst,business analyst,5,218,873,2026-09-03T11:48:58.970502+00:00,2026-09-03
de-5860965355,de,5860965355,Business Analyst,business analyst,5,217,873,2026-09-03T11:48:58.970502+00:00,2026-09-03
de-5860976051,de,5860976051,Business Analyst,business analyst,5,216,873,2026-09-03T11:48:58.970502+00:00,2026-09-03
de-5861020267,de,5861020267,Business Analyst,business analyst,5,215,873,2026-09-03T11:48:58.970502+00:00,2026-09-03
de-5861202126,de,5861202126,Data Analyst,data analyst,1,40,306,2026-09-03T11:48:58.970502+00:00,2026-09-03
de-5861205144,de,5861205144,Business Analyst,business analyst,5,214,873,2026-09-03T11:48:58.970502+00:00,2026-09-03
de-5861225956,de,5861225956,Data Analyst,data analyst,1,39,306,2026-09-03T11:48:58.970502+00:00,2026-09-03
de-5861307583,de,5861307583,Data Analyst,data analyst,1,38,306,2026-09-03T11:48:58.970502+00:00,2026-09-03
de-5861314826,de,5861314826,Data Analyst,data analyst,1,37,306,2026-09-03T11:48:58.970502+00:00,2026-09-03
de-5861335301,de,5861335301,Business Analyst,business analyst,5,213,873,2026-09-03T11:48:58.970502+00:00,2026-09-03
de-5861342350,de,5861342350,Business Analyst,business analyst,5,212,873,2026-09-03T11:48:58.970502+00:00,2026-09-03
de-5861423228,de,5861423228,Business Analyst,business analyst,5,211,873,2026-09-03T11:48:58.970502+00:00,2026-09-03
de-5861819744,de,5861819744,Business Analyst,business analyst,5,210,873,2026-09-03T11:48:58.970502+00:00,2026-09-03
de-5861820478,de,5861820478,Business Analyst,business analyst,5,209,873,2026-09-03T11:48:58.970502+00:00,2026-09-03
de-5861955259,de,5861955259,Business Analyst,business analyst,5,208,873,2026-09-03T11:48:58.970502+00:00,2026-09-03
de-5861988121,de,5861988121,Business Analyst,business analyst,5,207,873,2026-09-03T11:48:58.970502+00:00,2026-09-03
de-5861988136,de,5861988136,Business Analyst,business analyst,5,206,873,2026-09-03T11:48:58.970502+00:00,2026-09-03
de-5861994468,de,5861994468,Business Analyst,business analyst,5,203,873,2026-09-03T11:48:58.970502+00:00,2026-09-03
de-5861994469,de,5861994469,Business Analyst,business analyst,5,205,873,2026-09-03T11:48:58.970502+00:00,2026-09-03
de-5861994470,de,5861994470,Business Analyst,business analyst,5,204,873,2026-09-03T11:48:58.970502+00:00,2026-09-03
de-5861994472,de,5861994472,Business Analyst,business analyst,4,200,873,2026-09-03T11:48:58.970502+00:00,2026-09-03
de-5861994473,de,5861994473,Business Analyst,business analyst,5,202,873,2026-09-03T11:48:58.970502+00:00,2026-09-03
de-5861994478,de,5861994478,Business Analyst,business analyst,5,201,873,2026-09-03T11:48:58.970502+00:00,2026-09-03
de-5861994503,de,5861994503,Business Analyst,business analyst,4,199,873,2026-09-03T11:48:58.970502+00:00,2026-09-03
de-5861994508,de,5861994508,Business Analyst,business analyst,4,195,873,2026-09-03T11:48:58.970502+00:00,2026-09-03
de-5861994509,de,5861994509,Business Analyst,business analyst,4,197,873,2026-09-03T11:48:58.970502+00:00,2026-09-03
de-5861994511,de,5861994511,Business Analyst,business analyst,4,198,873,2026-09-03T11:48:58.970502+00:00,2026-09-03
de-5861994513,de,5861994513,Business Analyst,business analyst,4,196,873,2026-09-03T11:48:58.970502+00:00,2026-09-03
de-5861994826,de,5861994826,Business Analyst,business analyst,4,188,873,2026-09-03T11:48:58.970502+00:00,2026-09-03
de-5861994827,de,5861994827,Business Analyst,business analyst,4,193,873,2026-09-03T11:48:58.970502+00:00,2026-09-03
de-5861994828,de,5861994828,Business Analyst,business analyst,4,194,873,2026-09-03T11:48:58.970502+00:00,2026-09-03
de-5861994829,de,5861994829,Business Analyst,business analyst,4,190,873,2026-09-03T11:48:58.970502+00:00,2026-09-03
de-5861994830,de,5861994830,Business Analyst,business analyst,4,187,873,2026-09-03T11:48:58.970502+00:00,2026-09-03
de-5861994831,de,5861994831,Business Analyst,business analyst,4,191,873,2026-09-03T11:48:58.970502+00:00,2026-09-03
de-5861994832,de,5861994832,Business Analyst,business analyst,4,192,873,2026-09-03T11:48:58.970502+00:00,2026-09-03
de-5861994834,de,5861994834,Business Analyst,business analyst,4,189,873,2026-09-03T11:48:58.970502+00:00,2026-09-03
de-5861994844,de,5861994844,Data Analyst,data analyst,1,35,306,2026-09-03T11:48:58.970502+00:00,2026-09-03
de-5861994845,de,5861994845,Data Analyst,data analyst,1,36,306,2026-09-03T11:48:58.970502+00:00,2026-09-03
de-5861994868,de,5861994868,Business Analyst,business analyst,4,186,873,2026-09-03T11:48:58.970502+00:00,2026-09-03
de-5861994868,de,5861994868,Data Analyst,data analyst,1,34,306,2026-09-03T11:48:58.970502+00:00,2026-09-03
de-5862007375,de,5862007375,Business Analyst,business analyst,4,185,873,2026-09-03T11:48:58.970502+00:00,2026-09-03
de-5862012082,de,5862012082,Business Analyst,business analyst,4,184,873,2026-09-03T11:48:58.970502+00:00,2026-09-03
de-5862103183,de,5862103183,Data Analyst,data analyst,1,33,306,2026-09-03T11:48:58.970502+00:00,2026-09-03
de-5862118873,de,5862118873,Data Analyst,data analyst,1,32,306,2026-09-03T11:48:58.970502+00:00,2026-09-03
de-5862125839,de,5862125839,Data Analyst,datenanalyst,1,3,25,2026-09-03T11:48:58.970502+00:00,2026-09-03
de-5862258978,de,5862258978,Business Analyst,business analyst,4,183,873,2026-09-03T11:48:58.970502+00:00,2026-09-03
de-5862288338,de,5862288338,Business Analyst,business analyst,4,182,873,2026-09-03T11:48:58.970502+00:00,2026-09-03
de-5862329433,de,5862329433,Business Analyst,business analyst,4,181,873,2026-09-03T11:48:58.970502+00:00,2026-09-03
de-5862714695,de,5862714695,Business Analyst,business analyst,4,180,873,2026-09-03T11:48:58.970502+00:00,2026-09-03
de-5862716394,de,5862716394,Business Analyst,business analyst,4,179,873,2026-09-03T11:48:58.970502+00:00,2026-09-03
de-5862717574,de,5862717574,Business Analyst,business analyst,4,178,873,2026-09-03T11:48:58.970502+00:00,2026-09-03
de-5862806904,de,5862806904,Business Analyst,business analyst,4,176,873,2026-09-03T11:48:58.970502+00:00,2026-09-03
de-5862806906,de,5862806906,Business Analyst,business analyst,4,177,873,2026-09-03T11:48:58.970502+00:00,2026-09-03
de-5862806907,de,5862806907,Business Analyst,business analyst,4,175,873,2026-09-03T11:48:58.970502+00:00,2026-09-03
de-5862806951,de,5862806951,Data Analyst,data analyst,1,31,306,2026-09-03T11:48:58.970502+00:00,2026-09-03
de-5862897810,de,5862897810,Business Analyst,business analyst,4,174,873,2026-09-03T11:48:58.970502+00:00,2026-09-03
de-5862977152,de,5862977152,Business Analyst,business analyst,4,173,873,2026-09-03T11:48:58.970502+00:00,2026-09-03
de-5862977281,de,5862977281,Business Analyst,business analyst,4,172,873,2026-09-03T11:48:58.970502+00:00,2026-09-03
de-5862977730,de,5862977730,Business Analyst,business analyst,4,170,873,2026-09-03T11:48:58.970502+00:00,2026-09-03
de-5862977733,de,5862977733,Business Analyst,business analyst,4,171,873,2026-09-03T11:48:58.970502+00:00,2026-09-03
de-5862977741,de,5862977741,Business Analyst,business analyst,4,169,873,2026-09-03T11:48:58.970502+00:00,2026-09-03
de-5862979192,de,5862979192,Business Analyst,business analyst,4,168,873,2026-09-03T11:48:58.970502+00:00,2026-09-03
de-5862980122,de,5862980122,Business Analyst,business analyst,4,167,873,2026-09-03T11:48:58.970502+00:00,2026-09-03
de-5862980478,de,5862980478,Business Analyst,business analyst,4,166,873,2026-09-03T11:48:58.970502+00:00,2026-09-03
de-5862980652,de,5862980652,Business Analyst,business analyst,4,165,873,2026-09-03T11:48:58.970502+00:00,2026-09-03
de-5862982633,de,5862982633,Data Analyst,data analyst,1,30,306,2026-09-03T11:48:58.970502+00:00,2026-09-03
de-5863094623,de,5863094623,Data Analyst,data analyst,1,29,306,2026-09-03T11:48:58.970502+00:00,2026-09-03
de-5863104389,de,5863104389,Business Analyst,business analyst,4,164,873,2026-09-03T11:48:58.970502+00:00,2026-09-03
de-5863125365,de,5863125365,Business Analyst,business analyst,4,163,873,2026-09-03T11:48:58.970502+00:00,2026-09-03
de-5863125463,de,5863125463,Business Analyst,business analyst,4,162,873,2026-09-03T11:48:58.970502+00:00,2026-09-03
de-5863142101,de,5863142101,Business Analyst,business analyst,4,161,873,2026-09-03T11:48:58.970502+00:00,2026-09-03
de-5863447350,de,5863447350,Business Analyst,business analyst,4,160,873,2026-09-03T11:48:58.970502+00:00,2026-09-03
de-5863503315,de,5863503315,Business Analyst,business analyst,4,159,873,2026-09-03T11:48:58.970502+00:00,2026-09-03
de-5863612058,de,5863612058,Business Analyst,business analyst,4,158,873,2026-09-03T11:48:58.970502+00:00,2026-09-03
de-5863612058,de,5863612058,Data Analyst,data analyst,1,28,306,2026-09-03T11:48:58.970502+00:00,2026-09-03
de-5863750862,de,5863750862,Business Analyst,business analyst,4,157,873,2026-09-03T11:48:58.970502+00:00,2026-09-03
de-5863752809,de,5863752809,Business Analyst,business analyst,4,156,873,2026-09-03T11:48:58.970502+00:00,2026-09-03
de-5863811381,de,5863811381,Business Analyst,business analyst,4,155,873,2026-09-03T11:48:58.970502+00:00,2026-09-03
de-5863811463,de,5863811463,Data Analyst,data analyst,1,27,306,2026-09-03T11:48:58.970502+00:00,2026-09-03
de-5863811858,de,5863811858,Business Analyst,business analyst,4,154,873,2026-09-03T11:48:58.970502+00:00,2026-09-03
de-5863939617,de,5863939617,Business Analyst,business analyst,4,153,873,2026-09-03T11:48:58.970502+00:00,2026-09-03
de-5864048150,de,5864048150,Data Analyst,data analyst,1,26,306,2026-09-03T11:48:58.970502+00:00,2026-09-03
de-5864048151,de,5864048151,Data Analyst,data analyst,1,24,306,2026-09-03T11:48:58.970502+00:00,2026-09-03
de-5864048154,de,5864048154,Data Analyst,data analyst,1,25,306,2026-09-03T11:48:58.970502+00:00,2026-09-03
de-5864048165,de,5864048165,Business Analyst,business analyst,4,152,873,2026-09-03T11:48:58.970502+00:00,2026-09-03
de-5864048178,de,5864048178,Business Analyst,business analyst,4,151,873,2026-09-03T11:48:58.970502+00:00,2026-09-03
de-5864048207,de,5864048207,Business Analyst,business analyst,3,149,873,2026-09-03T11:48:58.970502+00:00,2026-09-03
de-5864048209,de,5864048209,Business Analyst,business analyst,3,150,873,2026-09-03T11:48:58.970502+00:00,2026-09-03
de-5864096691,de,5864096691,Business Analyst,business analyst,3,148,873,2026-09-03T11:48:58.970502+00:00,2026-09-03
de-5864441500,de,5864441500,Data Analyst,data analyst,1,23,306,2026-09-03T11:48:58.970502+00:00,2026-09-03
de-5864593761,de,5864593761,Data Analyst,data analyst,1,22,306,2026-09-03T11:48:58.970502+00:00,2026-09-03
de-5864749736,de,5864749736,Business Analyst,business analyst,3,146,873,2026-09-03T11:48:58.970502+00:00,2026-09-03
de-5864749737,de,5864749737,Business Analyst,business analyst,3,147,873,2026-09-03T11:48:58.970502+00:00,2026-09-03
de-5864749745,de,5864749745,Business Analyst,business analyst,3,141,873,2026-09-03T11:48:58.970502+00:00,2026-09-03
de-5864749751,de,5864749751,Business Analyst,business analyst,3,142,873,2026-09-03T11:48:58.970502+00:00,2026-09-03
de-5864749756,de,5864749756,Business Analyst,business analyst,3,145,873,2026-09-03T11:48:58.970502+00:00,2026-09-03
de-5864749772,de,5864749772,Business Analyst,business analyst,3,140,873,2026-09-03T11:48:58.970502+00:00,2026-09-03
de-5864749782,de,5864749782,Business Analyst,business analyst,3,144,873,2026-09-03T11:48:58.970502+00:00,2026-09-03
de-5864749788,de,5864749788,Business Analyst,business analyst,3,143,873,2026-09-03T11:48:58.970502+00:00,2026-09-03
de-5864750288,de,5864750288,Business Analyst,business analyst,3,139,873,2026-09-03T11:48:58.970502+00:00,2026-09-03
de-5864751829,de,5864751829,Data Analyst,data analyst,1,21,306,2026-09-03T11:48:58.970502+00:00,2026-09-03
de-5864752274,de,5864752274,Business Analyst,business analyst,3,138,873,2026-09-03T11:48:58.970502+00:00,2026-09-03
de-5864752337,de,5864752337,Business Analyst,business analyst,3,137,873,2026-09-03T11:48:58.970502+00:00,2026-09-03
de-5864752337,de,5864752337,Data Analyst,data analyst,1,20,306,2026-09-03T11:48:58.970502+00:00,2026-09-03
de-5864753942,de,5864753942,Business Analyst,business analyst,3,136,873,2026-09-03T11:48:58.970502+00:00,2026-09-03
de-5864754317,de,5864754317,Business Analyst,business analyst,3,133,873,2026-09-03T11:48:58.970502+00:00,2026-09-03
de-5864754326,de,5864754326,Business Analyst,business analyst,3,134,873,2026-09-03T11:48:58.970502+00:00,2026-09-03
de-5864754327,de,5864754327,Business Analyst,business analyst,3,132,873,2026-09-03T11:48:58.970502+00:00,2026-09-03
de-5864754340,de,5864754340,Business Analyst,business analyst,3,135,873,2026-09-03T11:48:58.970502+00:00,2026-09-03
de-5864754347,de,5864754347,Business Analyst,business analyst,3,131,873,2026-09-03T11:48:58.970502+00:00,2026-09-03
de-5864754351,de,5864754351,Business Analyst,business analyst,3,119,873,2026-09-03T11:48:58.970502+00:00,2026-09-03
de-5864754352,de,5864754352,Business Analyst,business analyst,3,120,873,2026-09-03T11:48:58.970502+00:00,2026-09-03
de-5864754355,de,5864754355,Business Analyst,business analyst,3,130,873,2026-09-03T11:48:58.970502+00:00,2026-09-03
de-5864754356,de,5864754356,Business Analyst,business analyst,3,122,873,2026-09-03T11:48:58.970502+00:00,2026-09-03
de-5864754357,de,5864754357,Business Analyst,business analyst,3,126,873,2026-09-03T11:48:58.970502+00:00,2026-09-03
de-5864754360,de,5864754360,Business Analyst,business analyst,3,124,873,2026-09-03T11:48:58.970502+00:00,2026-09-03
de-5864754361,de,5864754361,Business Analyst,business analyst,3,125,873,2026-09-03T11:48:58.970502+00:00,2026-09-03
de-5864754368,de,5864754368,Business Analyst,business analyst,3,128,873,2026-09-03T11:48:58.970502+00:00,2026-09-03
de-5864754374,de,5864754374,Business Analyst,business analyst,3,121,873,2026-09-03T11:48:58.970502+00:00,2026-09-03
de-5864754377,de,5864754377,Business Analyst,business analyst,3,123,873,2026-09-03T11:48:58.970502+00:00,2026-09-03
de-5864754379,de,5864754379,Business Analyst,business analyst,3,129,873,2026-09-03T11:48:58.970502+00:00,2026-09-03
de-5864754412,de,5864754412,Business Analyst,business analyst,3,127,873,2026-09-03T11:48:58.970502+00:00,2026-09-03
de-5864754493,de,5864754493,Business Analyst,business analyst,3,118,873,2026-09-03T11:48:58.970502+00:00,2026-09-03
de-5864754539,de,5864754539,Business Analyst,business analyst,3,117,873,2026-09-03T11:48:58.970502+00:00,2026-09-03
de-5864785135,de,5864785135,Business Analyst,business analyst,3,116,873,2026-09-03T11:48:58.970502+00:00,2026-09-03
de-5864795879,de,5864795879,Data Analyst,datenanalyst,1,2,25,2026-09-03T11:48:58.970502+00:00,2026-09-03
de-5864798383,de,5864798383,Data Analyst,data analyst,1,19,306,2026-09-03T11:48:58.970502+00:00,2026-09-03
de-5864798580,de,5864798580,Business Analyst,business analyst,3,115,873,2026-09-03T11:48:58.970502+00:00,2026-09-03
de-5864798765,de,5864798765,Business Analyst,business analyst,3,114,873,2026-09-03T11:48:58.970502+00:00,2026-09-03
de-5864798890,de,5864798890,Business Analyst,business analyst,3,113,873,2026-09-03T11:48:58.970502+00:00,2026-09-03
de-5864800064,de,5864800064,Data Analyst,data analyst,1,18,306,2026-09-03T11:48:58.970502+00:00,2026-09-03
de-5864807023,de,5864807023,Business Analyst,business analyst,3,112,873,2026-09-03T11:48:58.970502+00:00,2026-09-03
de-5864807653,de,5864807653,Business Analyst,business analyst,3,111,873,2026-09-03T11:48:58.970502+00:00,2026-09-03
de-5865026942,de,5865026942,Business Analyst,business analyst,3,110,873,2026-09-03T11:48:58.970502+00:00,2026-09-03
de-5865037184,de,5865037184,Business Analyst,business analyst,3,109,873,2026-09-03T11:48:58.970502+00:00,2026-09-03
de-5865116840,de,5865116840,Business Analyst,business analyst,3,108,873,2026-09-03T11:48:58.970502+00:00,2026-09-03
de-5865118259,de,5865118259,Business Analyst,business analyst,3,107,873,2026-09-03T11:48:58.970502+00:00,2026-09-03
de-5865119499,de,5865119499,Business Analyst,business analyst,3,106,873,2026-09-03T11:48:58.970502+00:00,2026-09-03
de-5865131385,de,5865131385,Business Analyst,business analyst,3,105,873,2026-09-03T11:48:58.970502+00:00,2026-09-03
de-5865131791,de,5865131791,Business Analyst,business analyst,3,104,873,2026-09-03T11:48:58.970502+00:00,2026-09-03
de-5865131899,de,5865131899,Business Analyst,business analyst,3,103,873,2026-09-03T11:48:58.970502+00:00,2026-09-03
de-5865132455,de,5865132455,Data Analyst,data analyst,1,17,306,2026-09-03T11:48:58.970502+00:00,2026-09-03
de-5865133388,de,5865133388,Data Analyst,data analyst,1,16,306,2026-09-03T11:48:58.970502+00:00,2026-09-03
de-5865134438,de,5865134438,Business Analyst,business analyst,3,102,873,2026-09-03T11:48:58.970502+00:00,2026-09-03
de-5865134979,de,5865134979,Business Analyst,business analyst,3,101,873,2026-09-03T11:48:58.970502+00:00,2026-09-03
de-5865136526,de,5865136526,Business Analyst,business analyst,2,100,873,2026-09-03T11:48:58.970502+00:00,2026-09-03
de-5865142866,de,5865142866,Business Analyst,business analyst,2,99,873,2026-09-03T11:48:58.970502+00:00,2026-09-03
de-5865142866,de,5865142866,BI Analyst,business intelligence analyst,1,2,14,2026-09-03T11:48:58.970502+00:00,2026-09-03
de-5865143951,de,5865143951,Business Analyst,business analyst,2,98,873,2026-09-03T11:48:58.970502+00:00,2026-09-03
de-5865242906,de,5865242906,Business Analyst,business analyst,2,97,873,2026-09-03T11:48:58.970502+00:00,2026-09-03
de-5865808146,de,5865808146,Business Analyst,business analyst,2,96,873,2026-09-03T11:48:58.970502+00:00,2026-09-03
de-5865808878,de,5865808878,Business Analyst,business analyst,2,95,873,2026-09-03T11:48:58.970502+00:00,2026-09-03
de-5865814678,de,5865814678,Business Analyst,business analyst,2,94,873,2026-09-03T11:48:58.970502+00:00,2026-09-03
de-5865823718,de,5865823718,Business Analyst,business analyst,2,93,873,2026-09-03T11:48:58.970502+00:00,2026-09-03
de-5865823718,de,5865823718,BI Analyst,business intelligence analyst,1,1,14,2026-09-03T11:48:58.970502+00:00,2026-09-03
de-5865824572,de,5865824572,Business Analyst,business analyst,2,92,873,2026-09-03T11:48:58.970502+00:00,2026-09-03
de-5865994095,de,5865994095,Business Analyst,business analyst,2,91,873,2026-09-03T11:48:58.970502+00:00,2026-09-03
de-5866020234,de,5866020234,Business Analyst,business analyst,2,90,873,2026-09-03T11:48:58.970502+00:00,2026-09-03
de-5866023106,de,5866023106,Business Analyst,business analyst,2,89,873,2026-09-03T11:48:58.970502+00:00,2026-09-03
de-5866120252,de,5866120252,Business Analyst,business analyst,2,88,873,2026-09-03T11:48:58.970502+00:00,2026-09-03
de-5866219447,de,5866219447,Data Analyst,data analyst,1,15,306,2026-09-03T11:48:58.970502+00:00,2026-09-03
de-5866226827,de,5866226827,Business Analyst,business analyst,2,87,873,2026-09-03T11:48:58.970502+00:00,2026-09-03
de-5866227148,de,5866227148,Business Analyst,business analyst,2,86,873,2026-09-03T11:48:58.970502+00:00,2026-09-03
de-5866229420,de,5866229420,Business Analyst,business analyst,2,85,873,2026-09-03T11:48:58.970502+00:00,2026-09-03
de-5866269363,de,5866269363,Business Analyst,business analyst,2,84,873,2026-09-03T11:48:58.970502+00:00,2026-09-03
de-5866285263,de,5866285263,Business Analyst,business analyst,2,83,873,2026-09-03T11:48:58.970502+00:00,2026-09-03
de-5866312660,de,5866312660,Data Analyst,data analyst,1,14,306,2026-09-03T11:48:58.970502+00:00,2026-09-03
de-5866317873,de,5866317873,Business Analyst,business analyst,2,82,873,2026-09-03T11:48:58.970502+00:00,2026-09-03
de-5866320361,de,5866320361,Business Analyst,business analyst,2,81,873,2026-09-03T11:48:58.970502+00:00,2026-09-03
de-5866324951,de,5866324951,Business Analyst,business analyst,2,80,873,2026-09-03T11:48:58.970502+00:00,2026-09-03
de-5866330444,de,5866330444,Business Analyst,business analyst,2,79,873,2026-09-03T11:48:58.970502+00:00,2026-09-03
de-5866332256,de,5866332256,Data Analyst,data analyst,1,13,306,2026-09-03T11:48:58.970502+00:00,2026-09-03
de-5866332635,de,5866332635,Data Analyst,datenanalyst,1,1,25,2026-09-03T11:48:58.970502+00:00,2026-09-03
de-5866339947,de,5866339947,Business Analyst,business analyst,2,78,873,2026-09-03T11:48:58.970502+00:00,2026-09-03
de-5866342213,de,5866342213,Business Analyst,business analyst,2,77,873,2026-09-03T11:48:58.970502+00:00,2026-09-03
de-5866343995,de,5866343995,Business Analyst,business analyst,2,76,873,2026-09-03T11:48:58.970502+00:00,2026-09-03
de-5866572896,de,5866572896,Business Analyst,business analyst,2,75,873,2026-09-03T11:48:58.970502+00:00,2026-09-03
de-5866676670,de,5866676670,Business Analyst,business analyst,2,74,873,2026-09-03T11:48:58.970502+00:00,2026-09-03
de-5866676779,de,5866676779,Business Analyst,business analyst,2,72,873,2026-09-03T11:48:58.970502+00:00,2026-09-03
de-5866676782,de,5866676782,Business Analyst,business analyst,2,73,873,2026-09-03T11:48:58.970502+00:00,2026-09-03
de-5866676789,de,5866676789,Business Analyst,business analyst,2,69,873,2026-09-03T11:48:58.970502+00:00,2026-09-03
de-5866676790,de,5866676790,Business Analyst,business analyst,2,71,873,2026-09-03T11:48:58.970502+00:00,2026-09-03
de-5866676792,de,5866676792,Business Analyst,business analyst,2,70,873,2026-09-03T11:48:58.970502+00:00,2026-09-03
de-5866676799,de,5866676799,Business Analyst,business analyst,2,68,873,2026-09-03T11:48:58.970502+00:00,2026-09-03
de-5866676803,de,5866676803,Business Analyst,business analyst,2,67,873,2026-09-03T11:48:58.970502+00:00,2026-09-03
de-5866676853,de,5866676853,Business Analyst,business analyst,2,66,873,2026-09-03T11:48:58.970502+00:00,2026-09-03
de-5866676876,de,5866676876,Business Analyst,business analyst,2,65,873,2026-09-03T11:48:58.970502+00:00,2026-09-03
de-5866677108,de,5866677108,Business Analyst,business analyst,2,64,873,2026-09-03T11:48:58.970502+00:00,2026-09-03
de-5866677158,de,5866677158,Business Analyst,business analyst,2,63,873,2026-09-03T11:48:58.970502+00:00,2026-09-03
de-5866725007,de,5866725007,Business Analyst,business analyst,2,62,873,2026-09-03T11:48:58.970502+00:00,2026-09-03
de-5866919183,de,5866919183,Business Analyst,business analyst,2,61,873,2026-09-03T11:48:58.970502+00:00,2026-09-03
de-5866919499,de,5866919499,Business Analyst,business analyst,2,60,873,2026-09-03T11:48:58.970502+00:00,2026-09-03
de-5866943465,de,5866943465,Business Analyst,business analyst,2,59,873,2026-09-03T11:48:58.970502+00:00,2026-09-03
de-5867004154,de,5867004154,Data Analyst,data analyst,1,12,306,2026-09-03T11:48:58.970502+00:00,2026-09-03
de-5867040194,de,5867040194,Business Analyst,business analyst,2,58,873,2026-09-03T11:48:58.970502+00:00,2026-09-03
de-5867042761,de,5867042761,Business Analyst,business analyst,2,57,873,2026-09-03T11:48:58.970502+00:00,2026-09-03
de-5867067715,de,5867067715,Business Analyst,business analyst,2,56,873,2026-09-03T11:48:58.970502+00:00,2026-09-03
de-5867100794,de,5867100794,Business Analyst,business analyst,2,55,873,2026-09-03T11:48:58.970502+00:00,2026-09-03
de-5867100988,de,5867100988,Business Analyst,business analyst,2,54,873,2026-09-03T11:48:58.970502+00:00,2026-09-03
de-5867128805,de,5867128805,Data Analyst,data analyst,1,11,306,2026-09-03T11:48:58.970502+00:00,2026-09-03
de-5867180620,de,5867180620,Business Analyst,business analyst,2,53,873,2026-09-03T11:48:58.970502+00:00,2026-09-03
de-5867197926,de,5867197926,Business Analyst,business analyst,2,52,873,2026-09-03T11:48:58.970502+00:00,2026-09-03
de-5867197926,de,5867197926,Data Analyst,data analyst,1,10,306,2026-09-03T11:48:58.970502+00:00,2026-09-03
de-5867219861,de,5867219861,Business Analyst,business analyst,2,51,873,2026-09-03T11:48:58.970502+00:00,2026-09-03
de-5867225687,de,5867225687,Business Analyst,business analyst,1,50,873,2026-09-03T11:48:58.970502+00:00,2026-09-03
de-5867230022,de,5867230022,Business Analyst,business analyst,1,49,873,2026-09-03T11:48:58.970502+00:00,2026-09-03
de-5867235006,de,5867235006,Business Analyst,business analyst,1,48,873,2026-09-03T11:48:58.970502+00:00,2026-09-03
de-5867251090,de,5867251090,Business Analyst,business analyst,1,47,873,2026-09-03T11:48:58.970502+00:00,2026-09-03
de-5867256368,de,5867256368,Data Analyst,data analyst,1,9,306,2026-09-03T11:48:58.970502+00:00,2026-09-03
de-5867259205,de,5867259205,Business Analyst,business analyst,1,46,873,2026-09-03T11:48:58.970502+00:00,2026-09-03
de-5867264784,de,5867264784,Data Analyst,data analyst,1,8,306,2026-09-03T11:48:58.970502+00:00,2026-09-03
de-5867276716,de,5867276716,Data Analyst,data analyst,1,7,306,2026-09-03T11:48:58.970502+00:00,2026-09-03
de-5867277494,de,5867277494,Business Analyst,business analyst,1,45,873,2026-09-03T11:48:58.970502+00:00,2026-09-03
de-5867283266,de,5867283266,Business Analyst,business analyst,1,44,873,2026-09-03T11:48:58.970502+00:00,2026-09-03
de-5867288207,de,5867288207,Business Analyst,business analyst,1,43,873,2026-09-03T11:48:58.970502+00:00,2026-09-03
de-5867306490,de,5867306490,Business Analyst,business analyst,1,42,873,2026-09-03T11:48:58.970502+00:00,2026-09-03
de-5867307429,de,5867307429,Data Analyst,data analyst,1,6,306,2026-09-03T11:48:58.970502+00:00,2026-09-03
de-5867424176,de,5867424176,Business Analyst,business analyst,1,41,873,2026-09-03T11:48:58.970502+00:00,2026-09-03
de-5867425265,de,5867425265,Business Analyst,business analyst,1,39,873,2026-09-03T11:48:58.970502+00:00,2026-09-03
de-5867425267,de,5867425267,Business Analyst,business analyst,1,40,873,2026-09-03T11:48:58.970502+00:00,2026-09-03
de-5867425839,de,5867425839,Business Analyst,business analyst,1,38,873,2026-09-03T11:48:58.970502+00:00,2026-09-03
de-5867425839,de,5867425839,Data Analyst,data analyst,1,5,306,2026-09-03T11:48:58.970502+00:00,2026-09-03
de-5867426501,de,5867426501,Business Analyst,business analyst,1,37,873,2026-09-03T11:48:58.970502+00:00,2026-09-03
de-5867427657,de,5867427657,Business Analyst,business analyst,1,36,873,2026-09-03T11:48:58.970502+00:00,2026-09-03
de-5867429706,de,5867429706,Business Analyst,business analyst,1,35,873,2026-09-03T11:48:58.970502+00:00,2026-09-03
de-5867431233,de,5867431233,Business Analyst,business analyst,1,34,873,2026-09-03T11:48:58.970502+00:00,2026-09-03
de-5867436476,de,5867436476,Business Analyst,business analyst,1,33,873,2026-09-03T11:48:58.970502+00:00,2026-09-03
de-5867438953,de,5867438953,Business Analyst,business analyst,1,32,873,2026-09-03T11:48:58.970502+00:00,2026-09-03
de-5867471986,de,5867471986,Business Analyst,business analyst,1,31,873,2026-09-03T11:48:58.970502+00:00,2026-09-03
de-5867625023,de,5867625023,Business Analyst,business analyst,1,30,873,2026-09-03T11:48:58.970502+00:00,2026-09-03
de-5867754936,de,5867754936,Business Analyst,business analyst,1,29,873,2026-09-03T11:48:58.970502+00:00,2026-09-03
de-5867799719,de,5867799719,Business Analyst,business analyst,1,28,873,2026-09-03T11:48:58.970502+00:00,2026-09-03
de-5867875799,de,5867875799,Business Analyst,business analyst,1,27,873,2026-09-03T11:48:58.970502+00:00,2026-09-03
de-5867925161,de,5867925161,Business Analyst,business analyst,1,26,873,2026-09-03T11:48:58.970502+00:00,2026-09-03
de-5867947830,de,5867947830,Business Analyst,business analyst,1,25,873,2026-09-03T11:48:58.970502+00:00,2026-09-03
de-5867955484,de,5867955484,Business Analyst,business analyst,1,24,873,2026-09-03T11:48:58.970502+00:00,2026-09-03
de-5867956442,de,5867956442,Business Analyst,business analyst,1,23,873,2026-09-03T11:48:58.970502+00:00,2026-09-03
de-5867957789,de,5867957789,Business Analyst,business analyst,1,22,873,2026-09-03T11:48:58.970502+00:00,2026-09-03
de-5867957948,de,5867957948,Business Analyst,business analyst,1,21,873,2026-09-03T11:48:58.970502+00:00,2026-09-03
de-5867969320,de,5867969320,Business Analyst,business analyst,1,20,873,2026-09-03T11:48:58.970502+00:00,2026-09-03
de-5867975001,de,5867975001,Business Analyst,business analyst,1,19,873,2026-09-03T11:48:58.970502+00:00,2026-09-03
de-5868012694,de,5868012694,Data Analyst,data analyst,1,4,306,2026-09-03T11:48:58.970502+00:00,2026-09-03
de-5868095631,de,5868095631,Business Analyst,business analyst,1,18,873,2026-09-03T11:48:58.970502+00:00,2026-09-03
de-5868096405,de,5868096405,Business Analyst,business analyst,1,17,873,2026-09-03T11:48:58.970502+00:00,2026-09-03
de-5868154580,de,5868154580,Business Analyst,business analyst,1,16,873,2026-09-03T11:48:58.970502+00:00,2026-09-03
de-5868154596,de,5868154596,BI Analyst,BI analyst,1,1,19,2026-09-03T11:48:58.970502+00:00,2026-09-03
de-5868154596,de,5868154596,Business Analyst,business analyst,1,15,873,2026-09-03T11:48:58.970502+00:00,2026-09-03
de-5868154596,de,5868154596,Data Analyst,data analyst,1,3,306,2026-09-03T11:48:58.970502+00:00,2026-09-03
de-5868157312,de,5868157312,Business Analyst,business analyst,1,14,873,2026-09-03T11:48:58.970502+00:00,2026-09-03
de-5868157506,de,5868157506,Business Analyst,business analyst,1,13,873,2026-09-03T11:48:58.970502+00:00,2026-09-03
de-5868158056,de,5868158056,Data Analyst,data analyst,1,2,306,2026-09-03T11:48:58.970502+00:00,2026-09-03
de-5868159742,de,5868159742,Business Analyst,business analyst,1,12,873,2026-09-03T11:48:58.970502+00:00,2026-09-03
de-5868160010,de,5868160010,Business Analyst,business analyst,1,11,873,2026-09-03T11:48:58.970502+00:00,2026-09-03
de-5868206952,de,5868206952,Business Analyst,business analyst,1,10,873,2026-09-03T11:48:58.970502+00:00,2026-09-03
de-5868211891,de,5868211891,Data Analyst,data analyst,1,1,306,2026-09-03T11:48:58.970502+00:00,2026-09-03
de-5868213464,de,5868213464,Business Analyst,business analyst,1,9,873,2026-09-03T11:48:58.970502+00:00,2026-09-03
de-5868413602,de,5868413602,Business Analyst,business analyst,1,8,873,2026-09-03T11:48:58.970502+00:00,2026-09-03
de-5868413713,de,5868413713,Business Analyst,business analyst,1,7,873,2026-09-03T11:48:58.970502+00:00,2026-09-03
de-5868413877,de,5868413877,Business Analyst,business analyst,1,6,873,2026-09-03T11:48:58.970502+00:00,2026-09-03
de-5868414016,de,5868414016,Business Analyst,business analyst,1,5,873,2026-09-03T11:48:58.970502+00:00,2026-09-03
de-5868414052,de,5868414052,Business Analyst,business analyst,1,4,873,2026-09-03T11:48:58.970502+00:00,2026-09-03
de-5868439002,de,5868439002,Business Analyst,business analyst,1,3,873,2026-09-03T11:48:58.970502+00:00,2026-09-03
de-5868510591,de,5868510591,Business Analyst,business analyst,1,2,873,2026-09-03T11:48:58.970502+00:00,2026-09-03
de-5868724453,de,5868724453,Business Analyst,business analyst,1,1,873,2026-09-03T11:48:58.970502+00:00,2026-09-03
es-3913351514,es,3913351514,Business Analyst,business analyst,4,173,173,2026-09-03T11:48:58.970502+00:00,2026-09-03
es-4338872287,es,4338872287,Data Analyst,analista de datos,1,28,28,2026-09-03T11:48:58.970502+00:00,2026-09-03
es-4844318797,es,4844318797,Data Analyst,analista de datos,1,27,28,2026-09-03T11:48:58.970502+00:00,2026-09-03
es-5053523221,es,5053523221,Data Analyst,data analyst,4,170,170,2026-09-03T11:48:58.970502+00:00,2026-09-03
es-5062368554,es,5062368554,Data Analyst,data analyst,4,169,170,2026-09-03T11:48:58.970502+00:00,2026-09-03
es-5414439868,es,5414439868,Business Analyst,business analyst,4,172,173,2026-09-03T11:48:58.970502+00:00,2026-09-03
es-5443261819,es,5443261819,Data Analyst,data analyst,4,168,170,2026-09-03T11:48:58.970502+00:00,2026-09-03
es-5448239326,es,5448239326,Business Analyst,business analyst,4,171,173,2026-09-03T11:48:58.970502+00:00,2026-09-03
es-5454305538,es,5454305538,Data Analyst,data analyst,4,167,170,2026-09-03T11:48:58.970502+00:00,2026-09-03
es-5455470367,es,5455470367,Data Analyst,data analyst,4,166,170,2026-09-03T11:48:58.970502+00:00,2026-09-03
es-5475582558,es,5475582558,Business Analyst,business analyst,4,170,173,2026-09-03T11:48:58.970502+00:00,2026-09-03
es-5486939001,es,5486939001,BI Analyst,BI analyst,1,11,11,2026-09-03T11:48:58.970502+00:00,2026-09-03
es-5486939001,es,5486939001,Data Analyst,data analyst,4,165,170,2026-09-03T11:48:58.970502+00:00,2026-09-03
es-5488503517,es,5488503517,Business Analyst,business analyst,4,169,173,2026-09-03T11:48:58.970502+00:00,2026-09-03
es-5542436881,es,5542436881,Business Analyst,business analyst,4,168,173,2026-09-03T11:48:58.970502+00:00,2026-09-03
es-5549132895,es,5549132895,Data Analyst,data analyst,4,164,170,2026-09-03T11:48:58.970502+00:00,2026-09-03
es-5552905057,es,5552905057,Data Analyst,data analyst,4,163,170,2026-09-03T11:48:58.970502+00:00,2026-09-03
es-5556867176,es,5556867176,Data Analyst,data analyst,4,162,170,2026-09-03T11:48:58.970502+00:00,2026-09-03
es-5584479066,es,5584479066,Data Analyst,data analyst,4,161,170,2026-09-03T11:48:58.970502+00:00,2026-09-03
es-5584544401,es,5584544401,Data Analyst,data analyst,4,160,170,2026-09-03T11:48:58.970502+00:00,2026-09-03
es-5602338439,es,5602338439,Data Analyst,data analyst,4,159,170,2026-09-03T11:48:58.970502+00:00,2026-09-03
es-5605372024,es,5605372024,Business Analyst,business analyst,4,167,173,2026-09-03T11:48:58.970502+00:00,2026-09-03
es-5638566356,es,5638566356,Data Analyst,analista de datos,1,26,28,2026-09-03T11:48:58.970502+00:00,2026-09-03
es-5642703201,es,5642703201,Business Analyst,business analyst,4,165,173,2026-09-03T11:48:58.970502+00:00,2026-09-03
es-5642703202,es,5642703202,Business Analyst,business analyst,4,166,173,2026-09-03T11:48:58.970502+00:00,2026-09-03
es-5646338521,es,5646338521,Data Analyst,data analyst,4,158,170,2026-09-03T11:48:58.970502+00:00,2026-09-03
es-5660680567,es,5660680567,Data Analyst,data analyst,4,157,170,2026-09-03T11:48:58.970502+00:00,2026-09-03
es-5660680575,es,5660680575,Business Analyst,business analyst,4,164,173,2026-09-03T11:48:58.970502+00:00,2026-09-03
es-5661996002,es,5661996002,Business Analyst,business analyst,4,163,173,2026-09-03T11:48:58.970502+00:00,2026-09-03
es-5664289290,es,5664289290,Business Analyst,business analyst,4,162,173,2026-09-03T11:48:58.970502+00:00,2026-09-03
es-5668783933,es,5668783933,Data Analyst,data analyst,4,156,170,2026-09-03T11:48:58.970502+00:00,2026-09-03
es-5673565699,es,5673565699,Data Analyst,data analyst,4,155,170,2026-09-03T11:48:58.970502+00:00,2026-09-03
es-5673565897,es,5673565897,Data Analyst,data analyst,4,154,170,2026-09-03T11:48:58.970502+00:00,2026-09-03
es-5673565931,es,5673565931,Data Analyst,data analyst,4,153,170,2026-09-03T11:48:58.970502+00:00,2026-09-03
es-5681713155,es,5681713155,Data Analyst,data analyst,4,152,170,2026-09-03T11:48:58.970502+00:00,2026-09-03
es-5683448359,es,5683448359,Data Analyst,data analyst,4,151,170,2026-09-03T11:48:58.970502+00:00,2026-09-03
es-5686363415,es,5686363415,Business Analyst,business analyst,4,161,173,2026-09-03T11:48:58.970502+00:00,2026-09-03
es-5687747590,es,5687747590,Data Analyst,data analyst,3,150,170,2026-09-03T11:48:58.970502+00:00,2026-09-03
es-5687946036,es,5687946036,Business Analyst,business analyst,4,160,173,2026-09-03T11:48:58.970502+00:00,2026-09-03
es-5687946036,es,5687946036,BI Analyst,business intelligence analyst,1,8,8,2026-09-03T11:48:58.970502+00:00,2026-09-03
es-5691444053,es,5691444053,BI Analyst,analista BI,1,8,8,2026-09-03T11:48:58.970502+00:00,2026-09-03
es-5693810934,es,5693810934,Business Analyst,business analyst,4,159,173,2026-09-03T11:48:58.970502+00:00,2026-09-03
es-5698322475,es,5698322475,Data Analyst,data analyst,3,149,170,2026-09-03T11:48:58.970502+00:00,2026-09-03
es-5698322731,es,5698322731,Business Analyst,business analyst,4,158,173,2026-09-03T11:48:58.970502+00:00,2026-09-03
es-5701907936,es,5701907936,Business Analyst,business analyst,4,157,173,2026-09-03T11:48:58.970502+00:00,2026-09-03
es-5702619332,es,5702619332,Data Analyst,data analyst,3,148,170,2026-09-03T11:48:58.970502+00:00,2026-09-03
es-5705383100,es,5705383100,Business Analyst,business analyst,4,156,173,2026-09-03T11:48:58.970502+00:00,2026-09-03
es-5708767888,es,5708767888,Data Analyst,data analyst,3,147,170,2026-09-03T11:48:58.970502+00:00,2026-09-03
es-5713960479,es,5713960479,Data Analyst,data analyst,3,146,170,2026-09-03T11:48:58.970502+00:00,2026-09-03
es-5714273777,es,5714273777,Data Analyst,data analyst,3,145,170,2026-09-03T11:48:58.970502+00:00,2026-09-03
es-5716298368,es,5716298368,BI Analyst,BI analyst,1,10,11,2026-09-03T11:48:58.970502+00:00,2026-09-03
es-5716635479,es,5716635479,Business Analyst,business analyst,4,155,173,2026-09-03T11:48:58.970502+00:00,2026-09-03
es-5716635479,es,5716635479,BI Analyst,business intelligence analyst,1,7,8,2026-09-03T11:48:58.970502+00:00,2026-09-03
es-5716635479,es,5716635479,Data Analyst,data analyst,3,144,170,2026-09-03T11:48:58.970502+00:00,2026-09-03
es-5717352370,es,5717352370,Business Analyst,business analyst,4,154,173,2026-09-03T11:48:58.970502+00:00,2026-09-03
es-5717352370,es,5717352370,BI Analyst,business intelligence analyst,1,6,8,2026-09-03T11:48:58.970502+00:00,2026-09-03
es-5717352370,es,5717352370,Data Analyst,data analyst,3,143,170,2026-09-03T11:48:58.970502+00:00,2026-09-03
es-5718777969,es,5718777969,Business Analyst,business analyst,4,153,173,2026-09-03T11:48:58.970502+00:00,2026-09-03
es-5718777969,es,5718777969,Data Analyst,data analyst,3,142,170,2026-09-03T11:48:58.970502+00:00,2026-09-03
es-5724647242,es,5724647242,Data Analyst,data analyst,3,141,170,2026-09-03T11:48:58.970502+00:00,2026-09-03
es-5724649232,es,5724649232,Data Analyst,data analyst,3,140,170,2026-09-03T11:48:58.970502+00:00,2026-09-03
es-5727385101,es,5727385101,Business Analyst,analista de negocio,1,8,8,2026-09-03T11:48:58.970502+00:00,2026-09-03
es-5727390046,es,5727390046,Business Analyst,business analyst,4,152,173,2026-09-03T11:48:58.970502+00:00,2026-09-03
es-5727681262,es,5727681262,BI Analyst,BI analyst,1,9,11,2026-09-03T11:48:58.970502+00:00,2026-09-03
es-5727681262,es,5727681262,Data Analyst,data analyst,3,139,170,2026-09-03T11:48:58.970502+00:00,2026-09-03
es-5727802231,es,5727802231,Data Analyst,analista de datos,1,25,28,2026-09-03T11:48:58.970502+00:00,2026-09-03
es-5728541860,es,5728541860,Business Analyst,business analyst,4,151,173,2026-09-03T11:48:58.970502+00:00,2026-09-03
es-5728543636,es,5728543636,Data Analyst,data analyst,3,138,170,2026-09-03T11:48:58.970502+00:00,2026-09-03
es-5729388183,es,5729388183,Data Analyst,data analyst,3,137,170,2026-09-03T11:48:58.970502+00:00,2026-09-03
es-5729388186,es,5729388186,Business Analyst,business analyst,3,150,173,2026-09-03T11:48:58.970502+00:00,2026-09-03
es-5729465317,es,5729465317,Data Analyst,data analyst,3,136,170,2026-09-03T11:48:58.970502+00:00,2026-09-03
es-5733359643,es,5733359643,Business Analyst,business analyst,3,149,173,2026-09-03T11:48:58.970502+00:00,2026-09-03
es-5733359703,es,5733359703,Business Analyst,business analyst,3,148,173,2026-09-03T11:48:58.970502+00:00,2026-09-03
es-5737877254,es,5737877254,Business Analyst,business analyst,3,147,173,2026-09-03T11:48:58.970502+00:00,2026-09-03
es-5741905961,es,5741905961,Data Analyst,data analyst,3,135,170,2026-09-03T11:48:58.970502+00:00,2026-09-03
es-5742532966,es,5742532966,Business Analyst,business analyst,3,146,173,2026-09-03T11:48:58.970502+00:00,2026-09-03
es-5743996351,es,5743996351,Data Analyst,data analyst,3,134,170,2026-09-03T11:48:58.970502+00:00,2026-09-03
es-5744286052,es,5744286052,Business Analyst,analista de negocio,1,7,8,2026-09-03T11:48:58.970502+00:00,2026-09-03
es-5745004276,es,5745004276,Data Analyst,data analyst,3,133,170,2026-09-03T11:48:58.970502+00:00,2026-09-03
es-5748434539,es,5748434539,Data Analyst,data analyst,3,132,170,2026-09-03T11:48:58.970502+00:00,2026-09-03
es-5749558087,es,5749558087,Data Analyst,data analyst,3,131,170,2026-09-03T11:48:58.970502+00:00,2026-09-03
es-5749589355,es,5749589355,BI Analyst,analista BI,1,7,8,2026-09-03T11:48:58.970502+00:00,2026-09-03
es-5751211477,es,5751211477,Data Analyst,data analyst,3,130,170,2026-09-03T11:48:58.970502+00:00,2026-09-03
es-5751245740,es,5751245740,Data Analyst,data analyst,3,129,170,2026-09-03T11:48:58.970502+00:00,2026-09-03
es-5751248341,es,5751248341,Data Analyst,data analyst,3,128,170,2026-09-03T11:48:58.970502+00:00,2026-09-03
es-5752846256,es,5752846256,Data Analyst,data analyst,3,127,170,2026-09-03T11:48:58.970502+00:00,2026-09-03
es-5752881648,es,5752881648,Business Analyst,business analyst,3,144,173,2026-09-03T11:48:58.970502+00:00,2026-09-03
es-5752881656,es,5752881656,Business Analyst,business analyst,3,145,173,2026-09-03T11:48:58.970502+00:00,2026-09-03
es-5752881669,es,5752881669,Data Analyst,analista de datos,1,24,28,2026-09-03T11:48:58.970502+00:00,2026-09-03
es-5753696198,es,5753696198,Data Analyst,data analyst,3,126,170,2026-09-03T11:48:58.970502+00:00,2026-09-03
es-5755773151,es,5755773151,Data Analyst,data analyst,3,125,170,2026-09-03T11:48:58.970502+00:00,2026-09-03
es-5755773975,es,5755773975,BI Analyst,BI analyst,1,8,11,2026-09-03T11:48:58.970502+00:00,2026-09-03
es-5756959457,es,5756959457,Business Analyst,business analyst,3,143,173,2026-09-03T11:48:58.970502+00:00,2026-09-03
es-5756959460,es,5756959460,Business Analyst,business analyst,3,142,173,2026-09-03T11:48:58.970502+00:00,2026-09-03
es-5757176860,es,5757176860,Business Analyst,business analyst,3,141,173,2026-09-03T11:48:58.970502+00:00,2026-09-03
es-5757435367,es,5757435367,Data Analyst,data analyst,3,124,170,2026-09-03T11:48:58.970502+00:00,2026-09-03
es-5757544454,es,5757544454,Data Analyst,data analyst,3,123,170,2026-09-03T11:48:58.970502+00:00,2026-09-03
es-5758393861,es,5758393861,Data Analyst,analista de datos,1,23,28,2026-09-03T11:48:58.970502+00:00,2026-09-03
es-5759182288,es,5759182288,Data Analyst,data analyst,3,122,170,2026-09-03T11:48:58.970502+00:00,2026-09-03
es-5759700087,es,5759700087,Business Analyst,business analyst,3,140,173,2026-09-03T11:48:58.970502+00:00,2026-09-03
es-5761078609,es,5761078609,Data Analyst,data analyst,3,121,170,2026-09-03T11:48:58.970502+00:00,2026-09-03
es-5761078622,es,5761078622,Business Analyst,business analyst,3,139,173,2026-09-03T11:48:58.970502+00:00,2026-09-03
es-5761853071,es,5761853071,Business Analyst,business analyst,3,138,173,2026-09-03T11:48:58.970502+00:00,2026-09-03
es-5761856465,es,5761856465,Business Analyst,business analyst,3,137,173,2026-09-03T11:48:58.970502+00:00,2026-09-03
es-5761856465,es,5761856465,BI Analyst,business intelligence analyst,1,5,8,2026-09-03T11:48:58.970502+00:00,2026-09-03
es-5763015185,es,5763015185,Business Analyst,business analyst,3,136,173,2026-09-03T11:48:58.970502+00:00,2026-09-03
es-5763016291,es,5763016291,Business Analyst,business analyst,3,135,173,2026-09-03T11:48:58.970502+00:00,2026-09-03
es-5764608267,es,5764608267,Business Analyst,business analyst,3,134,173,2026-09-03T11:48:58.970502+00:00,2026-09-03
es-5768404746,es,5768404746,Data Analyst,data analyst,3,120,170,2026-09-03T11:48:58.970502+00:00,2026-09-03
es-5769095161,es,5769095161,Data Analyst,analista de datos,1,22,28,2026-09-03T11:48:58.970502+00:00,2026-09-03
es-5769095161,es,5769095161,Data Analyst,data analyst,3,119,170,2026-09-03T11:48:58.970502+00:00,2026-09-03
es-5769095240,es,5769095240,Business Analyst,analista de negocio,1,6,8,2026-09-03T11:48:58.970502+00:00,2026-09-03
es-5769205031,es,5769205031,Business Analyst,business analyst,3,133,173,2026-09-03T11:48:58.970502+00:00,2026-09-03
es-5769875538,es,5769875538,Business Analyst,business analyst,3,132,173,2026-09-03T11:48:58.970502+00:00,2026-09-03
es-5770246172,es,5770246172,Business Analyst,business analyst,3,131,173,2026-09-03T11:48:58.970502+00:00,2026-09-03
es-5772801320,es,5772801320,Business Analyst,business analyst,3,130,173,2026-09-03T11:48:58.970502+00:00,2026-09-03
es-5772801320,es,5772801320,Data Analyst,data analyst,3,118,170,2026-09-03T11:48:58.970502+00:00,2026-09-03
es-5772822358,es,5772822358,Data Analyst,data analyst,3,117,170,2026-09-03T11:48:58.970502+00:00,2026-09-03
es-5772841708,es,5772841708,Data Analyst,data analyst,3,116,170,2026-09-03T11:48:58.970502+00:00,2026-09-03
es-5773204123,es,5773204123,Data Analyst,data analyst,3,115,170,2026-09-03T11:48:58.970502+00:00,2026-09-03
es-5775499094,es,5775499094,Business Analyst,business analyst,3,129,173,2026-09-03T11:48:58.970502+00:00,2026-09-03
es-5775801242,es,5775801242,Business Analyst,business analyst,3,128,173,2026-09-03T11:48:58.970502+00:00,2026-09-03
es-5775849278,es,5775849278,Business Analyst,business analyst,3,127,173,2026-09-03T11:48:58.970502+00:00,2026-09-03
es-5775903592,es,5775903592,Business Analyst,business analyst,3,126,173,2026-09-03T11:48:58.970502+00:00,2026-09-03
es-5776910376,es,5776910376,Business Analyst,business analyst,3,125,173,2026-09-03T11:48:58.970502+00:00,2026-09-03
es-5777371432,es,5777371432,BI Analyst,analista BI,1,6,8,2026-09-03T11:48:58.970502+00:00,2026-09-03
es-5777371432,es,5777371432,Data Analyst,analista de datos,1,21,28,2026-09-03T11:48:58.970502+00:00,2026-09-03
es-5777371435,es,5777371435,Data Analyst,analista de datos,1,20,28,2026-09-03T11:48:58.970502+00:00,2026-09-03
es-5777371447,es,5777371447,Business Analyst,business analyst,3,124,173,2026-09-03T11:48:58.970502+00:00,2026-09-03
es-5777582600,es,5777582600,Data Analyst,data analyst,3,114,170,2026-09-03T11:48:58.970502+00:00,2026-09-03
es-5778317579,es,5778317579,Business Analyst,business analyst,3,123,173,2026-09-03T11:48:58.970502+00:00,2026-09-03
es-5779525202,es,5779525202,Data Analyst,data analyst,3,113,170,2026-09-03T11:48:58.970502+00:00,2026-09-03
es-5779525298,es,5779525298,Data Analyst,analista de datos,1,19,28,2026-09-03T11:48:58.970502+00:00,2026-09-03
es-5779542422,es,5779542422,Business Analyst,business analyst,3,122,173,2026-09-03T11:48:58.970502+00:00,2026-09-03
es-5781090243,es,5781090243,Data Analyst,data analyst,3,112,170,2026-09-03T11:48:58.970502+00:00,2026-09-03
es-5781890023,es,5781890023,BI Analyst,BI analyst,1,7,11,2026-09-03T11:48:58.970502+00:00,2026-09-03
es-5782656178,es,5782656178,Data Analyst,data analyst,3,111,170,2026-09-03T11:48:58.970502+00:00,2026-09-03
es-5784531003,es,5784531003,Data Analyst,data analyst,3,110,170,2026-09-03T11:48:58.970502+00:00,2026-09-03
es-5785454418,es,5785454418,Business Analyst,business analyst,3,121,173,2026-09-03T11:48:58.970502+00:00,2026-09-03
es-5787322539,es,5787322539,Data Analyst,data analyst,3,109,170,2026-09-03T11:48:58.970502+00:00,2026-09-03
es-5788549885,es,5788549885,Business Analyst,business analyst,3,120,173,2026-09-03T11:48:58.970502+00:00,2026-09-03
es-5788550130,es,5788550130,Data Analyst,data analyst,3,108,170,2026-09-03T11:48:58.970502+00:00,2026-09-03
es-5788551290,es,5788551290,Business Analyst,business analyst,3,119,173,2026-09-03T11:48:58.970502+00:00,2026-09-03
es-5789442565,es,5789442565,Business Analyst,business analyst,3,118,173,2026-09-03T11:48:58.970502+00:00,2026-09-03
es-5790240184,es,5790240184,Data Analyst,analista de datos,1,18,28,2026-09-03T11:48:58.970502+00:00,2026-09-03
es-5790240230,es,5790240230,BI Analyst,BI analyst,1,6,11,2026-09-03T11:48:58.970502+00:00,2026-09-03
es-5790240230,es,5790240230,Business Analyst,business analyst,3,117,173,2026-09-03T11:48:58.970502+00:00,2026-09-03
es-5790664903,es,5790664903,Business Analyst,business analyst,3,116,173,2026-09-03T11:48:58.970502+00:00,2026-09-03
es-5790664925,es,5790664925,BI Analyst,BI analyst,1,5,11,2026-09-03T11:48:58.970502+00:00,2026-09-03
es-5790664925,es,5790664925,Data Analyst,data analyst,3,107,170,2026-09-03T11:48:58.970502+00:00,2026-09-03
es-5792261645,es,5792261645,Data Analyst,data analyst,3,106,170,2026-09-03T11:48:58.970502+00:00,2026-09-03
es-5793156552,es,5793156552,Business Analyst,business analyst,3,115,173,2026-09-03T11:48:58.970502+00:00,2026-09-03
es-5793794799,es,5793794799,Data Analyst,data analyst,3,105,170,2026-09-03T11:48:58.970502+00:00,2026-09-03
es-5794830031,es,5794830031,Business Analyst,business analyst,3,114,173,2026-09-03T11:48:58.970502+00:00,2026-09-03
es-5794830031,es,5794830031,BI Analyst,business intelligence analyst,1,4,8,2026-09-03T11:48:58.970502+00:00,2026-09-03
es-5795133088,es,5795133088,Business Analyst,business analyst,3,113,173,2026-09-03T11:48:58.970502+00:00,2026-09-03
es-5795188847,es,5795188847,Business Analyst,business analyst,3,112,173,2026-09-03T11:48:58.970502+00:00,2026-09-03
es-5795188848,es,5795188848,Data Analyst,data analyst,3,104,170,2026-09-03T11:48:58.970502+00:00,2026-09-03
es-5795188858,es,5795188858,Data Analyst,analista de datos,1,17,28,2026-09-03T11:48:58.970502+00:00,2026-09-03
es-5795188874,es,5795188874,Business Analyst,business analyst,3,111,173,2026-09-03T11:48:58.970502+00:00,2026-09-03
es-5796275001,es,5796275001,Business Analyst,business analyst,3,110,173,2026-09-03T11:48:58.970502+00:00,2026-09-03
es-5796276181,es,5796276181,Data Analyst,data analyst,3,103,170,2026-09-03T11:48:58.970502+00:00,2026-09-03
es-5798345034,es,5798345034,Data Analyst,data analyst,3,102,170,2026-09-03T11:48:58.970502+00:00,2026-09-03
es-5798605394,es,5798605394,Data Analyst,data analyst,3,101,170,2026-09-03T11:48:58.970502+00:00,2026-09-03
es-5801923689,es,5801923689,Data Analyst,data analyst,2,100,170,2026-09-03T11:48:58.970502+00:00,2026-09-03
es-5801930193,es,5801930193,Data Analyst,data analyst,2,99,170,2026-09-03T11:48:58.970502+00:00,2026-09-03
es-5802304797,es,5802304797,Business Analyst,business analyst,3,109,173,2026-09-03T11:48:58.970502+00:00,2026-09-03
es-5802390840,es,5802390840,Data Analyst,data analyst,2,98,170,2026-09-03T11:48:58.970502+00:00,2026-09-03
es-5802409104,es,5802409104,BI Analyst,BI analyst,1,4,11,2026-09-03T11:48:58.970502+00:00,2026-09-03
es-5802409104,es,5802409104,Data Analyst,data analyst,2,97,170,2026-09-03T11:48:58.970502+00:00,2026-09-03
es-5804096726,es,5804096726,Business Analyst,business analyst,3,108,173,2026-09-03T11:48:58.970502+00:00,2026-09-03
es-5804102715,es,5804102715,Data Analyst,data analyst,2,96,170,2026-09-03T11:48:58.970502+00:00,2026-09-03
es-5804499903,es,5804499903,Business Analyst,business analyst,3,106,173,2026-09-03T11:48:58.970502+00:00,2026-09-03
es-5804499903,es,5804499903,Data Analyst,data analyst,2,92,170,2026-09-03T11:48:58.970502+00:00,2026-09-03
es-5804499904,es,5804499904,Data Analyst,data analyst,2,94,170,2026-09-03T11:48:58.970502+00:00,2026-09-03
es-5804499906,es,5804499906,Data Analyst,data analyst,2,93,170,2026-09-03T11:48:58.970502+00:00,2026-09-03
es-5804499911,es,5804499911,Business Analyst,business analyst,3,107,173,2026-09-03T11:48:58.970502+00:00,2026-09-03
es-5804499912,es,5804499912,Data Analyst,data analyst,2,95,170,2026-09-03T11:48:58.970502+00:00,2026-09-03
es-5804499919,es,5804499919,Data Analyst,data analyst,2,91,170,2026-09-03T11:48:58.970502+00:00,2026-09-03
es-5804499920,es,5804499920,Business Analyst,business analyst,3,104,173,2026-09-03T11:48:58.970502+00:00,2026-09-03
es-5804499921,es,5804499921,Business Analyst,business analyst,3,105,173,2026-09-03T11:48:58.970502+00:00,2026-09-03
es-5805218141,es,5805218141,Data Analyst,data analyst,2,90,170,2026-09-03T11:48:58.970502+00:00,2026-09-03
es-5805256753,es,5805256753,Data Analyst,data analyst,2,89,170,2026-09-03T11:48:58.970502+00:00,2026-09-03
es-5805466910,es,5805466910,Data Analyst,data analyst,2,88,170,2026-09-03T11:48:58.970502+00:00,2026-09-03
es-5805845515,es,5805845515,Business Analyst,business analyst,3,103,173,2026-09-03T11:48:58.970502+00:00,2026-09-03
es-5805845815,es,5805845815,Business Analyst,business analyst,3,102,173,2026-09-03T11:48:58.970502+00:00,2026-09-03
es-5805910251,es,5805910251,Data Analyst,data analyst,2,87,170,2026-09-03T11:48:58.970502+00:00,2026-09-03
es-5806611926,es,5806611926,Business Analyst,business analyst,3,101,173,2026-09-03T11:48:58.970502+00:00,2026-09-03
es-5806932448,es,5806932448,Business Analyst,business analyst,2,100,173,2026-09-03T11:48:58.970502+00:00,2026-09-03
es-5807567705,es,5807567705,Data Analyst,analista de datos,1,16,28,2026-09-03T11:48:58.970502+00:00,2026-09-03
es-5807567789,es,5807567789,Business Analyst,business analyst,2,99,173,2026-09-03T11:48:58.970502+00:00,2026-09-03
es-5807568221,es,5807568221,Business Analyst,business analyst,2,98,173,2026-09-03T11:48:58.970502+00:00,2026-09-03
es-5807568381,es,5807568381,Data Analyst,data analyst,2,86,170,2026-09-03T11:48:58.970502+00:00,2026-09-03
es-5808917016,es,5808917016,Data Analyst,data analyst,2,85,170,2026-09-03T11:48:58.970502+00:00,2026-09-03
es-5809366771,es,5809366771,Business Analyst,business analyst,2,97,173,2026-09-03T11:48:58.970502+00:00,2026-09-03
es-5811212058,es,5811212058,Business Analyst,business analyst,2,96,173,2026-09-03T11:48:58.970502+00:00,2026-09-03
es-5811218534,es,5811218534,Data Analyst,data analyst,2,84,170,2026-09-03T11:48:58.970502+00:00,2026-09-03
es-5811519298,es,5811519298,Data Analyst,analista de datos,1,15,28,2026-09-03T11:48:58.970502+00:00,2026-09-03
es-5811519595,es,5811519595,Data Analyst,data analyst,2,83,170,2026-09-03T11:48:58.970502+00:00,2026-09-03
es-5811523003,es,5811523003,Data Analyst,data analyst,2,82,170,2026-09-03T11:48:58.970502+00:00,2026-09-03
es-5811523768,es,5811523768,Business Analyst,business analyst,2,95,173,2026-09-03T11:48:58.970502+00:00,2026-09-03
es-5811672920,es,5811672920,Business Analyst,business analyst,2,94,173,2026-09-03T11:48:58.970502+00:00,2026-09-03
es-5812739545,es,5812739545,Business Analyst,business analyst,2,93,173,2026-09-03T11:48:58.970502+00:00,2026-09-03
es-5812975128,es,5812975128,Business Analyst,business analyst,2,92,173,2026-09-03T11:48:58.970502+00:00,2026-09-03
es-5813471620,es,5813471620,Business Analyst,business analyst,2,91,173,2026-09-03T11:48:58.970502+00:00,2026-09-03
es-5813471622,es,5813471622,Business Analyst,business analyst,2,90,173,2026-09-03T11:48:58.970502+00:00,2026-09-03
es-5814598851,es,5814598851,Data Analyst,data analyst,2,81,170,2026-09-03T11:48:58.970502+00:00,2026-09-03
es-5814612643,es,5814612643,Data Analyst,data analyst,2,80,170,2026-09-03T11:48:58.970502+00:00,2026-09-03
es-5814614706,es,5814614706,Data Analyst,data analyst,2,79,170,2026-09-03T11:48:58.970502+00:00,2026-09-03
es-5815003253,es,5815003253,Business Analyst,business analyst,2,89,173,2026-09-03T11:48:58.970502+00:00,2026-09-03
es-5815067896,es,5815067896,Data Analyst,data analyst,2,78,170,2026-09-03T11:48:58.970502+00:00,2026-09-03
es-5815897769,es,5815897769,Business Analyst,business analyst,2,88,173,2026-09-03T11:48:58.970502+00:00,2026-09-03
es-5815899015,es,5815899015,Data Analyst,data analyst,2,77,170,2026-09-03T11:48:58.970502+00:00,2026-09-03
es-5816882064,es,5816882064,Data Analyst,data analyst,2,76,170,2026-09-03T11:48:58.970502+00:00,2026-09-03
es-5816882353,es,5816882353,Data Analyst,data analyst,2,75,170,2026-09-03T11:48:58.970502+00:00,2026-09-03
es-5816886466,es,5816886466,Data Analyst,data analyst,2,74,170,2026-09-03T11:48:58.970502+00:00,2026-09-03
es-5816887070,es,5816887070,Data Analyst,data analyst,2,73,170,2026-09-03T11:48:58.970502+00:00,2026-09-03
es-5816888575,es,5816888575,Data Analyst,analista de datos,1,14,28,2026-09-03T11:48:58.970502+00:00,2026-09-03
es-5816888575,es,5816888575,Business Analyst,analista de negocio,1,5,8,2026-09-03T11:48:58.970502+00:00,2026-09-03
es-5816889149,es,5816889149,Data Analyst,data analyst,2,72,170,2026-09-03T11:48:58.970502+00:00,2026-09-03
es-5817668350,es,5817668350,Data Analyst,data analyst,2,71,170,2026-09-03T11:48:58.970502+00:00,2026-09-03
es-5818054313,es,5818054313,Data Analyst,analista de datos,1,13,28,2026-09-03T11:48:58.970502+00:00,2026-09-03
es-5819155335,es,5819155335,Business Analyst,business analyst,2,87,173,2026-09-03T11:48:58.970502+00:00,2026-09-03
es-5819525301,es,5819525301,Business Analyst,business analyst,2,86,173,2026-09-03T11:48:58.970502+00:00,2026-09-03
es-5819735866,es,5819735866,Business Analyst,business analyst,2,85,173,2026-09-03T11:48:58.970502+00:00,2026-09-03
es-5820783942,es,5820783942,Data Analyst,data analyst,2,70,170,2026-09-03T11:48:58.970502+00:00,2026-09-03
es-5820880710,es,5820880710,Data Analyst,data analyst,2,69,170,2026-09-03T11:48:58.970502+00:00,2026-09-03
es-5820895018,es,5820895018,Business Analyst,business analyst,2,84,173,2026-09-03T11:48:58.970502+00:00,2026-09-03
es-5821484196,es,5821484196,Business Analyst,business analyst,2,83,173,2026-09-03T11:48:58.970502+00:00,2026-09-03
es-5822105505,es,5822105505,Data Analyst,analista de datos,1,12,28,2026-09-03T11:48:58.970502+00:00,2026-09-03
es-5822105512,es,5822105512,Business Analyst,business analyst,2,82,173,2026-09-03T11:48:58.970502+00:00,2026-09-03
es-5822105517,es,5822105517,Data Analyst,data analyst,2,68,170,2026-09-03T11:48:58.970502+00:00,2026-09-03
es-5822105536,es,5822105536,BI Analyst,analista BI,1,5,8,2026-09-03T11:48:58.970502+00:00,2026-09-03
es-5822127039,es,5822127039,Business Analyst,business analyst,2,81,173,2026-09-03T11:48:58.970502+00:00,2026-09-03
es-5822127039,es,5822127039,Data Analyst,data analyst,2,67,170,2026-09-03T11:48:58.970502+00:00,2026-09-03
es-5822127739,es,5822127739,Data Analyst,data analyst,2,66,170,2026-09-03T11:48:58.970502+00:00,2026-09-03
es-5822582301,es,5822582301,Data Analyst,data analyst,2,65,170,2026-09-03T11:48:58.970502+00:00,2026-09-03
es-5823528096,es,5823528096,Business Analyst,business analyst,2,80,173,2026-09-03T11:48:58.970502+00:00,2026-09-03
es-5823530887,es,5823530887,Business Analyst,business analyst,2,79,173,2026-09-03T11:48:58.970502+00:00,2026-09-03
es-5825429896,es,5825429896,Business Analyst,business analyst,2,78,173,2026-09-03T11:48:58.970502+00:00,2026-09-03
es-5825429896,es,5825429896,BI Analyst,business intelligence analyst,1,3,8,2026-09-03T11:48:58.970502+00:00,2026-09-03
es-5826399292,es,5826399292,Data Analyst,analista de datos,1,11,28,2026-09-03T11:48:58.970502+00:00,2026-09-03
es-5826930088,es,5826930088,Business Analyst,business analyst,2,77,173,2026-09-03T11:48:58.970502+00:00,2026-09-03
es-5826930123,es,5826930123,Business Analyst,business analyst,2,76,173,2026-09-03T11:48:58.970502+00:00,2026-09-03
es-5827420415,es,5827420415,Business Analyst,business analyst,2,75,173,2026-09-03T11:48:58.970502+00:00,2026-09-03
es-5827484280,es,5827484280,Business Analyst,analista de negocio,1,4,8,2026-09-03T11:48:58.970502+00:00,2026-09-03
es-5827489363,es,5827489363,Business Analyst,business analyst,2,74,173,2026-09-03T11:48:58.970502+00:00,2026-09-03
es-5827491353,es,5827491353,Business Analyst,business analyst,2,73,173,2026-09-03T11:48:58.970502+00:00,2026-09-03
es-5828841183,es,5828841183,Data Analyst,data analyst,2,64,170,2026-09-03T11:48:58.970502+00:00,2026-09-03
es-5828841240,es,5828841240,Data Analyst,data analyst,2,63,170,2026-09-03T11:48:58.970502+00:00,2026-09-03
es-5829212079,es,5829212079,Data Analyst,data analyst,2,62,170,2026-09-03T11:48:58.970502+00:00,2026-09-03
es-5830168260,es,5830168260,Business Analyst,business analyst,2,72,173,2026-09-03T11:48:58.970502+00:00,2026-09-03
es-5831007196,es,5831007196,Data Analyst,data analyst,2,61,170,2026-09-03T11:48:58.970502+00:00,2026-09-03
es-5831622577,es,5831622577,Business Analyst,business analyst,2,71,173,2026-09-03T11:48:58.970502+00:00,2026-09-03
es-5831622821,es,5831622821,Business Analyst,business analyst,2,70,173,2026-09-03T11:48:58.970502+00:00,2026-09-03
es-5831663786,es,5831663786,Data Analyst,data analyst,2,58,170,2026-09-03T11:48:58.970502+00:00,2026-09-03
es-5831663787,es,5831663787,Data Analyst,data analyst,2,59,170,2026-09-03T11:48:58.970502+00:00,2026-09-03
es-5831663790,es,5831663790,Data Analyst,data analyst,2,60,170,2026-09-03T11:48:58.970502+00:00,2026-09-03
es-5831663808,es,5831663808,Business Analyst,analista de negocio,1,3,8,2026-09-03T11:48:58.970502+00:00,2026-09-03
es-5831676698,es,5831676698,Business Analyst,business analyst,2,69,173,2026-09-03T11:48:58.970502+00:00,2026-09-03
es-5831676698,es,5831676698,Data Analyst,data analyst,2,57,170,2026-09-03T11:48:58.970502+00:00,2026-09-03
es-5831682141,es,5831682141,Business Analyst,business analyst,2,68,173,2026-09-03T11:48:58.970502+00:00,2026-09-03
es-5831947917,es,5831947917,BI Analyst,BI analyst,1,3,11,2026-09-03T11:48:58.970502+00:00,2026-09-03
es-5831947917,es,5831947917,Business Analyst,business analyst,2,67,173,2026-09-03T11:48:58.970502+00:00,2026-09-03
es-5831947917,es,5831947917,Data Analyst,data analyst,2,56,170,2026-09-03T11:48:58.970502+00:00,2026-09-03
es-5831947933,es,5831947933,Data Analyst,data analyst,2,55,170,2026-09-03T11:48:58.970502+00:00,2026-09-03
es-5832297089,es,5832297089,Data Analyst,data analyst,2,54,170,2026-09-03T11:48:58.970502+00:00,2026-09-03
es-5833078922,es,5833078922,Business Analyst,business analyst,2,66,173,2026-09-03T11:48:58.970502+00:00,2026-09-03
es-5833173127,es,5833173127,BI Analyst,analista BI,1,4,8,2026-09-03T11:48:58.970502+00:00,2026-09-03
es-5833175641,es,5833175641,Data Analyst,data analyst,2,53,170,2026-09-03T11:48:58.970502+00:00,2026-09-03
es-5833175918,es,5833175918,Data Analyst,data analyst,2,52,170,2026-09-03T11:48:58.970502+00:00,2026-09-03
es-5833180127,es,5833180127,Business Analyst,business analyst,2,65,173,2026-09-03T11:48:58.970502+00:00,2026-09-03
es-5833180196,es,5833180196,Data Analyst,data analyst,2,51,170,2026-09-03T11:48:58.970502+00:00,2026-09-03
es-5833183483,es,5833183483,Data Analyst,data analyst,1,50,170,2026-09-03T11:48:58.970502+00:00,2026-09-03
es-5834448734,es,5834448734,Business Analyst,business analyst,2,64,173,2026-09-03T11:48:58.970502+00:00,2026-09-03
es-5834449339,es,5834449339,Business Analyst,business analyst,2,63,173,2026-09-03T11:48:58.970502+00:00,2026-09-03
es-5834450385,es,5834450385,BI Analyst,BI analyst,1,2,11,2026-09-03T11:48:58.970502+00:00,2026-09-03
es-5834452055,es,5834452055,Data Analyst,data analyst,1,49,170,2026-09-03T11:48:58.970502+00:00,2026-09-03
es-5834452112,es,5834452112,Business Analyst,analista de negocio,1,2,8,2026-09-03T11:48:58.970502+00:00,2026-09-03
es-5835329603,es,5835329603,Business Analyst,business analyst,2,62,173,2026-09-03T11:48:58.970502+00:00,2026-09-03
es-5835351026,es,5835351026,Business Analyst,business analyst,2,61,173,2026-09-03T11:48:58.970502+00:00,2026-09-03
es-5835351268,es,5835351268,Data Analyst,data analyst,1,48,170,2026-09-03T11:48:58.970502+00:00,2026-09-03
es-5835846461,es,5835846461,Business Analyst,business analyst,2,60,173,2026-09-03T11:48:58.970502+00:00,2026-09-03
es-5836460035,es,5836460035,Data Analyst,data analyst,1,47,170,2026-09-03T11:48:58.970502+00:00,2026-09-03
es-5836461020,es,5836461020,Data Analyst,data analyst,1,46,170,2026-09-03T11:48:58.970502+00:00,2026-09-03
es-5837896345,es,5837896345,Data Analyst,data analyst,1,45,170,2026-09-03T11:48:58.970502+00:00,2026-09-03
es-5838199216,es,5838199216,Business Analyst,business analyst,2,59,173,2026-09-03T11:48:58.970502+00:00,2026-09-03
es-5838725798,es,5838725798,Business Analyst,business analyst,2,58,173,2026-09-03T11:48:58.970502+00:00,2026-09-03
es-5839930698,es,5839930698,Business Analyst,business analyst,2,57,173,2026-09-03T11:48:58.970502+00:00,2026-09-03
es-5840002498,es,5840002498,Business Analyst,business analyst,2,56,173,2026-09-03T11:48:58.970502+00:00,2026-09-03
es-5840003172,es,5840003172,Data Analyst,analista de datos,1,10,28,2026-09-03T11:48:58.970502+00:00,2026-09-03
es-5840004496,es,5840004496,Business Analyst,business analyst,2,55,173,2026-09-03T11:48:58.970502+00:00,2026-09-03
es-5840008267,es,5840008267,Business Analyst,business analyst,2,54,173,2026-09-03T11:48:58.970502+00:00,2026-09-03
es-5840008880,es,5840008880,Data Analyst,data analyst,1,44,170,2026-09-03T11:48:58.970502+00:00,2026-09-03
es-5841410469,es,5841410469,Business Analyst,business analyst,2,53,173,2026-09-03T11:48:58.970502+00:00,2026-09-03
es-5841477025,es,5841477025,Data Analyst,analista de datos,1,7,28,2026-09-03T11:48:58.970502+00:00,2026-09-03
es-5841477028,es,5841477028,Data Analyst,analista de datos,1,8,28,2026-09-03T11:48:58.970502+00:00,2026-09-03
es-5841477029,es,5841477029,Data Analyst,data analyst,1,43,170,2026-09-03T11:48:58.970502+00:00,2026-09-03
es-5841477041,es,5841477041,Data Analyst,analista de datos,1,9,28,2026-09-03T11:48:58.970502+00:00,2026-09-03
es-5841481504,es,5841481504,Business Analyst,business analyst,2,52,173,2026-09-03T11:48:58.970502+00:00,2026-09-03
es-5841483165,es,5841483165,Business Analyst,business analyst,2,51,173,2026-09-03T11:48:58.970502+00:00,2026-09-03
es-5841483670,es,5841483670,Business Analyst,business analyst,1,50,173,2026-09-03T11:48:58.970502+00:00,2026-09-03
es-5841946535,es,5841946535,Business Analyst,business analyst,1,49,173,2026-09-03T11:48:58.970502+00:00,2026-09-03
es-5842845523,es,5842845523,Data Analyst,data analyst,1,42,170,2026-09-03T11:48:58.970502+00:00,2026-09-03
es-5842845776,es,5842845776,Data Analyst,data analyst,1,41,170,2026-09-03T11:48:58.970502+00:00,2026-09-03
es-5842845804,es,5842845804,Data Analyst,data analyst,1,40,170,2026-09-03T11:48:58.970502+00:00,2026-09-03
es-5842846465,es,5842846465,Data Analyst,data analyst,1,38,170,2026-09-03T11:48:58.970502+00:00,2026-09-03
es-5842846466,es,5842846466,Data Analyst,data analyst,1,39,170,2026-09-03T11:48:58.970502+00:00,2026-09-03
es-5842846655,es,5842846655,Data Analyst,data analyst,1,37,170,2026-09-03T11:48:58.970502+00:00,2026-09-03
es-5842846713,es,5842846713,Data Analyst,data analyst,1,36,170,2026-09-03T11:48:58.970502+00:00,2026-09-03
es-5844045073,es,5844045073,Data Analyst,data analyst,1,35,170,2026-09-03T11:48:58.970502+00:00,2026-09-03
es-5845483674,es,5845483674,Data Analyst,data analyst,1,34,170,2026-09-03T11:48:58.970502+00:00,2026-09-03
es-5845483714,es,5845483714,Business Analyst,business analyst,1,48,173,2026-09-03T11:48:58.970502+00:00,2026-09-03
es-5846288432,es,5846288432,Business Analyst,business analyst,1,47,173,2026-09-03T11:48:58.970502+00:00,2026-09-03
es-5846295281,es,5846295281,BI Analyst,analista BI,1,3,8,2026-09-03T11:48:58.970502+00:00,2026-09-03
es-5846566085,es,5846566085,Business Analyst,business analyst,1,46,173,2026-09-03T11:48:58.970502+00:00,2026-09-03
es-5846566085,es,5846566085,Data Analyst,data analyst,1,33,170,2026-09-03T11:48:58.970502+00:00,2026-09-03
es-5846769007,es,5846769007,Business Analyst,business analyst,1,45,173,2026-09-03T11:48:58.970502+00:00,2026-09-03
es-5847858891,es,5847858891,Business Analyst,business analyst,1,44,173,2026-09-03T11:48:58.970502+00:00,2026-09-03
es-5847858891,es,5847858891,Data Analyst,data analyst,1,32,170,2026-09-03T11:48:58.970502+00:00,2026-09-03
es-5847928313,es,5847928313,Business Analyst,business analyst,1,43,173,2026-09-03T11:48:58.970502+00:00,2026-09-03
es-5847928313,es,5847928313,Data Analyst,data analyst,1,31,170,2026-09-03T11:48:58.970502+00:00,2026-09-03
es-5848696994,es,5848696994,BI Analyst,analista BI,1,2,8,2026-09-03T11:48:58.970502+00:00,2026-09-03
es-5849310743,es,5849310743,Business Analyst,business analyst,1,42,173,2026-09-03T11:48:58.970502+00:00,2026-09-03
es-5849364519,es,5849364519,Business Analyst,business analyst,1,41,173,2026-09-03T11:48:58.970502+00:00,2026-09-03
es-5849618350,es,5849618350,Business Analyst,business analyst,1,40,173,2026-09-03T11:48:58.970502+00:00,2026-09-03
es-5849618350,es,5849618350,Data Analyst,data analyst,1,30,170,2026-09-03T11:48:58.970502+00:00,2026-09-03
es-5849713446,es,5849713446,Data Analyst,data analyst,1,29,170,2026-09-03T11:48:58.970502+00:00,2026-09-03
es-5850719036,es,5850719036,Business Analyst,business analyst,1,39,173,2026-09-03T11:48:58.970502+00:00,2026-09-03
es-5850719037,es,5850719037,Data Analyst,analista de datos,1,5,28,2026-09-03T11:48:58.970502+00:00,2026-09-03
es-5850719041,es,5850719041,Data Analyst,analista de datos,1,6,28,2026-09-03T11:48:58.970502+00:00,2026-09-03
es-5852180548,es,5852180548,Business Analyst,business analyst,1,38,173,2026-09-03T11:48:58.970502+00:00,2026-09-03
es-5852211253,es,5852211253,Data Analyst,data analyst,1,28,170,2026-09-03T11:48:58.970502+00:00,2026-09-03
es-5852212327,es,5852212327,Data Analyst,data analyst,1,27,170,2026-09-03T11:48:58.970502+00:00,2026-09-03
es-5853440777,es,5853440777,Data Analyst,data analyst,1,26,170,2026-09-03T11:48:58.970502+00:00,2026-09-03
es-5853440938,es,5853440938,Business Analyst,business analyst,1,37,173,2026-09-03T11:48:58.970502+00:00,2026-09-03
es-5853441056,es,5853441056,Business Analyst,analista de negocio,1,1,8,2026-09-03T11:48:58.970502+00:00,2026-09-03
es-5853441347,es,5853441347,Data Analyst,data analyst,1,25,170,2026-09-03T11:48:58.970502+00:00,2026-09-03
es-5853441702,es,5853441702,Data Analyst,data analyst,1,24,170,2026-09-03T11:48:58.970502+00:00,2026-09-03
es-5854610741,es,5854610741,Business Analyst,business analyst,1,36,173,2026-09-03T11:48:58.970502+00:00,2026-09-03
es-5854612154,es,5854612154,Data Analyst,data analyst,1,23,170,2026-09-03T11:48:58.970502+00:00,2026-09-03
es-5855589208,es,5855589208,Business Analyst,business analyst,1,35,173,2026-09-03T11:48:58.970502+00:00,2026-09-03
es-5855789317,es,5855789317,Business Analyst,business analyst,1,34,173,2026-09-03T11:48:58.970502+00:00,2026-09-03
es-5855789317,es,5855789317,BI Analyst,business intelligence analyst,1,2,8,2026-09-03T11:48:58.970502+00:00,2026-09-03
es-5855789317,es,5855789317,Data Analyst,data analyst,1,22,170,2026-09-03T11:48:58.970502+00:00,2026-09-03
es-5856423548,es,5856423548,BI Analyst,BI analyst,1,1,11,2026-09-03T11:48:58.970502+00:00,2026-09-03
es-5856423548,es,5856423548,Data Analyst,data analyst,1,21,170,2026-09-03T11:48:58.970502+00:00,2026-09-03
es-5856690559,es,5856690559,Data Analyst,analista de datos,1,4,28,2026-09-03T11:48:58.970502+00:00,2026-09-03
es-5857251291,es,5857251291,Business Analyst,business analyst,1,33,173,2026-09-03T11:48:58.970502+00:00,2026-09-03
es-5857251293,es,5857251293,Business Analyst,business analyst,1,32,173,2026-09-03T11:48:58.970502+00:00,2026-09-03
es-5857298502,es,5857298502,Data Analyst,data analyst,1,20,170,2026-09-03T11:48:58.970502+00:00,2026-09-03
es-5857315544,es,5857315544,Business Analyst,business analyst,1,31,173,2026-09-03T11:48:58.970502+00:00,2026-09-03
es-5858021855,es,5858021855,Business Analyst,business analyst,1,30,173,2026-09-03T11:48:58.970502+00:00,2026-09-03
es-5858022178,es,5858022178,Business Analyst,business analyst,1,29,173,2026-09-03T11:48:58.970502+00:00,2026-09-03
es-5858022362,es,5858022362,Data Analyst,data analyst,1,19,170,2026-09-03T11:48:58.970502+00:00,2026-09-03
es-5858113036,es,5858113036,Business Analyst,business analyst,1,28,173,2026-09-03T11:48:58.970502+00:00,2026-09-03
es-5859124468,es,5859124468,Business Analyst,business analyst,1,27,173,2026-09-03T11:48:58.970502+00:00,2026-09-03
es-5859470325,es,5859470325,BI Analyst,analista BI,1,1,8,2026-09-03T11:48:58.970502+00:00,2026-09-03
es-5859470325,es,5859470325,Data Analyst,analista de datos,1,3,28,2026-09-03T11:48:58.970502+00:00,2026-09-03
es-5859470328,es,5859470328,Business Analyst,business analyst,1,26,173,2026-09-03T11:48:58.970502+00:00,2026-09-03
es-5859470330,es,5859470330,Data Analyst,analista de datos,1,2,28,2026-09-03T11:48:58.970502+00:00,2026-09-03
es-5859485871,es,5859485871,Business Analyst,business analyst,1,25,173,2026-09-03T11:48:58.970502+00:00,2026-09-03
es-5859486123,es,5859486123,Data Analyst,data analyst,1,18,170,2026-09-03T11:48:58.970502+00:00,2026-09-03
es-5860792312,es,5860792312,Data Analyst,data analyst,1,17,170,2026-09-03T11:48:58.970502+00:00,2026-09-03
es-5860793667,es,5860793667,Business Analyst,business analyst,1,24,173,2026-09-03T11:48:58.970502+00:00,2026-09-03
es-5860876260,es,5860876260,Business Analyst,business analyst,1,23,173,2026-09-03T11:48:58.970502+00:00,2026-09-03
es-5860876510,es,5860876510,Business Analyst,business analyst,1,22,173,2026-09-03T11:48:58.970502+00:00,2026-09-03
es-5860876693,es,5860876693,Business Analyst,business analyst,1,21,173,2026-09-03T11:48:58.970502+00:00,2026-09-03
es-5860876702,es,5860876702,Business Analyst,business analyst,1,20,173,2026-09-03T11:48:58.970502+00:00,2026-09-03
es-5860876784,es,5860876784,Data Analyst,data analyst,1,16,170,2026-09-03T11:48:58.970502+00:00,2026-09-03
es-5860876791,es,5860876791,Data Analyst,data analyst,1,15,170,2026-09-03T11:48:58.970502+00:00,2026-09-03
es-5860877226,es,5860877226,Business Analyst,business analyst,1,19,173,2026-09-03T11:48:58.970502+00:00,2026-09-03
es-5860877511,es,5860877511,Data Analyst,data analyst,1,14,170,2026-09-03T11:48:58.970502+00:00,2026-09-03
es-5861953952,es,5861953952,Data Analyst,data analyst,1,13,170,2026-09-03T11:48:58.970502+00:00,2026-09-03
es-5862004925,es,5862004925,Business Analyst,business analyst,1,18,173,2026-09-03T11:48:58.970502+00:00,2026-09-03
es-5862005155,es,5862005155,Data Analyst,data analyst,1,12,170,2026-09-03T11:48:58.970502+00:00,2026-09-03
es-5862523246,es,5862523246,Business Analyst,business analyst,1,17,173,2026-09-03T11:48:58.970502+00:00,2026-09-03
es-5862523747,es,5862523747,Business Analyst,business analyst,1,16,173,2026-09-03T11:48:58.970502+00:00,2026-09-03
es-5862803275,es,5862803275,Data Analyst,data analyst,1,11,170,2026-09-03T11:48:58.970502+00:00,2026-09-03
es-5863094494,es,5863094494,Data Analyst,data analyst,1,10,170,2026-09-03T11:48:58.970502+00:00,2026-09-03
es-5863165497,es,5863165497,Business Analyst,business analyst,1,15,173,2026-09-03T11:48:58.970502+00:00,2026-09-03
es-5863165538,es,5863165538,Data Analyst,data analyst,1,9,170,2026-09-03T11:48:58.970502+00:00,2026-09-03
es-5863173131,es,5863173131,Business Analyst,business analyst,1,14,173,2026-09-03T11:48:58.970502+00:00,2026-09-03
es-5863174231,es,5863174231,Data Analyst,data analyst,1,8,170,2026-09-03T11:48:58.970502+00:00,2026-09-03
es-5863215944,es,5863215944,Data Analyst,data analyst,1,7,170,2026-09-03T11:48:58.970502+00:00,2026-09-03
es-5863216071,es,5863216071,Data Analyst,data analyst,1,6,170,2026-09-03T11:48:58.970502+00:00,2026-09-03
es-5863216380,es,5863216380,Data Analyst,data analyst,1,5,170,2026-09-03T11:48:58.970502+00:00,2026-09-03
es-5863216805,es,5863216805,Data Analyst,data analyst,1,4,170,2026-09-03T11:48:58.970502+00:00,2026-09-03
es-5864029874,es,5864029874,Business Analyst,business analyst,1,12,173,2026-09-03T11:48:58.970502+00:00,2026-09-03
es-5864029875,es,5864029875,Business Analyst,business analyst,1,13,173,2026-09-03T11:48:58.970502+00:00,2026-09-03
es-5865208293,es,5865208293,Business Analyst,business analyst,1,11,173,2026-09-03T11:48:58.970502+00:00,2026-09-03
es-5865449569,es,5865449569,Business Analyst,business analyst,1,10,173,2026-09-03T11:48:58.970502+00:00,2026-09-03
es-5865449569,es,5865449569,BI Analyst,business intelligence analyst,1,1,8,2026-09-03T11:48:58.970502+00:00,2026-09-03
es-5865450185,es,5865450185,Data Analyst,data analyst,1,3,170,2026-09-03T11:48:58.970502+00:00,2026-09-03
es-5865450335,es,5865450335,Data Analyst,data analyst,1,2,170,2026-09-03T11:48:58.970502+00:00,2026-09-03
es-5866597031,es,5866597031,Business Analyst,business analyst,1,9,173,2026-09-03T11:48:58.970502+00:00,2026-09-03
es-5866702428,es,5866702428,Business Analyst,business analyst,1,8,173,2026-09-03T11:48:58.970502+00:00,2026-09-03
es-5866704344,es,5866704344,Business Analyst,business analyst,1,7,173,2026-09-03T11:48:58.970502+00:00,2026-09-03
es-5866754797,es,5866754797,Data Analyst,analista de datos,1,1,28,2026-09-03T11:48:58.970502+00:00,2026-09-03
es-5867624531,es,5867624531,Business Analyst,business analyst,1,4,173,2026-09-03T11:48:58.970502+00:00,2026-09-03
es-5867624534,es,5867624534,Business Analyst,business analyst,1,6,173,2026-09-03T11:48:58.970502+00:00,2026-09-03
es-5867624537,es,5867624537,Business Analyst,business analyst,1,5,173,2026-09-03T11:48:58.970502+00:00,2026-09-03
es-5867624580,es,5867624580,Business Analyst,business analyst,1,3,173,2026-09-03T11:48:58.970502+00:00,2026-09-03
es-5868523147,es,5868523147,Business Analyst,business analyst,1,2,173,2026-09-03T11:48:58.970502+00:00,2026-09-03
es-5868523535,es,5868523535,Data Analyst,data analyst,1,1,170,2026-09-03T11:48:58.970502+00:00,2026-09-03
es-5868523889,es,5868523889,Business Analyst,business analyst,1,1,173,2026-09-03T11:48:58.970502+00:00,2026-09-03
gb-5210480123,gb,5210480123,BI Analyst,BI analyst,1,33,33,2026-09-03T11:48:58.970502+00:00,2026-09-03
gb-5663621960,gb,5663621960,BI Analyst,business intelligence analyst,1,34,34,2026-09-03T11:48:58.970502+00:00,2026-09-03
gb-5748978694,gb,5748978694,BI Analyst,BI analyst,1,32,33,2026-09-03T11:48:58.970502+00:00,2026-09-03
gb-5761909402,gb,5761909402,BI Analyst,business intelligence analyst,1,33,34,2026-09-03T11:48:58.970502+00:00,2026-09-03
gb-5780349070,gb,5780349070,BI Analyst,business intelligence analyst,1,32,34,2026-09-03T11:48:58.970502+00:00,2026-09-03
gb-5795609519,gb,5795609519,BI Analyst,BI analyst,1,31,33,2026-09-03T11:48:58.970502+00:00,2026-09-03
gb-5795617519,gb,5795617519,BI Analyst,BI analyst,1,30,33,2026-09-03T11:48:58.970502+00:00,2026-09-03
gb-5802870387,gb,5802870387,BI Analyst,BI analyst,1,29,33,2026-09-03T11:48:58.970502+00:00,2026-09-03
gb-5810688125,gb,5810688125,BI Analyst,business intelligence analyst,1,31,34,2026-09-03T11:48:58.970502+00:00,2026-09-03
gb-5812625608,gb,5812625608,BI Analyst,business intelligence analyst,1,30,34,2026-09-03T11:48:58.970502+00:00,2026-09-03
gb-5814622829,gb,5814622829,BI Analyst,BI analyst,1,28,33,2026-09-03T11:48:58.970502+00:00,2026-09-03
gb-5814771693,gb,5814771693,BI Analyst,BI analyst,1,27,33,2026-09-03T11:48:58.970502+00:00,2026-09-03
gb-5816502339,gb,5816502339,BI Analyst,business intelligence analyst,1,29,34,2026-09-03T11:48:58.970502+00:00,2026-09-03
gb-5816506157,gb,5816506157,BI Analyst,business intelligence analyst,1,28,34,2026-09-03T11:48:58.970502+00:00,2026-09-03
gb-5820085655,gb,5820085655,BI Analyst,business intelligence analyst,1,27,34,2026-09-03T11:48:58.970502+00:00,2026-09-03
gb-5827485642,gb,5827485642,BI Analyst,BI analyst,1,26,33,2026-09-03T11:48:58.970502+00:00,2026-09-03
gb-5828022787,gb,5828022787,BI Analyst,BI analyst,1,25,33,2026-09-03T11:48:58.970502+00:00,2026-09-03
gb-5828402671,gb,5828402671,BI Analyst,BI analyst,1,24,33,2026-09-03T11:48:58.970502+00:00,2026-09-03
gb-5829404077,gb,5829404077,BI Analyst,business intelligence analyst,1,26,34,2026-09-03T11:48:58.970502+00:00,2026-09-03
gb-5829818220,gb,5829818220,BI Analyst,business intelligence analyst,1,25,34,2026-09-03T11:48:58.970502+00:00,2026-09-03
gb-5830781344,gb,5830781344,BI Analyst,business intelligence analyst,1,24,34,2026-09-03T11:48:58.970502+00:00,2026-09-03
gb-5830781376,gb,5830781376,BI Analyst,business intelligence analyst,1,23,34,2026-09-03T11:48:58.970502+00:00,2026-09-03
gb-5835737479,gb,5835737479,BI Analyst,business intelligence analyst,1,22,34,2026-09-03T11:48:58.970502+00:00,2026-09-03
gb-5838730541,gb,5838730541,BI Analyst,business intelligence analyst,1,21,34,2026-09-03T11:48:58.970502+00:00,2026-09-03
gb-5839572817,gb,5839572817,BI Analyst,business intelligence analyst,1,20,34,2026-09-03T11:48:58.970502+00:00,2026-09-03
gb-5840649326,gb,5840649326,BI Analyst,BI analyst,1,23,33,2026-09-03T11:48:58.970502+00:00,2026-09-03
gb-5843072790,gb,5843072790,BI Analyst,BI analyst,1,22,33,2026-09-03T11:48:58.970502+00:00,2026-09-03
gb-5845658880,gb,5845658880,BI Analyst,business intelligence analyst,1,19,34,2026-09-03T11:48:58.970502+00:00,2026-09-03
gb-5846046384,gb,5846046384,BI Analyst,BI analyst,1,21,33,2026-09-03T11:48:58.970502+00:00,2026-09-03
gb-5847255298,gb,5847255298,BI Analyst,BI analyst,1,20,33,2026-09-03T11:48:58.970502+00:00,2026-09-03
gb-5851016025,gb,5851016025,BI Analyst,business intelligence analyst,1,18,34,2026-09-03T11:48:58.970502+00:00,2026-09-03
gb-5851173771,gb,5851173771,BI Analyst,business intelligence analyst,1,17,34,2026-09-03T11:48:58.970502+00:00,2026-09-03
gb-5852576301,gb,5852576301,BI Analyst,business intelligence analyst,1,16,34,2026-09-03T11:48:58.970502+00:00,2026-09-03
gb-5854310824,gb,5854310824,BI Analyst,BI analyst,1,19,33,2026-09-03T11:48:58.970502+00:00,2026-09-03
gb-5854951538,gb,5854951538,BI Analyst,business intelligence analyst,1,15,34,2026-09-03T11:48:58.970502+00:00,2026-09-03
gb-5855328200,gb,5855328200,BI Analyst,BI analyst,1,18,33,2026-09-03T11:48:58.970502+00:00,2026-09-03
gb-5855373744,gb,5855373744,BI Analyst,BI analyst,1,17,33,2026-09-03T11:48:58.970502+00:00,2026-09-03
gb-5855373969,gb,5855373969,BI Analyst,business intelligence analyst,1,14,34,2026-09-03T11:48:58.970502+00:00,2026-09-03
gb-5855373983,gb,5855373983,BI Analyst,BI analyst,1,16,33,2026-09-03T11:48:58.970502+00:00,2026-09-03
gb-5855375864,gb,5855375864,BI Analyst,BI analyst,1,15,33,2026-09-03T11:48:58.970502+00:00,2026-09-03
gb-5855377118,gb,5855377118,Data Analyst,data analyst,5,250,733,2026-09-03T11:48:58.970502+00:00,2026-09-03
gb-5855377358,gb,5855377358,Data Analyst,data analyst,5,249,733,2026-09-03T11:48:58.970502+00:00,2026-09-03
gb-5855377450,gb,5855377450,Data Analyst,data analyst,5,248,733,2026-09-03T11:48:58.970502+00:00,2026-09-03
gb-5855377743,gb,5855377743,BI Analyst,BI analyst,1,14,33,2026-09-03T11:48:58.970502+00:00,2026-09-03
gb-5855377992,gb,5855377992,Data Analyst,data analyst,5,247,733,2026-09-03T11:48:58.970502+00:00,2026-09-03
gb-5855378211,gb,5855378211,Data Analyst,data analyst,5,246,733,2026-09-03T11:48:58.970502+00:00,2026-09-03
gb-5855378511,gb,5855378511,Data Analyst,data analyst,5,245,733,2026-09-03T11:48:58.970502+00:00,2026-09-03
gb-5855378601,gb,5855378601,Data Analyst,data analyst,5,244,733,2026-09-03T11:48:58.970502+00:00,2026-09-03
gb-5855378608,gb,5855378608,Data Analyst,data analyst,5,243,733,2026-09-03T11:48:58.970502+00:00,2026-09-03
gb-5855379210,gb,5855379210,Data Analyst,data analyst,5,242,733,2026-09-03T11:48:58.970502+00:00,2026-09-03
gb-5855379822,gb,5855379822,Data Analyst,data analyst,5,241,733,2026-09-03T11:48:58.970502+00:00,2026-09-03
gb-5855380221,gb,5855380221,Data Analyst,data analyst,5,240,733,2026-09-03T11:48:58.970502+00:00,2026-09-03
gb-5855380402,gb,5855380402,Data Analyst,data analyst,5,239,733,2026-09-03T11:48:58.970502+00:00,2026-09-03
gb-5855380476,gb,5855380476,Data Analyst,data analyst,5,238,733,2026-09-03T11:48:58.970502+00:00,2026-09-03
gb-5855380778,gb,5855380778,Data Analyst,data analyst,5,237,733,2026-09-03T11:48:58.970502+00:00,2026-09-03
gb-5855380972,gb,5855380972,Data Analyst,data analyst,5,236,733,2026-09-03T11:48:58.970502+00:00,2026-09-03
gb-5855381093,gb,5855381093,Data Analyst,data analyst,5,235,733,2026-09-03T11:48:58.970502+00:00,2026-09-03
gb-5855381335,gb,5855381335,Data Analyst,data analyst,5,234,733,2026-09-03T11:48:58.970502+00:00,2026-09-03
gb-5855381386,gb,5855381386,Data Analyst,data analyst,5,233,733,2026-09-03T11:48:58.970502+00:00,2026-09-03
gb-5855381406,gb,5855381406,Data Analyst,data analyst,5,232,733,2026-09-03T11:48:58.970502+00:00,2026-09-03
gb-5855381462,gb,5855381462,Data Analyst,data analyst,5,231,733,2026-09-03T11:48:58.970502+00:00,2026-09-03
gb-5855381727,gb,5855381727,Data Analyst,data analyst,5,230,733,2026-09-03T11:48:58.970502+00:00,2026-09-03
gb-5855381953,gb,5855381953,BI Analyst,BI analyst,1,13,33,2026-09-03T11:48:58.970502+00:00,2026-09-03
gb-5855472404,gb,5855472404,Data Analyst,data analyst,5,229,733,2026-09-03T11:48:58.970502+00:00,2026-09-03
gb-5855475597,gb,5855475597,Data Analyst,data analyst,5,228,733,2026-09-03T11:48:58.970502+00:00,2026-09-03
gb-5855591572,gb,5855591572,Data Analyst,data analyst,5,227,733,2026-09-03T11:48:58.970502+00:00,2026-09-03
gb-5855594700,gb,5855594700,Data Analyst,data analyst,5,226,733,2026-09-03T11:48:58.970502+00:00,2026-09-03
gb-5855604687,gb,5855604687,Data Analyst,data analyst,5,225,733,2026-09-03T11:48:58.970502+00:00,2026-09-03
gb-5855617098,gb,5855617098,Data Analyst,data analyst,5,224,733,2026-09-03T11:48:58.970502+00:00,2026-09-03
gb-5855621595,gb,5855621595,Data Analyst,data analyst,5,223,733,2026-09-03T11:48:58.970502+00:00,2026-09-03
gb-5855683693,gb,5855683693,Data Analyst,data analyst,5,222,733,2026-09-03T11:48:58.970502+00:00,2026-09-03
gb-5855685692,gb,5855685692,Data Analyst,data analyst,5,221,733,2026-09-03T11:48:58.970502+00:00,2026-09-03
gb-5855685803,gb,5855685803,Data Analyst,data analyst,5,220,733,2026-09-03T11:48:58.970502+00:00,2026-09-03
gb-5855686113,gb,5855686113,Data Analyst,data analyst,5,219,733,2026-09-03T11:48:58.970502+00:00,2026-09-03
gb-5855704121,gb,5855704121,Data Analyst,data analyst,5,218,733,2026-09-03T11:48:58.970502+00:00,2026-09-03
gb-5855716317,gb,5855716317,BI Analyst,BI analyst,1,12,33,2026-09-03T11:48:58.970502+00:00,2026-09-03
gb-5855716321,gb,5855716321,Data Analyst,data analyst,5,217,733,2026-09-03T11:48:58.970502+00:00,2026-09-03
gb-5855716764,gb,5855716764,Data Analyst,data analyst,5,216,733,2026-09-03T11:48:58.970502+00:00,2026-09-03
gb-5855737106,gb,5855737106,Data Analyst,data analyst,5,215,733,2026-09-03T11:48:58.970502+00:00,2026-09-03
gb-5855991534,gb,5855991534,Data Analyst,data analyst,5,214,733,2026-09-03T11:48:58.970502+00:00,2026-09-03
gb-5856135808,gb,5856135808,BI Analyst,business intelligence analyst,1,13,34,2026-09-03T11:48:58.970502+00:00,2026-09-03
gb-5856135808,gb,5856135808,Data Analyst,data analyst,5,213,733,2026-09-03T11:48:58.970502+00:00,2026-09-03
gb-5856595712,gb,5856595712,Data Analyst,data analyst,5,212,733,2026-09-03T11:48:58.970502+00:00,2026-09-03
gb-5856669758,gb,5856669758,Data Analyst,data analyst,5,211,733,2026-09-03T11:48:58.970502+00:00,2026-09-03
gb-5856814418,gb,5856814418,Data Analyst,data analyst,5,210,733,2026-09-03T11:48:58.970502+00:00,2026-09-03
gb-5856892687,gb,5856892687,Data Analyst,data analyst,5,209,733,2026-09-03T11:48:58.970502+00:00,2026-09-03
gb-5856946396,gb,5856946396,Data Analyst,data analyst,5,208,733,2026-09-03T11:48:58.970502+00:00,2026-09-03
gb-5856959936,gb,5856959936,Data Analyst,data analyst,5,207,733,2026-09-03T11:48:58.970502+00:00,2026-09-03
gb-5856974719,gb,5856974719,Data Analyst,data analyst,5,206,733,2026-09-03T11:48:58.970502+00:00,2026-09-03
gb-5856976927,gb,5856976927,Data Analyst,data analyst,5,205,733,2026-09-03T11:48:58.970502+00:00,2026-09-03
gb-5856978499,gb,5856978499,Data Analyst,data analyst,5,204,733,2026-09-03T11:48:58.970502+00:00,2026-09-03
gb-5856980452,gb,5856980452,Data Analyst,data analyst,5,203,733,2026-09-03T11:48:58.970502+00:00,2026-09-03
gb-5856999989,gb,5856999989,Data Analyst,data analyst,5,202,733,2026-09-03T11:48:58.970502+00:00,2026-09-03
gb-5857163241,gb,5857163241,Data Analyst,data analyst,5,201,733,2026-09-03T11:48:58.970502+00:00,2026-09-03
gb-5857174948,gb,5857174948,BI Analyst,business intelligence analyst,1,12,34,2026-09-03T11:48:58.970502+00:00,2026-09-03
gb-5857179420,gb,5857179420,Data Analyst,data analyst,4,200,733,2026-09-03T11:48:58.970502+00:00,2026-09-03
gb-5857189171,gb,5857189171,Data Analyst,data analyst,4,199,733,2026-09-03T11:48:58.970502+00:00,2026-09-03
gb-5857189288,gb,5857189288,Data Analyst,data analyst,4,197,733,2026-09-03T11:48:58.970502+00:00,2026-09-03
gb-5857189302,gb,5857189302,Data Analyst,data analyst,4,198,733,2026-09-03T11:48:58.970502+00:00,2026-09-03
gb-5857189392,gb,5857189392,Data Analyst,data analyst,4,196,733,2026-09-03T11:48:58.970502+00:00,2026-09-03
gb-5857189439,gb,5857189439,Data Analyst,data analyst,4,195,733,2026-09-03T11:48:58.970502+00:00,2026-09-03
gb-5857207842,gb,5857207842,Data Analyst,data analyst,4,194,733,2026-09-03T11:48:58.970502+00:00,2026-09-03
gb-5857207852,gb,5857207852,Data Analyst,data analyst,4,193,733,2026-09-03T11:48:58.970502+00:00,2026-09-03
gb-5857215880,gb,5857215880,Data Analyst,data analyst,4,192,733,2026-09-03T11:48:58.970502+00:00,2026-09-03
gb-5857216253,gb,5857216253,BI Analyst,business intelligence analyst,1,11,34,2026-09-03T11:48:58.970502+00:00,2026-09-03
gb-5857221137,gb,5857221137,BI Analyst,BI analyst,1,10,33,2026-09-03T11:48:58.970502+00:00,2026-09-03
gb-5857221143,gb,5857221143,BI Analyst,BI analyst,1,11,33,2026-09-03T11:48:58.970502+00:00,2026-09-03
gb-5857227791,gb,5857227791,Data Analyst,data analyst,4,191,733,2026-09-03T11:48:58.970502+00:00,2026-09-03
gb-5857234851,gb,5857234851,Data Analyst,data analyst,4,190,733,2026-09-03T11:48:58.970502+00:00,2026-09-03
gb-5857236340,gb,5857236340,Data Analyst,data analyst,4,189,733,2026-09-03T11:48:58.970502+00:00,2026-09-03
gb-5857268435,gb,5857268435,Data Analyst,data analyst,4,188,733,2026-09-03T11:48:58.970502+00:00,2026-09-03
gb-5857649971,gb,5857649971,Data Analyst,data analyst,4,187,733,2026-09-03T11:48:58.970502+00:00,2026-09-03
gb-5857850546,gb,5857850546,Data Analyst,data analyst,4,186,733,2026-09-03T11:48:58.970502+00:00,2026-09-03
gb-5858065623,gb,5858065623,Data Analyst,data analyst,4,185,733,2026-09-03T11:48:58.970502+00:00,2026-09-03
gb-5858089591,gb,5858089591,BI Analyst,BI analyst,1,9,33,2026-09-03T11:48:58.970502+00:00,2026-09-03
gb-5858107916,gb,5858107916,Data Analyst,data analyst,4,184,733,2026-09-03T11:48:58.970502+00:00,2026-09-03
gb-5858141763,gb,5858141763,Data Analyst,data analyst,4,180,733,2026-09-03T11:48:58.970502+00:00,2026-09-03
gb-5858141778,gb,5858141778,Data Analyst,data analyst,4,183,733,2026-09-03T11:48:58.970502+00:00,2026-09-03
gb-5858141780,gb,5858141780,Data Analyst,data analyst,4,181,733,2026-09-03T11:48:58.970502+00:00,2026-09-03
gb-5858141783,gb,5858141783,Data Analyst,data analyst,4,182,733,2026-09-03T11:48:58.970502+00:00,2026-09-03
gb-5858141817,gb,5858141817,Data Analyst,data analyst,4,179,733,2026-09-03T11:48:58.970502+00:00,2026-09-03
gb-5858141842,gb,5858141842,Data Analyst,data analyst,4,178,733,2026-09-03T11:48:58.970502+00:00,2026-09-03
gb-5858177274,gb,5858177274,BI Analyst,BI analyst,1,8,33,2026-09-03T11:48:58.970502+00:00,2026-09-03
gb-5858200024,gb,5858200024,Data Analyst,data analyst,4,177,733,2026-09-03T11:48:58.970502+00:00,2026-09-03
gb-5858200062,gb,5858200062,Data Analyst,data analyst,4,176,733,2026-09-03T11:48:58.970502+00:00,2026-09-03
gb-5858200065,gb,5858200065,BI Analyst,BI analyst,1,7,33,2026-09-03T11:48:58.970502+00:00,2026-09-03
gb-5858220107,gb,5858220107,BI Analyst,BI analyst,1,6,33,2026-09-03T11:48:58.970502+00:00,2026-09-03
gb-5858245997,gb,5858245997,Data Analyst,data analyst,4,175,733,2026-09-03T11:48:58.970502+00:00,2026-09-03
gb-5858262293,gb,5858262293,Data Analyst,data analyst,4,174,733,2026-09-03T11:48:58.970502+00:00,2026-09-03
gb-5858262977,gb,5858262977,Data Analyst,data analyst,4,173,733,2026-09-03T11:48:58.970502+00:00,2026-09-03
gb-5858263105,gb,5858263105,Data Analyst,data analyst,4,172,733,2026-09-03T11:48:58.970502+00:00,2026-09-03
gb-5858284420,gb,5858284420,Data Analyst,data analyst,4,171,733,2026-09-03T11:48:58.970502+00:00,2026-09-03
gb-5858303237,gb,5858303237,Data Analyst,data analyst,4,170,733,2026-09-03T11:48:58.970502+00:00,2026-09-03
gb-5858303351,gb,5858303351,Data Analyst,data analyst,4,169,733,2026-09-03T11:48:58.970502+00:00,2026-09-03
gb-5858342035,gb,5858342035,Data Analyst,data analyst,4,168,733,2026-09-03T11:48:58.970502+00:00,2026-09-03
gb-5858363665,gb,5858363665,Data Analyst,data analyst,4,167,733,2026-09-03T11:48:58.970502+00:00,2026-09-03
gb-5858364990,gb,5858364990,Data Analyst,data analyst,4,166,733,2026-09-03T11:48:58.970502+00:00,2026-09-03
gb-5858367665,gb,5858367665,Data Analyst,data analyst,4,165,733,2026-09-03T11:48:58.970502+00:00,2026-09-03
gb-5858368399,gb,5858368399,Data Analyst,data analyst,4,164,733,2026-09-03T11:48:58.970502+00:00,2026-09-03
gb-5858371998,gb,5858371998,Data Analyst,data analyst,4,163,733,2026-09-03T11:48:58.970502+00:00,2026-09-03
gb-5858373645,gb,5858373645,Data Analyst,data analyst,4,162,733,2026-09-03T11:48:58.970502+00:00,2026-09-03
gb-5858374336,gb,5858374336,BI Analyst,business intelligence analyst,1,10,34,2026-09-03T11:48:58.970502+00:00,2026-09-03
gb-5858377515,gb,5858377515,BI Analyst,BI analyst,1,5,33,2026-09-03T11:48:58.970502+00:00,2026-09-03
gb-5858377515,gb,5858377515,Data Analyst,data analyst,4,161,733,2026-09-03T11:48:58.970502+00:00,2026-09-03
gb-5858384691,gb,5858384691,Data Analyst,data analyst,4,160,733,2026-09-03T11:48:58.970502+00:00,2026-09-03
gb-5858387092,gb,5858387092,Data Analyst,data analyst,4,159,733,2026-09-03T11:48:58.970502+00:00,2026-09-03
gb-5858389764,gb,5858389764,Data Analyst,data analyst,4,158,733,2026-09-03T11:48:58.970502+00:00,2026-09-03
gb-5858390325,gb,5858390325,Data Analyst,data analyst,4,157,733,2026-09-03T11:48:58.970502+00:00,2026-09-03
gb-5858411950,gb,5858411950,Data Analyst,data analyst,4,156,733,2026-09-03T11:48:58.970502+00:00,2026-09-03
gb-5858587375,gb,5858587375,Data Analyst,data analyst,4,154,733,2026-09-03T11:48:58.970502+00:00,2026-09-03
gb-5858587406,gb,5858587406,Data Analyst,data analyst,4,155,733,2026-09-03T11:48:58.970502+00:00,2026-09-03
gb-5858625182,gb,5858625182,Data Analyst,data analyst,4,153,733,2026-09-03T11:48:58.970502+00:00,2026-09-03
gb-5858627464,gb,5858627464,Data Analyst,data analyst,4,152,733,2026-09-03T11:48:58.970502+00:00,2026-09-03
gb-5858627587,gb,5858627587,Data Analyst,data analyst,4,151,733,2026-09-03T11:48:58.970502+00:00,2026-09-03
gb-5858627677,gb,5858627677,Data Analyst,data analyst,3,150,733,2026-09-03T11:48:58.970502+00:00,2026-09-03
gb-5858628580,gb,5858628580,Data Analyst,data analyst,3,149,733,2026-09-03T11:48:58.970502+00:00,2026-09-03
gb-5858904718,gb,5858904718,Data Analyst,data analyst,3,148,733,2026-09-03T11:48:58.970502+00:00,2026-09-03
gb-5858906124,gb,5858906124,Data Analyst,data analyst,3,147,733,2026-09-03T11:48:58.970502+00:00,2026-09-03
gb-5858907743,gb,5858907743,Data Analyst,data analyst,3,146,733,2026-09-03T11:48:58.970502+00:00,2026-09-03
gb-5859057516,gb,5859057516,Data Analyst,data analyst,3,145,733,2026-09-03T11:48:58.970502+00:00,2026-09-03
gb-5859060098,gb,5859060098,Data Analyst,data analyst,3,144,733,2026-09-03T11:48:58.970502+00:00,2026-09-03
gb-5859161524,gb,5859161524,Data Analyst,data analyst,3,143,733,2026-09-03T11:48:58.970502+00:00,2026-09-03
gb-5859492510,gb,5859492510,Data Analyst,data analyst,3,142,733,2026-09-03T11:48:58.970502+00:00,2026-09-03
gb-5859614908,gb,5859614908,Data Analyst,data analyst,3,141,733,2026-09-03T11:48:58.970502+00:00,2026-09-03
gb-5859619578,gb,5859619578,Data Analyst,data analyst,3,140,733,2026-09-03T11:48:58.970502+00:00,2026-09-03
gb-5859643902,gb,5859643902,Data Analyst,data analyst,3,139,733,2026-09-03T11:48:58.970502+00:00,2026-09-03
gb-5859656397,gb,5859656397,BI Analyst,BI analyst,1,4,33,2026-09-03T11:48:58.970502+00:00,2026-09-03
gb-5859656830,gb,5859656830,Data Analyst,data analyst,3,138,733,2026-09-03T11:48:58.970502+00:00,2026-09-03
gb-5859746013,gb,5859746013,Data Analyst,data analyst,3,137,733,2026-09-03T11:48:58.970502+00:00,2026-09-03
gb-5859757634,gb,5859757634,Data Analyst,data analyst,3,136,733,2026-09-03T11:48:58.970502+00:00,2026-09-03
gb-5859761219,gb,5859761219,Data Analyst,data analyst,3,135,733,2026-09-03T11:48:58.970502+00:00,2026-09-03
gb-5859761566,gb,5859761566,Data Analyst,data analyst,3,134,733,2026-09-03T11:48:58.970502+00:00,2026-09-03
gb-5859763673,gb,5859763673,Data Analyst,data analyst,3,133,733,2026-09-03T11:48:58.970502+00:00,2026-09-03
gb-5859769677,gb,5859769677,Data Analyst,data analyst,3,132,733,2026-09-03T11:48:58.970502+00:00,2026-09-03
gb-5859770298,gb,5859770298,Data Analyst,data analyst,3,131,733,2026-09-03T11:48:58.970502+00:00,2026-09-03
gb-5859795918,gb,5859795918,Data Analyst,data analyst,3,130,733,2026-09-03T11:48:58.970502+00:00,2026-09-03
gb-5859795949,gb,5859795949,Data Analyst,data analyst,3,129,733,2026-09-03T11:48:58.970502+00:00,2026-09-03
gb-5859809944,gb,5859809944,Data Analyst,data analyst,3,128,733,2026-09-03T11:48:58.970502+00:00,2026-09-03
gb-5859974794,gb,5859974794,Data Analyst,data analyst,3,127,733,2026-09-03T11:48:58.970502+00:00,2026-09-03
gb-5859990443,gb,5859990443,Data Analyst,data analyst,3,126,733,2026-09-03T11:48:58.970502+00:00,2026-09-03
gb-5859992488,gb,5859992488,Data Analyst,data analyst,3,125,733,2026-09-03T11:48:58.970502+00:00,2026-09-03
gb-5859992645,gb,5859992645,Data Analyst,data analyst,3,124,733,2026-09-03T11:48:58.970502+00:00,2026-09-03
gb-5859992676,gb,5859992676,Data Analyst,data analyst,3,123,733,2026-09-03T11:48:58.970502+00:00,2026-09-03
gb-5859994642,gb,5859994642,Data Analyst,data analyst,3,122,733,2026-09-03T11:48:58.970502+00:00,2026-09-03
gb-5859994646,gb,5859994646,Data Analyst,data analyst,3,121,733,2026-09-03T11:48:58.970502+00:00,2026-09-03
gb-5859994652,gb,5859994652,Data Analyst,data analyst,3,120,733,2026-09-03T11:48:58.970502+00:00,2026-09-03
gb-5859994674,gb,5859994674,Data Analyst,data analyst,3,119,733,2026-09-03T11:48:58.970502+00:00,2026-09-03
gb-5860066671,gb,5860066671,Data Analyst,data analyst,3,117,733,2026-09-03T11:48:58.970502+00:00,2026-09-03
gb-5860066687,gb,5860066687,Data Analyst,data analyst,3,118,733,2026-09-03T11:48:58.970502+00:00,2026-09-03
gb-5860068596,gb,5860068596,Data Analyst,data analyst,3,116,733,2026-09-03T11:48:58.970502+00:00,2026-09-03
gb-5860751563,gb,5860751563,Data Analyst,data analyst,3,115,733,2026-09-03T11:48:58.970502+00:00,2026-09-03
gb-5861182353,gb,5861182353,Data Analyst,data analyst,3,114,733,2026-09-03T11:48:58.970502+00:00,2026-09-03
gb-5861222704,gb,5861222704,Data Analyst,data analyst,3,113,733,2026-09-03T11:48:58.970502+00:00,2026-09-03
gb-5861234016,gb,5861234016,Data Analyst,data analyst,3,112,733,2026-09-03T11:48:58.970502+00:00,2026-09-03
gb-5861239358,gb,5861239358,Data Analyst,data analyst,3,111,733,2026-09-03T11:48:58.970502+00:00,2026-09-03
gb-5861242326,gb,5861242326,Data Analyst,data analyst,3,110,733,2026-09-03T11:48:58.970502+00:00,2026-09-03
gb-5861397280,gb,5861397280,Data Analyst,data analyst,3,109,733,2026-09-03T11:48:58.970502+00:00,2026-09-03
gb-5861428762,gb,5861428762,Data Analyst,data analyst,3,108,733,2026-09-03T11:48:58.970502+00:00,2026-09-03
gb-5861733142,gb,5861733142,Data Analyst,data analyst,3,107,733,2026-09-03T11:48:58.970502+00:00,2026-09-03
gb-5861761607,gb,5861761607,Data Analyst,data analyst,3,106,733,2026-09-03T11:48:58.970502+00:00,2026-09-03
gb-5861792243,gb,5861792243,Data Analyst,data analyst,3,105,733,2026-09-03T11:48:58.970502+00:00,2026-09-03
gb-5862276870,gb,5862276870,Data Analyst,data analyst,3,104,733,2026-09-03T11:48:58.970502+00:00,2026-09-03
gb-5862284826,gb,5862284826,Data Analyst,data analyst,3,103,733,2026-09-03T11:48:58.970502+00:00,2026-09-03
gb-5862648963,gb,5862648963,Data Analyst,data analyst,3,101,733,2026-09-03T11:48:58.970502+00:00,2026-09-03
gb-5862648973,gb,5862648973,Data Analyst,data analyst,3,102,733,2026-09-03T11:48:58.970502+00:00,2026-09-03
gb-5862649000,gb,5862649000,Data Analyst,data analyst,2,100,733,2026-09-03T11:48:58.970502+00:00,2026-09-03
gb-5862649040,gb,5862649040,Data Analyst,data analyst,2,98,733,2026-09-03T11:48:58.970502+00:00,2026-09-03
gb-5862649060,gb,5862649060,Data Analyst,data analyst,2,99,733,2026-09-03T11:48:58.970502+00:00,2026-09-03
gb-5862649110,gb,5862649110,Data Analyst,data analyst,2,97,733,2026-09-03T11:48:58.970502+00:00,2026-09-03
gb-5862688235,gb,5862688235,Data Analyst,data analyst,2,96,733,2026-09-03T11:48:58.970502+00:00,2026-09-03
gb-5862862939,gb,5862862939,Business Analyst,business analyst,5,250,1275,2026-09-03T11:48:58.970502+00:00,2026-09-03
gb-5862926796,gb,5862926796,Business Analyst,business analyst,5,249,1275,2026-09-03T11:48:58.970502+00:00,2026-09-03
gb-5862926811,gb,5862926811,Business Analyst,business analyst,5,248,1275,2026-09-03T11:48:58.970502+00:00,2026-09-03
gb-5862926825,gb,5862926825,Business Analyst,business analyst,5,247,1275,2026-09-03T11:48:58.970502+00:00,2026-09-03
gb-5862953961,gb,5862953961,Business Analyst,business analyst,5,246,1275,2026-09-03T11:48:58.970502+00:00,2026-09-03
gb-5862984657,gb,5862984657,Business Analyst,business analyst,5,245,1275,2026-09-03T11:48:58.970502+00:00,2026-09-03
gb-5862989176,gb,5862989176,Data Analyst,data analyst,2,95,733,2026-09-03T11:48:58.970502+00:00,2026-09-03
gb-5863109993,gb,5863109993,Data Analyst,data analyst,2,94,733,2026-09-03T11:48:58.970502+00:00,2026-09-03
gb-5863110332,gb,5863110332,Business Analyst,business analyst,5,244,1275,2026-09-03T11:48:58.970502+00:00,2026-09-03
gb-5863132806,gb,5863132806,Data Analyst,data analyst,2,93,733,2026-09-03T11:48:58.970502+00:00,2026-09-03
gb-5863133445,gb,5863133445,Business Analyst,business analyst,5,243,1275,2026-09-03T11:48:58.970502+00:00,2026-09-03
gb-5863586463,gb,5863586463,Business Analyst,business analyst,5,242,1275,2026-09-03T11:48:58.970502+00:00,2026-09-03
gb-5863586463,gb,5863586463,Data Analyst,data analyst,2,92,733,2026-09-03T11:48:58.970502+00:00,2026-09-03
gb-5864040627,gb,5864040627,Data Analyst,data analyst,2,91,733,2026-09-03T11:48:58.970502+00:00,2026-09-03
gb-5864089586,gb,5864089586,Business Analyst,business analyst,5,241,1275,2026-09-03T11:48:58.970502+00:00,2026-09-03
gb-5864147980,gb,5864147980,Business Analyst,business analyst,5,238,1275,2026-09-03T11:48:58.970502+00:00,2026-09-03
gb-5864147983,gb,5864147983,Business Analyst,business analyst,5,239,1275,2026-09-03T11:48:58.970502+00:00,2026-09-03
gb-5864147983,gb,5864147983,Data Analyst,data analyst,2,89,733,2026-09-03T11:48:58.970502+00:00,2026-09-03
gb-5864147992,gb,5864147992,Business Analyst,business analyst,5,240,1275,2026-09-03T11:48:58.970502+00:00,2026-09-03
gb-5864147992,gb,5864147992,Data Analyst,data analyst,2,90,733,2026-09-03T11:48:58.970502+00:00,2026-09-03
gb-5864148019,gb,5864148019,Business Analyst,business analyst,5,237,1275,2026-09-03T11:48:58.970502+00:00,2026-09-03
gb-5864407928,gb,5864407928,Business Analyst,business analyst,5,236,1275,2026-09-03T11:48:58.970502+00:00,2026-09-03
gb-5864528576,gb,5864528576,Business Analyst,business analyst,5,235,1275,2026-09-03T11:48:58.970502+00:00,2026-09-03
gb-5864528580,gb,5864528580,Business Analyst,business analyst,5,234,1275,2026-09-03T11:48:58.970502+00:00,2026-09-03
gb-5864528638,gb,5864528638,BI Analyst,BI analyst,1,3,33,2026-09-03T11:48:58.970502+00:00,2026-09-03
gb-5864528638,gb,5864528638,Data Analyst,data analyst,2,88,733,2026-09-03T11:48:58.970502+00:00,2026-09-03
gb-5864528709,gb,5864528709,Data Analyst,data analyst,2,87,733,2026-09-03T11:48:58.970502+00:00,2026-09-03
gb-5864547140,gb,5864547140,Business Analyst,business analyst,5,233,1275,2026-09-03T11:48:58.970502+00:00,2026-09-03
gb-5864548426,gb,5864548426,Data Analyst,data analyst,2,86,733,2026-09-03T11:48:58.970502+00:00,2026-09-03
gb-5864590561,gb,5864590561,Data Analyst,data analyst,2,85,733,2026-09-03T11:48:58.970502+00:00,2026-09-03
gb-5864598438,gb,5864598438,Business Analyst,business analyst,5,232,1275,2026-09-03T11:48:58.970502+00:00,2026-09-03
gb-5864598448,gb,5864598448,Business Analyst,business analyst,5,230,1275,2026-09-03T11:48:58.970502+00:00,2026-09-03
gb-5864598450,gb,5864598450,Business Analyst,business analyst,5,229,1275,2026-09-03T11:48:58.970502+00:00,2026-09-03
gb-5864598451,gb,5864598451,Business Analyst,business analyst,5,231,1275,2026-09-03T11:48:58.970502+00:00,2026-09-03
gb-5864625335,gb,5864625335,Business Analyst,business analyst,5,228,1275,2026-09-03T11:48:58.970502+00:00,2026-09-03
gb-5864640386,gb,5864640386,Business Analyst,business analyst,5,227,1275,2026-09-03T11:48:58.970502+00:00,2026-09-03
gb-5864652966,gb,5864652966,Business Analyst,business analyst,5,226,1275,2026-09-03T11:48:58.970502+00:00,2026-09-03
gb-5864670761,gb,5864670761,Data Analyst,data analyst,2,84,733,2026-09-03T11:48:58.970502+00:00,2026-09-03
gb-5864671247,gb,5864671247,Data Analyst,data analyst,2,83,733,2026-09-03T11:48:58.970502+00:00,2026-09-03
gb-5864671256,gb,5864671256,Business Analyst,business analyst,5,225,1275,2026-09-03T11:48:58.970502+00:00,2026-09-03
gb-5864677608,gb,5864677608,Data Analyst,data analyst,2,82,733,2026-09-03T11:48:58.970502+00:00,2026-09-03
gb-5864677653,gb,5864677653,Business Analyst,business analyst,5,224,1275,2026-09-03T11:48:58.970502+00:00,2026-09-03
gb-5864728782,gb,5864728782,Data Analyst,data analyst,2,81,733,2026-09-03T11:48:58.970502+00:00,2026-09-03
gb-5864729349,gb,5864729349,Business Analyst,business analyst,5,223,1275,2026-09-03T11:48:58.970502+00:00,2026-09-03
gb-5864792047,gb,5864792047,Data Analyst,data analyst,2,80,733,2026-09-03T11:48:58.970502+00:00,2026-09-03
gb-5864854595,gb,5864854595,Business Analyst,business analyst,5,222,1275,2026-09-03T11:48:58.970502+00:00,2026-09-03
gb-5864882328,gb,5864882328,Data Analyst,data analyst,2,79,733,2026-09-03T11:48:58.970502+00:00,2026-09-03
gb-5864941327,gb,5864941327,Business Analyst,business analyst,5,221,1275,2026-09-03T11:48:58.970502+00:00,2026-09-03
gb-5864943949,gb,5864943949,Business Analyst,business analyst,5,220,1275,2026-09-03T11:48:58.970502+00:00,2026-09-03
gb-5864945934,gb,5864945934,Business Analyst,business analyst,5,219,1275,2026-09-03T11:48:58.970502+00:00,2026-09-03
gb-5864981083,gb,5864981083,Data Analyst,data analyst,2,78,733,2026-09-03T11:48:58.970502+00:00,2026-09-03
gb-5865014896,gb,5865014896,Business Analyst,business analyst,5,218,1275,2026-09-03T11:48:58.970502+00:00,2026-09-03
gb-5865016182,gb,5865016182,Business Analyst,business analyst,5,217,1275,2026-09-03T11:48:58.970502+00:00,2026-09-03
gb-5865140691,gb,5865140691,Business Analyst,business analyst,5,216,1275,2026-09-03T11:48:58.970502+00:00,2026-09-03
gb-5865142336,gb,5865142336,Business Analyst,business analyst,5,215,1275,2026-09-03T11:48:58.970502+00:00,2026-09-03
gb-5865162104,gb,5865162104,Business Analyst,business analyst,5,214,1275,2026-09-03T11:48:58.970502+00:00,2026-09-03
gb-5865162761,gb,5865162761,Business Analyst,business analyst,5,213,1275,2026-09-03T11:48:58.970502+00:00,2026-09-03
gb-5865162761,gb,5865162761,Data Analyst,data analyst,2,77,733,2026-09-03T11:48:58.970502+00:00,2026-09-03
gb-5865162934,gb,5865162934,Business Analyst,business analyst,5,212,1275,2026-09-03T11:48:58.970502+00:00,2026-09-03
gb-5865169278,gb,5865169278,Business Analyst,business analyst,5,211,1275,2026-09-03T11:48:58.970502+00:00,2026-09-03
gb-5865186977,gb,5865186977,Business Analyst,business analyst,5,210,1275,2026-09-03T11:48:58.970502+00:00,2026-09-03
gb-5865190428,gb,5865190428,Data Analyst,data analyst,2,73,733,2026-09-03T11:48:58.970502+00:00,2026-09-03
gb-5865190429,gb,5865190429,Data Analyst,data analyst,2,76,733,2026-09-03T11:48:58.970502+00:00,2026-09-03
gb-5865190430,gb,5865190430,Business Analyst,business analyst,5,209,1275,2026-09-03T11:48:58.970502+00:00,2026-09-03
gb-5865190431,gb,5865190431,Data Analyst,data analyst,2,72,733,2026-09-03T11:48:58.970502+00:00,2026-09-03
gb-5865190432,gb,5865190432,Business Analyst,business analyst,5,207,1275,2026-09-03T11:48:58.970502+00:00,2026-09-03
gb-5865190433,gb,5865190433,Data Analyst,data analyst,2,75,733,2026-09-03T11:48:58.970502+00:00,2026-09-03
gb-5865190435,gb,5865190435,Business Analyst,business analyst,5,208,1275,2026-09-03T11:48:58.970502+00:00,2026-09-03
gb-5865190456,gb,5865190456,Data Analyst,data analyst,2,74,733,2026-09-03T11:48:58.970502+00:00,2026-09-03
gb-5865190459,gb,5865190459,Data Analyst,data analyst,2,71,733,2026-09-03T11:48:58.970502+00:00,2026-09-03
gb-5865190460,gb,5865190460,Data Analyst,data analyst,2,70,733,2026-09-03T11:48:58.970502+00:00,2026-09-03
gb-5865190461,gb,5865190461,Data Analyst,data analyst,2,69,733,2026-09-03T11:48:58.970502+00:00,2026-09-03
gb-5865192881,gb,5865192881,Business Analyst,business analyst,5,206,1275,2026-09-03T11:48:58.970502+00:00,2026-09-03
gb-5865192938,gb,5865192938,Business Analyst,business analyst,5,205,1275,2026-09-03T11:48:58.970502+00:00,2026-09-03
gb-5865193017,gb,5865193017,Business Analyst,business analyst,5,204,1275,2026-09-03T11:48:58.970502+00:00,2026-09-03
gb-5865193043,gb,5865193043,Business Analyst,business analyst,5,203,1275,2026-09-03T11:48:58.970502+00:00,2026-09-03
gb-5865193102,gb,5865193102,Business Analyst,business analyst,5,202,1275,2026-09-03T11:48:58.970502+00:00,2026-09-03
gb-5865197791,gb,5865197791,Business Analyst,business analyst,5,201,1275,2026-09-03T11:48:58.970502+00:00,2026-09-03
gb-5865197791,gb,5865197791,Data Analyst,data analyst,2,68,733,2026-09-03T11:48:58.970502+00:00,2026-09-03
gb-5865198826,gb,5865198826,Business Analyst,business analyst,4,200,1275,2026-09-03T11:48:58.970502+00:00,2026-09-03
gb-5865208121,gb,5865208121,Business Analyst,business analyst,4,199,1275,2026-09-03T11:48:58.970502+00:00,2026-09-03
gb-5865208131,gb,5865208131,Business Analyst,business analyst,4,198,1275,2026-09-03T11:48:58.970502+00:00,2026-09-03
gb-5865264902,gb,5865264902,Business Analyst,business analyst,4,197,1275,2026-09-03T11:48:58.970502+00:00,2026-09-03
gb-5865265463,gb,5865265463,Data Analyst,data analyst,2,65,733,2026-09-03T11:48:58.970502+00:00,2026-09-03
gb-5865265469,gb,5865265469,Data Analyst,data analyst,2,66,733,2026-09-03T11:48:58.970502+00:00,2026-09-03
gb-5865265477,gb,5865265477,Data Analyst,data analyst,2,67,733,2026-09-03T11:48:58.970502+00:00,2026-09-03
gb-5865265481,gb,5865265481,Business Analyst,business analyst,4,196,1275,2026-09-03T11:48:58.970502+00:00,2026-09-03
gb-5865265486,gb,5865265486,Business Analyst,business analyst,4,195,1275,2026-09-03T11:48:58.970502+00:00,2026-09-03
gb-5865267720,gb,5865267720,Data Analyst,data analyst,2,62,733,2026-09-03T11:48:58.970502+00:00,2026-09-03
gb-5865267722,gb,5865267722,Data Analyst,data analyst,2,63,733,2026-09-03T11:48:58.970502+00:00,2026-09-03
gb-5865267724,gb,5865267724,Data Analyst,data analyst,2,64,733,2026-09-03T11:48:58.970502+00:00,2026-09-03
gb-5865267728,gb,5865267728,Business Analyst,business analyst,4,194,1275,2026-09-03T11:48:58.970502+00:00,2026-09-03
gb-5865269133,gb,5865269133,Data Analyst,data analyst,2,61,733,2026-09-03T11:48:58.970502+00:00,2026-09-03
gb-5865269134,gb,5865269134,Business Analyst,business analyst,4,193,1275,2026-09-03T11:48:58.970502+00:00,2026-09-03
gb-5865269451,gb,5865269451,Business Analyst,business analyst,4,192,1275,2026-09-03T11:48:58.970502+00:00,2026-09-03
gb-5865273205,gb,5865273205,Data Analyst,data analyst,2,60,733,2026-09-03T11:48:58.970502+00:00,2026-09-03
gb-5865274087,gb,5865274087,Business Analyst,business analyst,4,191,1275,2026-09-03T11:48:58.970502+00:00,2026-09-03
gb-5865301474,gb,5865301474,Data Analyst,data analyst,2,59,733,2026-09-03T11:48:58.970502+00:00,2026-09-03
gb-5865301759,gb,5865301759,Data Analyst,data analyst,2,58,733,2026-09-03T11:48:58.970502+00:00,2026-09-03
gb-5865311442,gb,5865311442,Business Analyst,business analyst,4,190,1275,2026-09-03T11:48:58.970502+00:00,2026-09-03
gb-5866082351,gb,5866082351,Business Analyst,business analyst,4,189,1275,2026-09-03T11:48:58.970502+00:00,2026-09-03
gb-5866113155,gb,5866113155,Business Analyst,business analyst,4,188,1275,2026-09-03T11:48:58.970502+00:00,2026-09-03
gb-5866113158,gb,5866113158,Business Analyst,business analyst,4,187,1275,2026-09-03T11:48:58.970502+00:00,2026-09-03
gb-5866419176,gb,5866419176,Data Analyst,data analyst,2,57,733,2026-09-03T11:48:58.970502+00:00,2026-09-03
gb-5866519311,gb,5866519311,Business Analyst,business analyst,4,185,1275,2026-09-03T11:48:58.970502+00:00,2026-09-03
gb-5866519319,gb,5866519319,Business Analyst,business analyst,4,186,1275,2026-09-03T11:48:58.970502+00:00,2026-09-03
gb-5866521433,gb,5866521433,Business Analyst,business analyst,4,184,1275,2026-09-03T11:48:58.970502+00:00,2026-09-03
gb-5866532943,gb,5866532943,Data Analyst,data analyst,2,54,733,2026-09-03T11:48:58.970502+00:00,2026-09-03
gb-5866532944,gb,5866532944,Data Analyst,data analyst,2,55,733,2026-09-03T11:48:58.970502+00:00,2026-09-03
gb-5866532946,gb,5866532946,Data Analyst,data analyst,2,56,733,2026-09-03T11:48:58.970502+00:00,2026-09-03
gb-5866532951,gb,5866532951,Data Analyst,data analyst,2,53,733,2026-09-03T11:48:58.970502+00:00,2026-09-03
gb-5866718600,gb,5866718600,Business Analyst,business analyst,4,183,1275,2026-09-03T11:48:58.970502+00:00,2026-09-03
gb-5866718600,gb,5866718600,BI Analyst,business intelligence analyst,1,9,34,2026-09-03T11:48:58.970502+00:00,2026-09-03
gb-5866922608,gb,5866922608,Business Analyst,business analyst,4,182,1275,2026-09-03T11:48:58.970502+00:00,2026-09-03
gb-5867043005,gb,5867043005,Business Analyst,business analyst,4,181,1275,2026-09-03T11:48:58.970502+00:00,2026-09-03
gb-5867043036,gb,5867043036,Data Analyst,data analyst,2,52,733,2026-09-03T11:48:58.970502+00:00,2026-09-03
gb-5867043282,gb,5867043282,Business Analyst,business analyst,4,177,1275,2026-09-03T11:48:58.970502+00:00,2026-09-03
gb-5867043284,gb,5867043284,Business Analyst,business analyst,4,176,1275,2026-09-03T11:48:58.970502+00:00,2026-09-03
gb-5867043285,gb,5867043285,Business Analyst,business analyst,4,172,1275,2026-09-03T11:48:58.970502+00:00,2026-09-03
gb-5867043289,gb,5867043289,Business Analyst,business analyst,4,169,1275,2026-09-03T11:48:58.970502+00:00,2026-09-03
gb-5867043292,gb,5867043292,Business Analyst,business analyst,4,161,1275,2026-09-03T11:48:58.970502+00:00,2026-09-03
gb-5867043294,gb,5867043294,Business Analyst,business analyst,4,171,1275,2026-09-03T11:48:58.970502+00:00,2026-09-03
gb-5867043295,gb,5867043295,Business Analyst,business analyst,4,178,1275,2026-09-03T11:48:58.970502+00:00,2026-09-03
gb-5867043298,gb,5867043298,Business Analyst,business analyst,4,165,1275,2026-09-03T11:48:58.970502+00:00,2026-09-03
gb-5867043302,gb,5867043302,Business Analyst,business analyst,4,162,1275,2026-09-03T11:48:58.970502+00:00,2026-09-03
gb-5867043306,gb,5867043306,Business Analyst,business analyst,4,164,1275,2026-09-03T11:48:58.970502+00:00,2026-09-03
gb-5867043320,gb,5867043320,Business Analyst,business analyst,4,163,1275,2026-09-03T11:48:58.970502+00:00,2026-09-03
gb-5867043322,gb,5867043322,Business Analyst,business analyst,4,179,1275,2026-09-03T11:48:58.970502+00:00,2026-09-03
gb-5867043330,gb,5867043330,Business Analyst,business analyst,4,173,1275,2026-09-03T11:48:58.970502+00:00,2026-09-03
gb-5867043333,gb,5867043333,Business Analyst,business analyst,4,175,1275,2026-09-03T11:48:58.970502+00:00,2026-09-03
gb-5867043335,gb,5867043335,Business Analyst,business analyst,4,174,1275,2026-09-03T11:48:58.970502+00:00,2026-09-03
gb-5867043339,gb,5867043339,Business Analyst,business analyst,4,167,1275,2026-09-03T11:48:58.970502+00:00,2026-09-03
gb-5867043340,gb,5867043340,Business Analyst,business analyst,4,168,1275,2026-09-03T11:48:58.970502+00:00,2026-09-03
gb-5867043341,gb,5867043341,Business Analyst,business analyst,4,166,1275,2026-09-03T11:48:58.970502+00:00,2026-09-03
gb-5867043342,gb,5867043342,Business Analyst,business analyst,4,180,1275,2026-09-03T11:48:58.970502+00:00,2026-09-03
gb-5867043343,gb,5867043343,Business Analyst,business analyst,4,170,1275,2026-09-03T11:48:58.970502+00:00,2026-09-03
gb-5867043346,gb,5867043346,Business Analyst,business analyst,3,108,1275,2026-09-03T11:48:58.970502+00:00,2026-09-03
gb-5867043348,gb,5867043348,Business Analyst,business analyst,2,100,1275,2026-09-03T11:48:58.970502+00:00,2026-09-03
gb-5867043349,gb,5867043349,Business Analyst,business analyst,3,148,1275,2026-09-03T11:48:58.970502+00:00,2026-09-03
gb-5867043351,gb,5867043351,Business Analyst,business analyst,3,146,1275,2026-09-03T11:48:58.970502+00:00,2026-09-03
gb-5867043352,gb,5867043352,Business Analyst,business analyst,3,119,1275,2026-09-03T11:48:58.970502+00:00,2026-09-03
gb-5867043353,gb,5867043353,Business Analyst,business analyst,4,153,1275,2026-09-03T11:48:58.970502+00:00,2026-09-03
gb-5867043354,gb,5867043354,Business Analyst,business analyst,3,124,1275,2026-09-03T11:48:58.970502+00:00,2026-09-03
gb-5867043355,gb,5867043355,Business Analyst,business analyst,4,152,1275,2026-09-03T11:48:58.970502+00:00,2026-09-03
gb-5867043356,gb,5867043356,Business Analyst,business analyst,3,128,1275,2026-09-03T11:48:58.970502+00:00,2026-09-03
gb-5867043357,gb,5867043357,Business Analyst,business analyst,3,112,1275,2026-09-03T11:48:58.970502+00:00,2026-09-03
gb-5867043358,gb,5867043358,Business Analyst,business analyst,3,135,1275,2026-09-03T11:48:58.970502+00:00,2026-09-03
gb-5867043359,gb,5867043359,Business Analyst,business analyst,3,123,1275,2026-09-03T11:48:58.970502+00:00,2026-09-03
gb-5867043360,gb,5867043360,Business Analyst,business analyst,3,125,1275,2026-09-03T11:48:58.970502+00:00,2026-09-03
gb-5867043361,gb,5867043361,Business Analyst,business analyst,3,102,1275,2026-09-03T11:48:58.970502+00:00,2026-09-03
gb-5867043362,gb,5867043362,Business Analyst,business analyst,3,132,1275,2026-09-03T11:48:58.970502+00:00,2026-09-03
gb-5867043363,gb,5867043363,Business Analyst,business analyst,3,133,1275,2026-09-03T11:48:58.970502+00:00,2026-09-03
gb-5867043364,gb,5867043364,Business Analyst,business analyst,4,155,1275,2026-09-03T11:48:58.970502+00:00,2026-09-03
gb-5867043365,gb,5867043365,Business Analyst,business analyst,3,113,1275,2026-09-03T11:48:58.970502+00:00,2026-09-03
gb-5867043366,gb,5867043366,Business Analyst,business analyst,3,147,1275,2026-09-03T11:48:58.970502+00:00,2026-09-03
gb-5867043367,gb,5867043367,Business Analyst,business analyst,3,111,1275,2026-09-03T11:48:58.970502+00:00,2026-09-03
gb-5867043368,gb,5867043368,Business Analyst,business analyst,3,120,1275,2026-09-03T11:48:58.970502+00:00,2026-09-03
gb-5867043369,gb,5867043369,Business Analyst,business analyst,3,116,1275,2026-09-03T11:48:58.970502+00:00,2026-09-03
gb-5867043370,gb,5867043370,Business Analyst,business analyst,3,104,1275,2026-09-03T11:48:58.970502+00:00,2026-09-03
gb-5867043371,gb,5867043371,Business Analyst,business analyst,4,159,1275,2026-09-03T11:48:58.970502+00:00,2026-09-03
gb-5867043372,gb,5867043372,Business Analyst,business analyst,3,107,1275,2026-09-03T11:48:58.970502+00:00,2026-09-03
gb-5867043373,gb,5867043373,Business Analyst,business analyst,3,149,1275,2026-09-03T11:48:58.970502+00:00,2026-09-03
gb-5867043374,gb,5867043374,Business Analyst,business analyst,3,118,1275,2026-09-03T11:48:58.970502+00:00,2026-09-03
gb-5867043375,gb,5867043375,Business Analyst,business analyst,4,160,1275,2026-09-03T11:48:58.970502+00:00,2026-09-03
gb-5867043376,gb,5867043376,Business Analyst,business analyst,4,157,1275,2026-09-03T11:48:58.970502+00:00,2026-09-03
gb-5867043377,gb,5867043377,Business Analyst,business analyst,3,140,1275,2026-09-03T11:48:58.970502+00:00,2026-09-03
gb-5867043379,gb,5867043379,Business Analyst,business analyst,3,101,1275,2026-09-03T11:48:58.970502+00:00,2026-09-03
gb-5867043380,gb,5867043380,Business Analyst,business analyst,3,137,1275,2026-09-03T11:48:58.970502+00:00,2026-09-03
gb-5867043381,gb,5867043381,Business Analyst,business analyst,3,117,1275,2026-09-03T11:48:58.970502+00:00,2026-09-03
gb-5867043383,gb,5867043383,Business Analyst,business analyst,3,115,1275,2026-09-03T11:48:58.970502+00:00,2026-09-03
gb-5867043384,gb,5867043384,Business Analyst,business analyst,3,142,1275,2026-09-03T11:48:58.970502+00:00,2026-09-03
gb-5867043386,gb,5867043386,Business Analyst,business analyst,3,129,1275,2026-09-03T11:48:58.970502+00:00,2026-09-03
gb-5867043388,gb,5867043388,Business Analyst,business analyst,3,127,1275,2026-09-03T11:48:58.970502+00:00,2026-09-03
gb-5867043391,gb,5867043391,Business Analyst,business analyst,2,99,1275,2026-09-03T11:48:58.970502+00:00,2026-09-03
gb-5867043393,gb,5867043393,Business Analyst,business analyst,3,150,1275,2026-09-03T11:48:58.970502+00:00,2026-09-03
gb-5867043394,gb,5867043394,Business Analyst,business analyst,3,109,1275,2026-09-03T11:48:58.970502+00:00,2026-09-03
gb-5867043395,gb,5867043395,Business Analyst,business analyst,3,145,1275,2026-09-03T11:48:58.970502+00:00,2026-09-03
gb-5867043397,gb,5867043397,Business Analyst,business analyst,4,156,1275,2026-09-03T11:48:58.970502+00:00,2026-09-03
gb-5867043398,gb,5867043398,Business Analyst,business analyst,3,139,1275,2026-09-03T11:48:58.970502+00:00,2026-09-03
gb-5867043399,gb,5867043399,Business Analyst,business analyst,3,105,1275,2026-09-03T11:48:58.970502+00:00,2026-09-03
gb-5867043400,gb,5867043400,Business Analyst,business analyst,4,158,1275,2026-09-03T11:48:58.970502+00:00,2026-09-03
gb-5867043401,gb,5867043401,Business Analyst,business analyst,3,122,1275,2026-09-03T11:48:58.970502+00:00,2026-09-03
gb-5867043402,gb,5867043402,Business Analyst,business analyst,3,134,1275,2026-09-03T11:48:58.970502+00:00,2026-09-03
gb-5867043403,gb,5867043403,Business Analyst,business analyst,3,138,1275,2026-09-03T11:48:58.970502+00:00,2026-09-03
gb-5867043404,gb,5867043404,Business Analyst,business analyst,3,126,1275,2026-09-03T11:48:58.970502+00:00,2026-09-03
gb-5867043405,gb,5867043405,Business Analyst,business analyst,3,131,1275,2026-09-03T11:48:58.970502+00:00,2026-09-03
gb-5867043406,gb,5867043406,Business Analyst,business analyst,3,114,1275,2026-09-03T11:48:58.970502+00:00,2026-09-03
gb-5867043407,gb,5867043407,Business Analyst,business analyst,3,141,1275,2026-09-03T11:48:58.970502+00:00,2026-09-03
gb-5867043408,gb,5867043408,Business Analyst,business analyst,3,136,1275,2026-09-03T11:48:58.970502+00:00,2026-09-03
gb-5867043409,gb,5867043409,Business Analyst,business analyst,3,121,1275,2026-09-03T11:48:58.970502+00:00,2026-09-03
gb-5867043410,gb,5867043410,Business Analyst,business analyst,3,130,1275,2026-09-03T11:48:58.970502+00:00,2026-09-03
gb-5867043411,gb,5867043411,Business Analyst,business analyst,4,151,1275,2026-09-03T11:48:58.970502+00:00,2026-09-03
gb-5867043412,gb,5867043412,Business Analyst,business analyst,3,106,1275,2026-09-03T11:48:58.970502+00:00,2026-09-03
gb-5867043413,gb,5867043413,Business Analyst,business analyst,4,154,1275,2026-09-03T11:48:58.970502+00:00,2026-09-03
gb-5867043414,gb,5867043414,Business Analyst,business analyst,3,110,1275,2026-09-03T11:48:58.970502+00:00,2026-09-03
gb-5867043415,gb,5867043415,Business Analyst,business analyst,3,143,1275,2026-09-03T11:48:58.970502+00:00,2026-09-03
gb-5867043416,gb,5867043416,Business Analyst,business analyst,3,144,1275,2026-09-03T11:48:58.970502+00:00,2026-09-03
gb-5867043417,gb,5867043417,Business Analyst,business analyst,3,103,1275,2026-09-03T11:48:58.970502+00:00,2026-09-03
gb-5867043418,gb,5867043418,Business Analyst,business analyst,2,76,1275,2026-09-03T11:48:58.970502+00:00,2026-09-03
gb-5867043419,gb,5867043419,Business Analyst,business analyst,2,79,1275,2026-09-03T11:48:58.970502+00:00,2026-09-03
gb-5867043420,gb,5867043420,Business Analyst,business analyst,2,94,1275,2026-09-03T11:48:58.970502+00:00,2026-09-03
gb-5867043422,gb,5867043422,Business Analyst,business analyst,2,85,1275,2026-09-03T11:48:58.970502+00:00,2026-09-03
gb-5867043424,gb,5867043424,Business Analyst,business analyst,2,78,1275,2026-09-03T11:48:58.970502+00:00,2026-09-03
gb-5867043426,gb,5867043426,Business Analyst,business analyst,2,80,1275,2026-09-03T11:48:58.970502+00:00,2026-09-03
gb-5867043427,gb,5867043427,Business Analyst,business analyst,2,83,1275,2026-09-03T11:48:58.970502+00:00,2026-09-03
gb-5867043428,gb,5867043428,Business Analyst,business analyst,2,95,1275,2026-09-03T11:48:58.970502+00:00,2026-09-03
gb-5867043431,gb,5867043431,Business Analyst,business analyst,2,88,1275,2026-09-03T11:48:58.970502+00:00,2026-09-03
gb-5867043433,gb,5867043433,Business Analyst,business analyst,2,77,1275,2026-09-03T11:48:58.970502+00:00,2026-09-03
gb-5867043435,gb,5867043435,Business Analyst,business analyst,2,96,1275,2026-09-03T11:48:58.970502+00:00,2026-09-03
gb-5867043436,gb,5867043436,Business Analyst,business analyst,2,90,1275,2026-09-03T11:48:58.970502+00:00,2026-09-03
gb-5867043437,gb,5867043437,Business Analyst,business analyst,2,92,1275,2026-09-03T11:48:58.970502+00:00,2026-09-03
gb-5867043440,gb,5867043440,Business Analyst,business analyst,2,98,1275,2026-09-03T11:48:58.970502+00:00,2026-09-03
gb-5867043441,gb,5867043441,Business Analyst,business analyst,2,81,1275,2026-09-03T11:48:58.970502+00:00,2026-09-03
gb-5867043442,gb,5867043442,Business Analyst,business analyst,2,82,1275,2026-09-03T11:48:58.970502+00:00,2026-09-03
gb-5867043443,gb,5867043443,Business Analyst,business analyst,2,84,1275,2026-09-03T11:48:58.970502+00:00,2026-09-03
gb-5867043444,gb,5867043444,Business Analyst,business analyst,2,86,1275,2026-09-03T11:48:58.970502+00:00,2026-09-03
gb-5867043445,gb,5867043445,Business Analyst,business analyst,2,97,1275,2026-09-03T11:48:58.970502+00:00,2026-09-03
gb-5867043446,gb,5867043446,Business Analyst,business analyst,2,89,1275,2026-09-03T11:48:58.970502+00:00,2026-09-03
gb-5867043448,gb,5867043448,Business Analyst,business analyst,2,93,1275,2026-09-03T11:48:58.970502+00:00,2026-09-03
gb-5867043449,gb,5867043449,Business Analyst,business analyst,2,75,1275,2026-09-03T11:48:58.970502+00:00,2026-09-03
gb-5867043450,gb,5867043450,Business Analyst,business analyst,2,91,1275,2026-09-03T11:48:58.970502+00:00,2026-09-03
gb-5867043452,gb,5867043452,Business Analyst,business analyst,2,87,1275,2026-09-03T11:48:58.970502+00:00,2026-09-03
gb-5867043462,gb,5867043462,Business Analyst,business analyst,2,74,1275,2026-09-03T11:48:58.970502+00:00,2026-09-03
gb-5867043466,gb,5867043466,Business Analyst,business analyst,2,73,1275,2026-09-03T11:48:58.970502+00:00,2026-09-03
gb-5867061975,gb,5867061975,Data Analyst,data analyst,2,51,733,2026-09-03T11:48:58.970502+00:00,2026-09-03
gb-5867110693,gb,5867110693,Business Analyst,business analyst,2,72,1275,2026-09-03T11:48:58.970502+00:00,2026-09-03
gb-5867151553,gb,5867151553,BI Analyst,BI analyst,1,2,33,2026-09-03T11:48:58.970502+00:00,2026-09-03
gb-5867151553,gb,5867151553,Data Analyst,data analyst,1,50,733,2026-09-03T11:48:58.970502+00:00,2026-09-03
gb-5867171432,gb,5867171432,Data Analyst,data analyst,1,49,733,2026-09-03T11:48:58.970502+00:00,2026-09-03
gb-5867181562,gb,5867181562,Business Analyst,business analyst,2,71,1275,2026-09-03T11:48:58.970502+00:00,2026-09-03
gb-5867187726,gb,5867187726,Data Analyst,data analyst,1,48,733,2026-09-03T11:48:58.970502+00:00,2026-09-03
gb-5867187859,gb,5867187859,Data Analyst,data analyst,1,47,733,2026-09-03T11:48:58.970502+00:00,2026-09-03
gb-5867188589,gb,5867188589,Data Analyst,data analyst,1,46,733,2026-09-03T11:48:58.970502+00:00,2026-09-03
gb-5867228167,gb,5867228167,Business Analyst,business analyst,2,70,1275,2026-09-03T11:48:58.970502+00:00,2026-09-03
gb-5867228952,gb,5867228952,Business Analyst,business analyst,2,69,1275,2026-09-03T11:48:58.970502+00:00,2026-09-03
gb-5867231109,gb,5867231109,Business Analyst,business analyst,2,68,1275,2026-09-03T11:48:58.970502+00:00,2026-09-03
gb-5867232233,gb,5867232233,Business Analyst,business analyst,2,67,1275,2026-09-03T11:48:58.970502+00:00,2026-09-03
gb-5867235621,gb,5867235621,Data Analyst,data analyst,1,45,733,2026-09-03T11:48:58.970502+00:00,2026-09-03
gb-5867236624,gb,5867236624,Data Analyst,data analyst,1,44,733,2026-09-03T11:48:58.970502+00:00,2026-09-03
gb-5867237111,gb,5867237111,Data Analyst,data analyst,1,43,733,2026-09-03T11:48:58.970502+00:00,2026-09-03
gb-5867237314,gb,5867237314,Data Analyst,data analyst,1,42,733,2026-09-03T11:48:58.970502+00:00,2026-09-03
gb-5867237759,gb,5867237759,Business Analyst,business analyst,2,66,1275,2026-09-03T11:48:58.970502+00:00,2026-09-03
gb-5867243934,gb,5867243934,Business Analyst,business analyst,2,65,1275,2026-09-03T11:48:58.970502+00:00,2026-09-03
gb-5867244023,gb,5867244023,Business Analyst,business analyst,2,64,1275,2026-09-03T11:48:58.970502+00:00,2026-09-03
gb-5867249007,gb,5867249007,Business Analyst,business analyst,2,63,1275,2026-09-03T11:48:58.970502+00:00,2026-09-03
gb-5867249007,gb,5867249007,BI Analyst,business intelligence analyst,1,8,34,2026-09-03T11:48:58.970502+00:00,2026-09-03
gb-5867249869,gb,5867249869,Data Analyst,data analyst,1,41,733,2026-09-03T11:48:58.970502+00:00,2026-09-03
gb-5867251190,gb,5867251190,Data Analyst,data analyst,1,40,733,2026-09-03T11:48:58.970502+00:00,2026-09-03
gb-5867251978,gb,5867251978,Data Analyst,data analyst,1,39,733,2026-09-03T11:48:58.970502+00:00,2026-09-03
gb-5867252306,gb,5867252306,Business Analyst,business analyst,2,62,1275,2026-09-03T11:48:58.970502+00:00,2026-09-03
gb-5867254321,gb,5867254321,Data Analyst,data analyst,1,38,733,2026-09-03T11:48:58.970502+00:00,2026-09-03
gb-5867274265,gb,5867274265,Business Analyst,business analyst,2,61,1275,2026-09-03T11:48:58.970502+00:00,2026-09-03
gb-5867274435,gb,5867274435,Business Analyst,business analyst,2,60,1275,2026-09-03T11:48:58.970502+00:00,2026-09-03
gb-5867279261,gb,5867279261,Business Analyst,business analyst,2,59,1275,2026-09-03T11:48:58.970502+00:00,2026-09-03
gb-5867279771,gb,5867279771,Business Analyst,business analyst,2,58,1275,2026-09-03T11:48:58.970502+00:00,2026-09-03
gb-5867282858,gb,5867282858,Data Analyst,data analyst,1,37,733,2026-09-03T11:48:58.970502+00:00,2026-09-03
gb-5867305091,gb,5867305091,Business Analyst,business analyst,2,57,1275,2026-09-03T11:48:58.970502+00:00,2026-09-03
gb-5867306037,gb,5867306037,Data Analyst,data analyst,1,36,733,2026-09-03T11:48:58.970502+00:00,2026-09-03
gb-5867316849,gb,5867316849,Data Analyst,data analyst,1,35,733,2026-09-03T11:48:58.970502+00:00,2026-09-03
gb-5867333398,gb,5867333398,Business Analyst,business analyst,2,56,1275,2026-09-03T11:48:58.970502+00:00,2026-09-03
gb-5867338630,gb,5867338630,Data Analyst,data analyst,1,34,733,2026-09-03T11:48:58.970502+00:00,2026-09-03
gb-5867414466,gb,5867414466,Data Analyst,data analyst,1,33,733,2026-09-03T11:48:58.970502+00:00,2026-09-03
gb-5867507447,gb,5867507447,Data Analyst,data analyst,1,32,733,2026-09-03T11:48:58.970502+00:00,2026-09-03
gb-5867515337,gb,5867515337,Business Analyst,business analyst,2,55,1275,2026-09-03T11:48:58.970502+00:00,2026-09-03
gb-5867515337,gb,5867515337,BI Analyst,business intelligence analyst,1,7,34,2026-09-03T11:48:58.970502+00:00,2026-09-03
gb-5867530033,gb,5867530033,Data Analyst,data analyst,1,31,733,2026-09-03T11:48:58.970502+00:00,2026-09-03
gb-5867562617,gb,5867562617,Business Analyst,business analyst,2,54,1275,2026-09-03T11:48:58.970502+00:00,2026-09-03
gb-5867626094,gb,5867626094,Business Analyst,business analyst,2,53,1275,2026-09-03T11:48:58.970502+00:00,2026-09-03
gb-5867641417,gb,5867641417,Business Analyst,business analyst,2,52,1275,2026-09-03T11:48:58.970502+00:00,2026-09-03
gb-5867643019,gb,5867643019,Data Analyst,data analyst,1,30,733,2026-09-03T11:48:58.970502+00:00,2026-09-03
gb-5867643027,gb,5867643027,Data Analyst,data analyst,1,29,733,2026-09-03T11:48:58.970502+00:00,2026-09-03
gb-5867645588,gb,5867645588,Business Analyst,business analyst,1,50,1275,2026-09-03T11:48:58.970502+00:00,2026-09-03
gb-5867645591,gb,5867645591,Business Analyst,business analyst,1,49,1275,2026-09-03T11:48:58.970502+00:00,2026-09-03
gb-5867645592,gb,5867645592,Business Analyst,business analyst,2,51,1275,2026-09-03T11:48:58.970502+00:00,2026-09-03
gb-5867645763,gb,5867645763,Business Analyst,business analyst,1,48,1275,2026-09-03T11:48:58.970502+00:00,2026-09-03
gb-5867645767,gb,5867645767,Business Analyst,business analyst,1,47,1275,2026-09-03T11:48:58.970502+00:00,2026-09-03
gb-5867645768,gb,5867645768,Business Analyst,business analyst,1,46,1275,2026-09-03T11:48:58.970502+00:00,2026-09-03
gb-5867645768,gb,5867645768,BI Analyst,business intelligence analyst,1,6,34,2026-09-03T11:48:58.970502+00:00,2026-09-03
gb-5867645772,gb,5867645772,Data Analyst,data analyst,1,28,733,2026-09-03T11:48:58.970502+00:00,2026-09-03
gb-5867645773,gb,5867645773,Business Analyst,business analyst,1,45,1275,2026-09-03T11:48:58.970502+00:00,2026-09-03
gb-5867702176,gb,5867702176,Business Analyst,business analyst,1,44,1275,2026-09-03T11:48:58.970502+00:00,2026-09-03
gb-5867702477,gb,5867702477,Data Analyst,data analyst,1,27,733,2026-09-03T11:48:58.970502+00:00,2026-09-03
gb-5867726461,gb,5867726461,BI Analyst,BI analyst,1,1,33,2026-09-03T11:48:58.970502+00:00,2026-09-03
gb-5867727563,gb,5867727563,Business Analyst,business analyst,1,43,1275,2026-09-03T11:48:58.970502+00:00,2026-09-03
gb-5867727691,gb,5867727691,Business Analyst,business analyst,1,42,1275,2026-09-03T11:48:58.970502+00:00,2026-09-03
gb-5867727691,gb,5867727691,BI Analyst,business intelligence analyst,1,5,34,2026-09-03T11:48:58.970502+00:00,2026-09-03
gb-5867730506,gb,5867730506,Data Analyst,data analyst,1,26,733,2026-09-03T11:48:58.970502+00:00,2026-09-03
gb-5867756173,gb,5867756173,Business Analyst,business analyst,1,41,1275,2026-09-03T11:48:58.970502+00:00,2026-09-03
gb-5867756760,gb,5867756760,Data Analyst,data analyst,1,25,733,2026-09-03T11:48:58.970502+00:00,2026-09-03
gb-5867757879,gb,5867757879,Business Analyst,business analyst,1,40,1275,2026-09-03T11:48:58.970502+00:00,2026-09-03
gb-5868077100,gb,5868077100,Business Analyst,business analyst,1,39,1275,2026-09-03T11:48:58.970502+00:00,2026-09-03
gb-5868099172,gb,5868099172,Business Analyst,business analyst,1,38,1275,2026-09-03T11:48:58.970502+00:00,2026-09-03
gb-5868109801,gb,5868109801,Data Analyst,data analyst,1,24,733,2026-09-03T11:48:58.970502+00:00,2026-09-03
gb-5868151937,gb,5868151937,Business Analyst,business analyst,1,37,1275,2026-09-03T11:48:58.970502+00:00,2026-09-03
gb-5868152267,gb,5868152267,Business Analyst,business analyst,1,36,1275,2026-09-03T11:48:58.970502+00:00,2026-09-03
gb-5868292468,gb,5868292468,Data Analyst,data analyst,1,23,733,2026-09-03T11:48:58.970502+00:00,2026-09-03
gb-5868301226,gb,5868301226,Business Analyst,business analyst,1,35,1275,2026-09-03T11:48:58.970502+00:00,2026-09-03
gb-5868301591,gb,5868301591,Business Analyst,business analyst,1,34,1275,2026-09-03T11:48:58.970502+00:00,2026-09-03
gb-5868417643,gb,5868417643,Business Analyst,business analyst,1,33,1275,2026-09-03T11:48:58.970502+00:00,2026-09-03
gb-5868457216,gb,5868457216,Data Analyst,data analyst,1,22,733,2026-09-03T11:48:58.970502+00:00,2026-09-03
gb-5868457217,gb,5868457217,Business Analyst,business analyst,1,32,1275,2026-09-03T11:48:58.970502+00:00,2026-09-03
gb-5868457872,gb,5868457872,Data Analyst,data analyst,1,20,733,2026-09-03T11:48:58.970502+00:00,2026-09-03
gb-5868457874,gb,5868457874,Data Analyst,data analyst,1,21,733,2026-09-03T11:48:58.970502+00:00,2026-09-03
gb-5868457878,gb,5868457878,Data Analyst,data analyst,1,19,733,2026-09-03T11:48:58.970502+00:00,2026-09-03
gb-5868457898,gb,5868457898,Data Analyst,data analyst,1,18,733,2026-09-03T11:48:58.970502+00:00,2026-09-03
gb-5868542800,gb,5868542800,Business Analyst,business analyst,1,31,1275,2026-09-03T11:48:58.970502+00:00,2026-09-03
gb-5868542852,gb,5868542852,Data Analyst,data analyst,1,17,733,2026-09-03T11:48:58.970502+00:00,2026-09-03
gb-5868639785,gb,5868639785,Data Analyst,data analyst,1,16,733,2026-09-03T11:48:58.970502+00:00,2026-09-03
gb-5868766886,gb,5868766886,Business Analyst,business analyst,1,29,1275,2026-09-03T11:48:58.970502+00:00,2026-09-03
gb-5868766897,gb,5868766897,Business Analyst,business analyst,1,30,1275,2026-09-03T11:48:58.970502+00:00,2026-09-03
gb-5868767027,gb,5868767027,Business Analyst,business analyst,1,28,1275,2026-09-03T11:48:58.970502+00:00,2026-09-03
gb-5868767089,gb,5868767089,Business Analyst,business analyst,1,27,1275,2026-09-03T11:48:58.970502+00:00,2026-09-03
gb-5868767157,gb,5868767157,Business Analyst,business analyst,1,26,1275,2026-09-03T11:48:58.970502+00:00,2026-09-03
gb-5868767169,gb,5868767169,Business Analyst,business analyst,1,25,1275,2026-09-03T11:48:58.970502+00:00,2026-09-03
gb-5868767174,gb,5868767174,Data Analyst,data analyst,1,15,733,2026-09-03T11:48:58.970502+00:00,2026-09-03
gb-5868767487,gb,5868767487,Business Analyst,business analyst,1,22,1275,2026-09-03T11:48:58.970502+00:00,2026-09-03
gb-5868767510,gb,5868767510,Business Analyst,business analyst,1,23,1275,2026-09-03T11:48:58.970502+00:00,2026-09-03
gb-5868767510,gb,5868767510,BI Analyst,business intelligence analyst,1,4,34,2026-09-03T11:48:58.970502+00:00,2026-09-03
gb-5868767517,gb,5868767517,Business Analyst,business analyst,1,21,1275,2026-09-03T11:48:58.970502+00:00,2026-09-03
gb-5868767517,gb,5868767517,BI Analyst,business intelligence analyst,1,3,34,2026-09-03T11:48:58.970502+00:00,2026-09-03
gb-5868767519,gb,5868767519,Business Analyst,business analyst,1,24,1275,2026-09-03T11:48:58.970502+00:00,2026-09-03
gb-5868767560,gb,5868767560,Business Analyst,business analyst,1,19,1275,2026-09-03T11:48:58.970502+00:00,2026-09-03
gb-5868767582,gb,5868767582,Business Analyst,business analyst,1,20,1275,2026-09-03T11:48:58.970502+00:00,2026-09-03
gb-5868767667,gb,5868767667,Data Analyst,data analyst,1,14,733,2026-09-03T11:48:58.970502+00:00,2026-09-03
gb-5868767755,gb,5868767755,Business Analyst,business analyst,1,18,1275,2026-09-03T11:48:58.970502+00:00,2026-09-03
gb-5868767958,gb,5868767958,Business Analyst,business analyst,1,17,1275,2026-09-03T11:48:58.970502+00:00,2026-09-03
gb-5868776956,gb,5868776956,Business Analyst,business analyst,1,16,1275,2026-09-03T11:48:58.970502+00:00,2026-09-03
gb-5868779114,gb,5868779114,Data Analyst,data analyst,1,13,733,2026-09-03T11:48:58.970502+00:00,2026-09-03
gb-5868804489,gb,5868804489,Business Analyst,business analyst,1,15,1275,2026-09-03T11:48:58.970502+00:00,2026-09-03
gb-5868804516,gb,5868804516,Data Analyst,data analyst,1,12,733,2026-09-03T11:48:58.970502+00:00,2026-09-03
gb-5868804602,gb,5868804602,Data Analyst,data analyst,1,10,733,2026-09-03T11:48:58.970502+00:00,2026-09-03
gb-5868804623,gb,5868804623,Data Analyst,data analyst,1,11,733,2026-09-03T11:48:58.970502+00:00,2026-09-03
gb-5868804734,gb,5868804734,Data Analyst,data analyst,1,8,733,2026-09-03T11:48:58.970502+00:00,2026-09-03
gb-5868804739,gb,5868804739,Business Analyst,business analyst,1,13,1275,2026-09-03T11:48:58.970502+00:00,2026-09-03
gb-5868804753,gb,5868804753,Business Analyst,business analyst,1,14,1275,2026-09-03T11:48:58.970502+00:00,2026-09-03
gb-5868804757,gb,5868804757,Data Analyst,data analyst,1,9,733,2026-09-03T11:48:58.970502+00:00,2026-09-03
gb-5868804964,gb,5868804964,Business Analyst,business analyst,1,11,1275,2026-09-03T11:48:58.970502+00:00,2026-09-03
gb-5868804972,gb,5868804972,Data Analyst,data analyst,1,7,733,2026-09-03T11:48:58.970502+00:00,2026-09-03
gb-5868804984,gb,5868804984,Business Analyst,business analyst,1,12,1275,2026-09-03T11:48:58.970502+00:00,2026-09-03
gb-5868805062,gb,5868805062,Business Analyst,business analyst,1,10,1275,2026-09-03T11:48:58.970502+00:00,2026-09-03
gb-5868805111,gb,5868805111,Data Analyst,data analyst,1,6,733,2026-09-03T11:48:58.970502+00:00,2026-09-03
gb-5868805425,gb,5868805425,Data Analyst,data analyst,1,5,733,2026-09-03T11:48:58.970502+00:00,2026-09-03
gb-5868805430,gb,5868805430,Business Analyst,business analyst,1,9,1275,2026-09-03T11:48:58.970502+00:00,2026-09-03
gb-5868805681,gb,5868805681,Business Analyst,business analyst,1,8,1275,2026-09-03T11:48:58.970502+00:00,2026-09-03
gb-5868805681,gb,5868805681,Data Analyst,data analyst,1,4,733,2026-09-03T11:48:58.970502+00:00,2026-09-03
gb-5868805768,gb,5868805768,Business Analyst,business analyst,1,7,1275,2026-09-03T11:48:58.970502+00:00,2026-09-03
gb-5868805774,gb,5868805774,Business Analyst,business analyst,1,6,1275,2026-09-03T11:48:58.970502+00:00,2026-09-03
gb-5868805871,gb,5868805871,Business Analyst,business analyst,1,5,1275,2026-09-03T11:48:58.970502+00:00,2026-09-03
gb-5868805873,gb,5868805873,Data Analyst,data analyst,1,3,733,2026-09-03T11:48:58.970502+00:00,2026-09-03
gb-5868805902,gb,5868805902,Data Analyst,data analyst,1,2,733,2026-09-03T11:48:58.970502+00:00,2026-09-03
gb-5868805944,gb,5868805944,Business Analyst,business analyst,1,4,1275,2026-09-03T11:48:58.970502+00:00,2026-09-03
gb-5868805944,gb,5868805944,BI Analyst,business intelligence analyst,1,2,34,2026-09-03T11:48:58.970502+00:00,2026-09-03
gb-5868805982,gb,5868805982,Business Analyst,business analyst,1,3,1275,2026-09-03T11:48:58.970502+00:00,2026-09-03
gb-5868805982,gb,5868805982,BI Analyst,business intelligence analyst,1,1,34,2026-09-03T11:48:58.970502+00:00,2026-09-03
gb-5868805982,gb,5868805982,Data Analyst,data analyst,1,1,733,2026-09-03T11:48:58.970502+00:00,2026-09-03
gb-5868813184,gb,5868813184,Business Analyst,business analyst,1,2,1275,2026-09-03T11:48:58.970502+00:00,2026-09-03
gb-5868813596,gb,5868813596,Business Analyst,business analyst,1,1,1275,2026-09-03T11:48:58.970502+00:00,2026-09-03
