job_key,snapshot_date_key,country_key,role_key,search_term,query_page,query_result_position,estimated_job_count
ch-4907507246,20260903,ch,BA,business analyst,4,193,193
ch-5049642724,20260903,ch,BA,business analyst,4,192,193
ch-5102286206,20260903,ch,BA,business analyst,4,191,193
ch-5253192882,20260903,ch,BA,business analyst,4,190,193
ch-5415997589,20260903,ch,BA,business analyst,4,189,193
ch-5501296599,20260903,ch,BA,business analyst,4,187,193
ch-5501296602,20260903,ch,BA,business analyst,4,188,193
ch-5544982395,20260903,ch,BA,business analyst,4,186,193
ch-5582074518,20260903,ch,BA,business analyst,4,185,193
ch-5624904803,20260903,ch,BA,business analyst,4,184,193
ch-5662130334,20260903,ch,BA,business analyst,4,183,193
ch-5706900763,20260903,ch,BA,business analyst,4,182,193
ch-5723540051,20260903,ch,BA,business analyst,4,181,193
ch-5723540105,20260903,ch,BA,business analyst,4,180,193
ch-5727378938,20260903,ch,BA,business analyst,4,179,193
ch-5727381173,20260903,ch,BA,business analyst,4,178,193
ch-5728539859,20260903,ch,BA,business analyst,4,177,193
ch-5736527696,20260903,ch,BA,business analyst,4,176,193
ch-5737723571,20260903,ch,BA,business analyst,4,175,193
ch-5751722820,20260903,ch,BA,business analyst,4,174,193
ch-5752476574,20260903,ch,BA,business analyst,4,173,193
ch-5754205825,20260903,ch,BA,business analyst,4,172,193
ch-5763015516,20260903,ch,BA,business analyst,4,171,193
ch-5772045252,20260903,ch,BA,business analyst,4,170,193
ch-5779533751,20260903,ch,BA,business analyst,4,169,193
ch-5781488841,20260903,ch,BA,business analyst,4,168,193
ch-5784532475,20260903,ch,BA,business analyst,4,167,193
ch-5791318020,20260903,ch,BA,business analyst,4,166,193
ch-5795995207,20260903,ch,BA,business analyst,4,165,193
ch-5795995207,20260903,ch,DA,data analyst,1,34,34
ch-5798343353,20260903,ch,BA,business analyst,4,164,193
ch-5799099810,20260903,ch,DA,data analyst,1,33,34
ch-5805053425,20260903,ch,BA,business analyst,4,163,193
ch-5805464955,20260903,ch,BA,business analyst,4,162,193
ch-5805464955,20260903,ch,DA,data analyst,1,32,34
ch-5810001868,20260903,ch,BA,business analyst,4,161,193
ch-5810001868,20260903,ch,DA,data analyst,1,31,34
ch-5811519370,20260903,ch,BA,business analyst,4,160,193
ch-5814610054,20260903,ch,BA,business analyst,4,159,193
ch-5814612360,20260903,ch,BA,business analyst,4,158,193
ch-5814700994,20260903,ch,BA,business analyst,4,157,193
ch-5814701018,20260903,ch,BA,business analyst,4,156,193
ch-5816882280,20260903,ch,BA,business analyst,4,155,193
ch-5816883068,20260903,ch,BI,BI analyst,1,3,3
ch-5816883068,20260903,ch,BA,business analyst,4,154,193
ch-5822720275,20260903,ch,BA,business analyst,4,153,193
ch-5822996836,20260903,ch,BA,business analyst,4,152,193
ch-5822997268,20260903,ch,BA,business analyst,4,151,193
ch-5826138284,20260903,ch,BA,business analyst,3,150,193
ch-5829693990,20260903,ch,BA,business analyst,3,149,193
ch-5830857008,20260903,ch,BA,business analyst,3,148,193
ch-5832285104,20260903,ch,DA,data analyst,1,30,34
ch-5832355656,20260903,ch,BA,business analyst,3,147,193
ch-5832355656,20260903,ch,DA,data analyst,1,29,34
ch-5832791687,20260903,ch,BA,business analyst,3,146,193
ch-5832791712,20260903,ch,BA,business analyst,3,145,193
ch-5834044745,20260903,ch,BA,business analyst,3,144,193
ch-5837128521,20260903,ch,BA,business analyst,3,143,193
ch-5840951023,20260903,ch,BA,business analyst,3,142,193
ch-5841638762,20260903,ch,BA,business analyst,3,141,193
ch-5841641655,20260903,ch,BA,business analyst,3,140,193
ch-5841647275,20260903,ch,BA,business analyst,3,139,193
ch-5841650009,20260903,ch,BA,business analyst,3,137,193
ch-5841650065,20260903,ch,BA,business analyst,3,138,193
ch-5841650730,20260903,ch,BA,business analyst,3,136,193
ch-5841650730,20260903,ch,DA,data analyst,1,28,34
ch-5841656718,20260903,ch,BA,business analyst,3,135,193
ch-5841660097,20260903,ch,BA,business analyst,3,134,193
ch-5841663916,20260903,ch,BA,business analyst,3,132,193
ch-5841664012,20260903,ch,BA,business analyst,3,133,193
ch-5841666061,20260903,ch,BA,business analyst,3,131,193
ch-5841674749,20260903,ch,BA,business analyst,3,130,193
ch-5841678642,20260903,ch,BA,business analyst,3,129,193
ch-5842832011,20260903,ch,BA,business analyst,3,128,193
ch-5843423869,20260903,ch,BA,business analyst,3,127,193
ch-5844501683,20260903,ch,BA,business analyst,3,126,193
ch-5844501799,20260903,ch,DA,data analyst,1,27,34
ch-5844661707,20260903,ch,DA,data analyst,1,26,34
ch-5844661743,20260903,ch,BA,business analyst,3,125,193
ch-5844661746,20260903,ch,BA,business analyst,3,124,193
ch-5845481413,20260903,ch,BA,business analyst,3,123,193
ch-5845481413,20260903,ch,BI,business intelligence analyst,1,2,2
ch-5845481413,20260903,ch,DA,data analyst,1,25,34
ch-5846521489,20260903,ch,BA,business analyst,3,122,193
ch-5846526241,20260903,ch,BA,business analyst,3,121,193
ch-5848038718,20260903,ch,BA,business analyst,3,120,193
ch-5848972179,20260903,ch,BA,business analyst,3,119,193
ch-5849618306,20260903,ch,BA,business analyst,3,118,193
ch-5849901980,20260903,ch,BA,business analyst,3,117,193
ch-5850172666,20260903,ch,DA,data analyst,1,24,34
ch-5850864273,20260903,ch,BA,business analyst,3,116,193
ch-5850949068,20260903,ch,BA,business analyst,3,115,193
ch-5850973285,20260903,ch,BA,business analyst,3,114,193
ch-5850973752,20260903,ch,BA,business analyst,3,113,193
ch-5850974045,20260903,ch,BA,business analyst,3,112,193
ch-5850975133,20260903,ch,DA,data analyst,1,23,34
ch-5850976449,20260903,ch,BA,business analyst,3,111,193
ch-5851422313,20260903,ch,BA,business analyst,3,110,193
ch-5851683322,20260903,ch,DA,data analyst,1,22,34
ch-5851872574,20260903,ch,BA,business analyst,3,109,193
ch-5852323293,20260903,ch,BA,business analyst,3,108,193
ch-5853039171,20260903,ch,BA,business analyst,3,107,193
ch-5853533474,20260903,ch,BA,business analyst,3,106,193
ch-5853593040,20260903,ch,BA,business analyst,3,105,193
ch-5853882183,20260903,ch,DA,data analyst,1,21,34
ch-5853882264,20260903,ch,BA,business analyst,3,103,193
ch-5853882351,20260903,ch,BA,business analyst,3,104,193
ch-5853882472,20260903,ch,DA,data analyst,1,20,34
ch-5853961952,20260903,ch,DA,data analyst,1,19,34
ch-5853962010,20260903,ch,BA,business analyst,3,102,193
ch-5853962024,20260903,ch,DA,data analyst,1,18,34
ch-5854357121,20260903,ch,BA,business analyst,3,101,193
ch-5854358837,20260903,ch,BA,business analyst,2,100,193
ch-5854361495,20260903,ch,BA,business analyst,2,99,193
ch-5854361611,20260903,ch,DA,data analyst,1,17,34
ch-5854362058,20260903,ch,BA,business analyst,2,98,193
ch-5854362058,20260903,ch,BI,business intelligence analyst,1,1,2
ch-5854362058,20260903,ch,DA,data analyst,1,16,34
ch-5854362105,20260903,ch,BA,business analyst,2,97,193
ch-5854363607,20260903,ch,BA,business analyst,2,96,193
ch-5854383299,20260903,ch,BA,business analyst,2,95,193
ch-5854558152,20260903,ch,BA,business analyst,2,94,193
ch-5855235962,20260903,ch,BA,business analyst,2,93,193
ch-5855316718,20260903,ch,BA,business analyst,2,92,193
ch-5855319525,20260903,ch,BA,business analyst,2,91,193
ch-5856657226,20260903,ch,BA,business analyst,2,89,193
ch-5856657239,20260903,ch,BA,business analyst,2,90,193
ch-5856657614,20260903,ch,BA,business analyst,2,88,193
ch-5856657772,20260903,ch,BA,business analyst,2,87,193
ch-5856658307,20260903,ch,BA,business analyst,2,86,193
ch-5856658308,20260903,ch,BA,business analyst,2,85,193
ch-5856658308,20260903,ch,DA,data analyst,1,15,34
ch-5856658925,20260903,ch,BA,business analyst,2,84,193
ch-5856659676,20260903,ch,BA,business analyst,2,83,193
ch-5856659968,20260903,ch,BA,business analyst,2,82,193
ch-5856660061,20260903,ch,BA,business analyst,2,81,193
ch-5856741570,20260903,ch,BA,business analyst,2,80,193
ch-5856741699,20260903,ch,BA,business analyst,2,79,193
ch-5856742226,20260903,ch,BA,business analyst,2,78,193
ch-5858108261,20260903,ch,BA,business analyst,2,77,193
ch-5858108334,20260903,ch,BA,business analyst,2,76,193
ch-5858108492,20260903,ch,BA,business analyst,2,75,193
ch-5858108772,20260903,ch,BA,business analyst,2,74,193
ch-5858109433,20260903,ch,BA,business analyst,2,73,193
ch-5858109639,20260903,ch,BA,business analyst,2,72,193
ch-5858109692,20260903,ch,BA,business analyst,2,71,193
ch-5858191100,20260903,ch,BA,business analyst,2,70,193
ch-5858191337,20260903,ch,BA,business analyst,2,69,193
ch-5858191352,20260903,ch,DA,data analyst,1,14,34
ch-5858200279,20260903,ch,BA,business analyst,2,68,193
ch-5858218623,20260903,ch,BA,business analyst,2,67,193
ch-5858655034,20260903,ch,BA,business analyst,2,65,193
ch-5858655034,20260903,ch,DA,data analyst,1,12,34
ch-5858655041,20260903,ch,BA,business analyst,2,66,193
ch-5858655041,20260903,ch,DA,data analyst,1,13,34
ch-5858699531,20260903,ch,DA,data analyst,1,11,34
ch-5858930041,20260903,ch,BA,business analyst,2,64,193
ch-5858930090,20260903,ch,DA,data analyst,1,10,34
ch-5858930499,20260903,ch,DA,data analyst,1,9,34
ch-5858930900,20260903,ch,BA,business analyst,2,63,193
ch-5858930900,20260903,ch,DA,data analyst,1,8,34
ch-5858931856,20260903,ch,BA,business analyst,2,62,193
ch-5859562226,20260903,ch,BA,business analyst,2,61,193
ch-5859562509,20260903,ch,BA,business analyst,2,60,193
ch-5859562796,20260903,ch,BA,business analyst,2,59,193
ch-5859563096,20260903,ch,BA,business analyst,2,58,193
ch-5859623248,20260903,ch,BA,business analyst,2,57,193
ch-5859625118,20260903,ch,BA,business analyst,2,56,193
ch-5859625414,20260903,ch,BA,business analyst,2,55,193
ch-5859625738,20260903,ch,BA,business analyst,2,54,193
ch-5860025516,20260903,ch,BI,BI analyst,1,2,3
ch-5860025516,20260903,ch,BA,business analyst,2,53,193
ch-5860025567,20260903,ch,BA,business analyst,2,51,193
ch-5860025591,20260903,ch,BA,business analyst,2,52,193
ch-5860025604,20260903,ch,DA,data analyst,1,7,34
ch-5860952832,20260903,ch,BA,business analyst,1,50,193
ch-5860954532,20260903,ch,BA,business analyst,1,49,193
ch-5860954677,20260903,ch,BA,business analyst,1,48,193
ch-5860954687,20260903,ch,BA,business analyst,1,47,193
ch-5860955203,20260903,ch,BA,business analyst,1,46,193
ch-5861035230,20260903,ch,BA,business analyst,1,45,193
ch-5861038915,20260903,ch,DA,data analyst,1,6,34
ch-5861621182,20260903,ch,DA,data analyst,1,5,34
ch-5861621342,20260903,ch,BA,business analyst,1,44,193
ch-5862206206,20260903,ch,BA,business analyst,1,43,193
ch-5862206270,20260903,ch,DA,data analyst,1,4,34
ch-5862206634,20260903,ch,BA,business analyst,1,42,193
ch-5862212824,20260903,ch,BI,BI analyst,1,1,3
ch-5862212824,20260903,ch,BA,business analyst,1,41,193
ch-5862876803,20260903,ch,BA,business analyst,1,40,193
ch-5862909113,20260903,ch,BA,business analyst,1,39,193
ch-5862911922,20260903,ch,BA,business analyst,1,38,193
ch-5862915600,20260903,ch,BA,business analyst,1,37,193
ch-5863094617,20260903,ch,DA,data analyst,1,3,34
ch-5863591024,20260903,ch,BA,business analyst,1,36,193
ch-5863591272,20260903,ch,BA,business analyst,1,35,193
ch-5864095581,20260903,ch,BA,business analyst,1,34,193
ch-5864313658,20260903,ch,BA,business analyst,1,33,193
ch-5864313785,20260903,ch,BA,business analyst,1,32,193
ch-5864317496,20260903,ch,BA,business analyst,1,31,193
ch-5864318861,20260903,ch,DA,data analyst,1,2,34
ch-5864319035,20260903,ch,BA,business analyst,1,30,193
ch-5864320396,20260903,ch,BA,business analyst,1,29,193
ch-5864321835,20260903,ch,BA,business analyst,1,28,193
ch-5864521373,20260903,ch,BA,business analyst,1,27,193
ch-5865208172,20260903,ch,BA,business analyst,1,26,193
ch-5865238768,20260903,ch,BA,business analyst,1,25,193
ch-5866723075,20260903,ch,BA,business analyst,1,24,193
ch-5866773861,20260903,ch,BA,business analyst,1,23,193
ch-5866880941,20260903,ch,BA,business analyst,1,22,193
ch-5866881818,20260903,ch,BA,business analyst,1,21,193
ch-5866881961,20260903,ch,BA,business analyst,1,20,193
ch-5866882433,20260903,ch,BA,business analyst,1,19,193
ch-5866883860,20260903,ch,BA,business analyst,1,18,193
ch-5866885100,20260903,ch,BA,business analyst,1,17,193
ch-5866888539,20260903,ch,BA,business analyst,1,16,193
ch-5866891317,20260903,ch,DA,data analyst,1,1,34
ch-5866892510,20260903,ch,BA,business analyst,1,15,193
ch-5866893383,20260903,ch,BA,business analyst,1,14,193
ch-5867052084,20260903,ch,BA,business analyst,1,13,193
ch-5867052309,20260903,ch,BA,business analyst,1,12,193
ch-5867053397,20260903,ch,BA,business analyst,1,11,193
ch-5867073192,20260903,ch,BA,business analyst,1,10,193
ch-5867073213,20260903,ch,BA,business analyst,1,9,193
ch-5867074233,20260903,ch,BA,business analyst,1,8,193
ch-5867075609,20260903,ch,BA,business analyst,1,7,193
ch-5867084032,20260903,ch,BA,business analyst,1,6,193
ch-5867085074,20260903,ch,BA,business analyst,1,5,193
ch-5867624725,20260903,ch,BA,business analyst,1,4,193
ch-5868666197,20260903,ch,BA,business analyst,1,3,193
ch-5868668405,20260903,ch,BA,business analyst,1,2,193
ch-5868668610,20260903,ch,BA,business analyst,1,1,193
de-5485143529,20260903,de,DA,datenanalyst,1,25,25
de-5622127807,20260903,de,DA,datenanalyst,1,24,25
de-5632671837,20260903,de,DA,datenanalyst,1,23,25
de-5727102241,20260903,de,BI,business intelligence analyst,1,14,14
de-5727297937,20260903,de,BI,BI analyst,1,19,19
de-5746660312,20260903,de,BI,business intelligence analyst,1,13,14
de-5751150763,20260903,de,BI,BI analyst,1,18,19
de-5767410711,20260903,de,DA,data analyst,5,250,306
de-5770486747,20260903,de,DA,data analyst,5,249,306
de-5771981727,20260903,de,DA,data analyst,5,248,306
de-5774396511,20260903,de,BI,BI analyst,1,17,19
de-5775234210,20260903,de,DA,data analyst,5,247,306
de-5780538507,20260903,de,DA,data analyst,5,246,306
de-5780558194,20260903,de,DA,data analyst,5,245,306
de-5780991585,20260903,de,DA,data analyst,5,244,306
de-5782547945,20260903,de,DA,data analyst,5,243,306
de-5784282088,20260903,de,DA,data analyst,5,242,306
de-5786675236,20260903,de,DA,data analyst,5,241,306
de-5786675237,20260903,de,DA,data analyst,5,240,306
de-5786679727,20260903,de,DA,data analyst,5,239,306
de-5787325956,20260903,de,DA,datenanalyst,1,22,25
de-5787618351,20260903,de,DA,data analyst,5,238,306
de-5788489663,20260903,de,DA,data analyst,5,237,306
de-5791613467,20260903,de,DA,data analyst,5,236,306
de-5793217303,20260903,de,DA,datenanalyst,1,21,25
de-5793393035,20260903,de,DA,data analyst,5,235,306
de-5794024968,20260903,de,DA,data analyst,5,234,306
de-5794789776,20260903,de,DA,data analyst,5,233,306
de-5794801891,20260903,de,DA,data analyst,5,232,306
de-5796235359,20260903,de,BI,BI analyst,1,16,19
de-5798313105,20260903,de,DA,data analyst,5,231,306
de-5799974240,20260903,de,DA,data analyst,5,230,306
de-5801823022,20260903,de,DA,data analyst,5,229,306
de-5802935348,20260903,de,DA,data analyst,5,227,306
de-5802935351,20260903,de,DA,data analyst,5,228,306
de-5802941272,20260903,de,DA,data analyst,5,226,306
de-5802950222,20260903,de,DA,data analyst,5,225,306
de-5802961901,20260903,de,BI,BI analyst,1,15,19
de-5802963262,20260903,de,DA,data analyst,5,224,306
de-5802969084,20260903,de,DA,data analyst,5,223,306
de-5802971414,20260903,de,DA,data analyst,5,222,306
de-5802975615,20260903,de,DA,data analyst,5,221,306
de-5802980918,20260903,de,DA,data analyst,5,220,306
de-5802987103,20260903,de,DA,data analyst,5,219,306
de-5803454368,20260903,de,DA,data analyst,5,218,306
de-5803923930,20260903,de,DA,datenanalyst,1,20,25
de-5803943655,20260903,de,DA,data analyst,5,217,306
de-5804545971,20260903,de,DA,data analyst,5,216,306
de-5804553762,20260903,de,BI,BI analyst,1,14,19
de-5804554931,20260903,de,DA,data analyst,5,215,306
de-5806175401,20260903,de,DA,data analyst,5,214,306
de-5806563462,20260903,de,DA,data analyst,5,213,306
de-5808204469,20260903,de,DA,datenanalyst,1,19,25
de-5808545407,20260903,de,DA,data analyst,5,212,306
de-5808554689,20260903,de,DA,data analyst,5,211,306
de-5809360702,20260903,de,DA,data analyst,5,210,306
de-5810334767,20260903,de,DA,datenanalyst,1,18,25
de-5810565879,20260903,de,DA,data analyst,5,209,306
de-5811155558,20260903,de,DA,data analyst,5,208,306
de-5811747254,20260903,de,DA,data analyst,5,207,306
de-5812407986,20260903,de,DA,data analyst,5,206,306
de-5812644167,20260903,de,DA,data analyst,5,205,306
de-5813675699,20260903,de,DA,data analyst,5,204,306
de-5816408231,20260903,de,DA,data analyst,5,203,306
de-5816408358,20260903,de,DA,data analyst,5,202,306
de-5816415778,20260903,de,BI,BI analyst,1,13,19
de-5816491278,20260903,de,DA,datenanalyst,1,17,25
de-5821137355,20260903,de,DA,data analyst,5,201,306
de-5821322166,20260903,de,DA,data analyst,4,200,306
de-5824172469,20260903,de,DA,data analyst,4,199,306
de-5825713005,20260903,de,DA,data analyst,4,198,306
de-5825713188,20260903,de,DA,data analyst,4,197,306
de-5825767190,20260903,de,DA,data analyst,4,196,306
de-5825806283,20260903,de,DA,data analyst,4,195,306
de-5827630039,20260903,de,DA,data analyst,4,194,306
de-5828967910,20260903,de,DA,data analyst,4,193,306
de-5829149175,20260903,de,BI,business intelligence analyst,1,12,14
de-5829292588,20260903,de,DA,data analyst,4,192,306
de-5829928770,20260903,de,DA,data analyst,4,191,306
de-5830637305,20260903,de,BI,BI analyst,1,12,19
de-5830637305,20260903,de,DA,data analyst,4,190,306
de-5830749157,20260903,de,DA,data analyst,4,189,306
de-5831313567,20260903,de,DA,data analyst,4,188,306
de-5831365784,20260903,de,DA,data analyst,4,187,306
de-5831958852,20260903,de,DA,data analyst,4,186,306
de-5831968659,20260903,de,DA,data analyst,4,185,306
de-5832180650,20260903,de,DA,data analyst,4,184,306
de-5832194729,20260903,de,DA,data analyst,4,183,306
de-5833425418,20260903,de,DA,data analyst,4,182,306
de-5833425456,20260903,de,DA,data analyst,4,181,306
de-5833592056,20260903,de,DA,data analyst,4,180,306
de-5833598668,20260903,de,DA,data analyst,4,179,306
de-5833618547,20260903,de,DA,data analyst,4,178,306
de-5833647960,20260903,de,DA,data analyst,4,177,306
de-5833708491,20260903,de,DA,data analyst,4,176,306
de-5834385116,20260903,de,DA,data analyst,4,175,306
de-5834803083,20260903,de,BI,business intelligence analyst,1,11,14
de-5834805252,20260903,de,BI,business intelligence analyst,1,10,14
de-5834805252,20260903,de,DA,data analyst,4,174,306
de-5834806004,20260903,de,BI,BI analyst,1,11,19
de-5834806004,20260903,de,DA,data analyst,4,173,306
de-5835180910,20260903,de,BI,BI analyst,1,10,19
de-5835234446,20260903,de,BI,BI analyst,1,9,19
de-5835493879,20260903,de,DA,datenanalyst,1,16,25
de-5835515492,20260903,de,BI,BI analyst,1,8,19
de-5835557994,20260903,de,BI,BI analyst,1,7,19
de-5835557994,20260903,de,DA,data analyst,4,172,306
de-5835783804,20260903,de,DA,data analyst,4,171,306
de-5835794982,20260903,de,DA,data analyst,4,170,306
de-5835856791,20260903,de,BI,BI analyst,1,6,19
de-5837408063,20260903,de,DA,data analyst,4,169,306
de-5837408063,20260903,de,DA,datenanalyst,1,15,25
de-5837631451,20260903,de,DA,data analyst,4,168,306
de-5837631451,20260903,de,DA,datenanalyst,1,14,25
de-5838216392,20260903,de,DA,data analyst,4,167,306
de-5838375932,20260903,de,DA,data analyst,4,166,306
de-5838611141,20260903,de,DA,data analyst,4,165,306
de-5838745256,20260903,de,DA,data analyst,4,164,306
de-5840262921,20260903,de,DA,data analyst,4,163,306
de-5840281546,20260903,de,BI,BI analyst,1,5,19
de-5840355044,20260903,de,DA,data analyst,4,162,306
de-5840508797,20260903,de,DA,data analyst,4,161,306
de-5841890799,20260903,de,DA,data analyst,4,160,306
de-5841997634,20260903,de,DA,data analyst,4,159,306
de-5842039733,20260903,de,DA,data analyst,4,158,306
de-5842047732,20260903,de,DA,data analyst,4,157,306
de-5842069766,20260903,de,DA,data analyst,4,156,306
de-5842729684,20260903,de,DA,data analyst,4,155,306
de-5843162084,20260903,de,DA,data analyst,4,154,306
de-5843240583,20260903,de,DA,data analyst,4,153,306
de-5843270176,20260903,de,DA,data analyst,4,152,306
de-5843300954,20260903,de,DA,data analyst,4,151,306
de-5843304926,20260903,de,DA,data analyst,3,150,306
de-5844198313,20260903,de,BI,BI analyst,1,4,19
de-5844372604,20260903,de,DA,data analyst,3,149,306
de-5845778274,20260903,de,DA,data analyst,3,148,306
de-5845897971,20260903,de,DA,data analyst,3,147,306
de-5847068515,20260903,de,DA,data analyst,3,146,306
de-5847435609,20260903,de,DA,datenanalyst,1,13,25
de-5847626132,20260903,de,DA,data analyst,3,145,306
de-5847687462,20260903,de,DA,data analyst,3,144,306
de-5847722529,20260903,de,DA,data analyst,3,143,306
de-5848032631,20260903,de,DA,data analyst,3,142,306
de-5848115620,20260903,de,BI,BI analyst,1,3,19
de-5848115620,20260903,de,DA,data analyst,3,141,306
de-5848128975,20260903,de,DA,data analyst,3,140,306
de-5848232080,20260903,de,DA,data analyst,3,139,306
de-5848496731,20260903,de,DA,data analyst,3,138,306
de-5848533692,20260903,de,DA,data analyst,3,137,306
de-5848586738,20260903,de,DA,data analyst,3,136,306
de-5849082736,20260903,de,DA,datenanalyst,1,12,25
de-5849183765,20260903,de,DA,data analyst,3,135,306
de-5849251398,20260903,de,DA,data analyst,3,134,306
de-5849315005,20260903,de,DA,data analyst,3,133,306
de-5849325391,20260903,de,DA,data analyst,3,132,306
de-5849585787,20260903,de,DA,data analyst,3,131,306
de-5849585790,20260903,de,DA,data analyst,3,130,306
de-5849769507,20260903,de,DA,data analyst,3,129,306
de-5849808301,20260903,de,DA,data analyst,3,128,306
de-5849998207,20260903,de,DA,data analyst,3,127,306
de-5850001762,20260903,de,DA,data analyst,3,126,306
de-5850159030,20260903,de,DA,data analyst,3,125,306
de-5850165033,20260903,de,DA,data analyst,3,124,306
de-5850417363,20260903,de,DA,data analyst,3,123,306
de-5850731785,20260903,de,DA,data analyst,3,122,306
de-5851207580,20260903,de,DA,data analyst,3,121,306
de-5851307364,20260903,de,DA,data analyst,3,120,306
de-5851313135,20260903,de,DA,data analyst,3,119,306
de-5851326698,20260903,de,DA,data analyst,3,118,306
de-5851345939,20260903,de,DA,datenanalyst,1,11,25
de-5852181999,20260903,de,DA,data analyst,3,117,306
de-5852480853,20260903,de,DA,data analyst,3,116,306
de-5852577992,20260903,de,DA,data analyst,3,115,306
de-5852710200,20260903,de,DA,datenanalyst,1,10,25
de-5853561751,20260903,de,DA,datenanalyst,1,9,25
de-5853565462,20260903,de,DA,data analyst,3,114,306
de-5853565462,20260903,de,DA,datenanalyst,1,8,25
de-5853621838,20260903,de,DA,data analyst,3,113,306
de-5854367551,20260903,de,DA,data analyst,3,111,306
de-5854367552,20260903,de,DA,data analyst,3,112,306
de-5854419151,20260903,de,DA,datenanalyst,1,7,25
de-5854419273,20260903,de,DA,data analyst,3,110,306
de-5854422641,20260903,de,DA,data analyst,3,109,306
de-5854427911,20260903,de,DA,data analyst,3,108,306
de-5854478390,20260903,de,DA,data analyst,3,107,306
de-5854692629,20260903,de,DA,data analyst,3,106,306
de-5854821554,20260903,de,DA,data analyst,3,105,306
de-5855327520,20260903,de,DA,data analyst,3,104,306
de-5855434419,20260903,de,DA,data analyst,3,103,306
de-5855435937,20260903,de,BI,business intelligence analyst,1,9,14
de-5855591218,20260903,de,BI,business intelligence analyst,1,8,14
de-5855591218,20260903,de,DA,data analyst,3,102,306
de-5855599314,20260903,de,DA,data analyst,3,101,306
de-5856263806,20260903,de,DA,datenanalyst,1,6,25
de-5856263876,20260903,de,BI,BI analyst,1,2,19
de-5856263876,20260903,de,DA,data analyst,2,100,306
de-5856263975,20260903,de,BI,business intelligence analyst,1,7,14
de-5856263975,20260903,de,DA,data analyst,2,99,306
de-5856676532,20260903,de,DA,data analyst,2,98,306
de-5856974440,20260903,de,DA,data analyst,2,97,306
de-5857113284,20260903,de,DA,data analyst,2,96,306
de-5857315270,20260903,de,DA,data analyst,2,95,306
de-5857319234,20260903,de,DA,data analyst,2,94,306
de-5857626297,20260903,de,DA,data analyst,2,93,306
de-5857799876,20260903,de,DA,data analyst,2,92,306
de-5857805575,20260903,de,DA,data analyst,2,91,306
de-5857993681,20260903,de,DA,data analyst,2,90,306
de-5858005152,20260903,de,BI,business intelligence analyst,1,6,14
de-5858169364,20260903,de,DA,data analyst,2,89,306
de-5858186004,20260903,de,DA,data analyst,2,88,306
de-5858230960,20260903,de,DA,data analyst,2,87,306
de-5858237375,20260903,de,DA,data analyst,2,86,306
de-5858241214,20260903,de,DA,data analyst,2,84,306
de-5858241215,20260903,de,DA,data analyst,2,76,306
de-5858241216,20260903,de,DA,data analyst,2,83,306
de-5858241217,20260903,de,DA,data analyst,2,79,306
de-5858241220,20260903,de,DA,data analyst,2,81,306
de-5858241222,20260903,de,DA,data analyst,2,78,306
de-5858241224,20260903,de,DA,data analyst,2,85,306
de-5858241225,20260903,de,DA,data analyst,2,82,306
de-5858241230,20260903,de,DA,data analyst,2,75,306
de-5858241232,20260903,de,DA,data analyst,2,77,306
de-5858241233,20260903,de,DA,data analyst,2,80,306
de-5858241234,20260903,de,DA,data analyst,2,66,306
de-5858241235,20260903,de,DA,data analyst,2,71,306
de-5858241236,20260903,de,DA,data analyst,2,69,306
de-5858241237,20260903,de,DA,data analyst,2,67,306
de-5858241238,20260903,de,DA,data analyst,2,73,306
de-5858241239,20260903,de,DA,data analyst,2,65,306
de-5858241240,20260903,de,DA,data analyst,2,72,306
de-5858241241,20260903,de,DA,data analyst,2,74,306
de-5858241243,20260903,de,DA,data analyst,2,70,306
de-5858241244,20260903,de,DA,data analyst,2,68,306
de-5858241247,20260903,de,DA,data analyst,2,64,306
de-5858242933,20260903,de,BI,business intelligence analyst,1,5,14
de-5858265769,20260903,de,DA,data analyst,2,63,306
de-5858329815,20260903,de,DA,data analyst,2,62,306
de-5858487962,20260903,de,DA,datenanalyst,1,5,25
de-5858502266,20260903,de,DA,data analyst,2,61,306
de-5858502452,20260903,de,DA,data analyst,2,60,306
de-5858506058,20260903,de,DA,datenanalyst,1,4,25
de-5858512268,20260903,de,DA,data analyst,2,59,306
de-5858577600,20260903,de,BI,business intelligence analyst,1,4,14
de-5858577600,20260903,de,DA,data analyst,2,58,306
de-5858661082,20260903,de,DA,data analyst,2,57,306
de-5858728979,20260903,de,DA,data analyst,2,56,306
de-5858838387,20260903,de,DA,data analyst,2,55,306
de-5858907192,20260903,de,BI,business intelligence analyst,1,3,14
de-5858907192,20260903,de,DA,data analyst,2,54,306
de-5859039489,20260903,de,BA,business analyst,5,250,873
de-5859053777,20260903,de,BA,business analyst,5,249,873
de-5859080940,20260903,de,BA,business analyst,5,248,873
de-5859138443,20260903,de,BA,business analyst,5,247,873
de-5859138453,20260903,de,DA,data analyst,2,53,306
de-5859138618,20260903,de,DA,data analyst,2,52,306
de-5859164772,20260903,de,BA,business analyst,5,246,873
de-5859164828,20260903,de,BA,business analyst,5,245,873
de-5859165714,20260903,de,DA,data analyst,2,51,306
de-5859468594,20260903,de,BA,business analyst,5,244,873
de-5859468644,20260903,de,BA,business analyst,5,243,873
de-5859468830,20260903,de,BA,business analyst,5,241,873
de-5859468831,20260903,de,BA,business analyst,5,242,873
de-5859468839,20260903,de,BA,business analyst,5,240,873
de-5859469035,20260903,de,BA,business analyst,5,239,873
de-5859469059,20260903,de,BA,business analyst,5,237,873
de-5859469064,20260903,de,BA,business analyst,5,238,873
de-5859469066,20260903,de,BA,business analyst,5,236,873
de-5859469069,20260903,de,BA,business analyst,5,234,873
de-5859469071,20260903,de,BA,business analyst,5,233,873
de-5859469073,20260903,de,BA,business analyst,5,231,873
de-5859469076,20260903,de,BA,business analyst,5,235,873
de-5859469085,20260903,de,BA,business analyst,5,232,873
de-5859577070,20260903,de,BA,business analyst,5,230,873
de-5859577143,20260903,de,BA,business analyst,5,229,873
de-5859634053,20260903,de,BA,business analyst,5,228,873
de-5859654609,20260903,de,DA,data analyst,1,49,306
de-5859654610,20260903,de,DA,data analyst,1,48,306
de-5859654611,20260903,de,DA,data analyst,1,50,306
de-5859654655,20260903,de,BA,business analyst,5,227,873
de-5859864602,20260903,de,BA,business analyst,5,226,873
de-5859864602,20260903,de,DA,data analyst,1,47,306
de-5859864704,20260903,de,BA,business analyst,5,225,873
de-5859864960,20260903,de,BA,business analyst,5,224,873
de-5859871991,20260903,de,DA,data analyst,1,46,306
de-5859884613,20260903,de,BA,business analyst,5,223,873
de-5859890717,20260903,de,DA,data analyst,1,45,306
de-5859891409,20260903,de,DA,data analyst,1,44,306
de-5860576239,20260903,de,BA,business analyst,5,222,873
de-5860576256,20260903,de,DA,data analyst,1,43,306
de-5860640287,20260903,de,BA,business analyst,5,221,873
de-5860640491,20260903,de,BA,business analyst,5,220,873
de-5860672349,20260903,de,DA,data analyst,1,42,306
de-5860709582,20260903,de,BA,business analyst,5,219,873
de-5860798575,20260903,de,DA,data analyst,1,41,306
de-5860801882,20260903,de,BA,business analyst,5,218,873
de-5860965355,20260903,de,BA,business analyst,5,217,873
de-5860976051,20260903,de,BA,business analyst,5,216,873
de-5861020267,20260903,de,BA,business analyst,5,215,873
de-5861202126,20260903,de,DA,data analyst,1,40,306
de-5861205144,20260903,de,BA,business analyst,5,214,873
de-5861225956,20260903,de,DA,data analyst,1,39,306
de-5861307583,20260903,de,DA,data analyst,1,38,306
de-5861314826,20260903,de,DA,data analyst,1,37,306
de-5861335301,20260903,de,BA,business analyst,5,213,873
de-5861342350,20260903,de,BA,business analyst,5,212,873
de-5861423228,20260903,de,BA,business analyst,5,211,873
de-5861819744,20260903,de,BA,business analyst,5,210,873
de-5861820478,20260903,de,BA,business analyst,5,209,873
de-5861955259,20260903,de,BA,business analyst,5,208,873
de-5861988121,20260903,de,BA,business analyst,5,207,873
de-5861988136,20260903,de,BA,business analyst,5,206,873
de-5861994468,20260903,de,BA,business analyst,5,203,873
de-5861994469,20260903,de,BA,business analyst,5,205,873
de-5861994470,20260903,de,BA,business analyst,5,204,873
de-5861994472,20260903,de,BA,business analyst,4,200,873
de-5861994473,20260903,de,BA,business analyst,5,202,873
de-5861994478,20260903,de,BA,business analyst,5,201,873
de-5861994503,20260903,de,BA,business analyst,4,199,873
de-5861994508,20260903,de,BA,business analyst,4,195,873
de-5861994509,20260903,de,BA,business analyst,4,197,873
de-5861994511,20260903,de,BA,business analyst,4,198,873
de-5861994513,20260903,de,BA,business analyst,4,196,873
de-5861994826,20260903,de,BA,business analyst,4,188,873
de-5861994827,20260903,de,BA,business analyst,4,193,873
de-5861994828,20260903,de,BA,business analyst,4,194,873
de-5861994829,20260903,de,BA,business analyst,4,190,873
de-5861994830,20260903,de,BA,business analyst,4,187,873
de-5861994831,20260903,de,BA,business analyst,4,191,873
de-5861994832,20260903,de,BA,business analyst,4,192,873
de-5861994834,20260903,de,BA,business analyst,4,189,873
de-5861994844,20260903,de,DA,data analyst,1,35,306
de-5861994845,20260903,de,DA,data analyst,1,36,306
de-5861994868,20260903,de,BA,business analyst,4,186,873
de-5861994868,20260903,de,DA,data analyst,1,34,306
de-5862007375,20260903,de,BA,business analyst,4,185,873
de-5862012082,20260903,de,BA,business analyst,4,184,873
de-5862103183,20260903,de,DA,data analyst,1,33,306
de-5862118873,20260903,de,DA,data analyst,1,32,306
de-5862125839,20260903,de,DA,datenanalyst,1,3,25
de-5862258978,20260903,de,BA,business analyst,4,183,873
de-5862288338,20260903,de,BA,business analyst,4,182,873
de-5862329433,20260903,de,BA,business analyst,4,181,873
de-5862714695,20260903,de,BA,business analyst,4,180,873
de-5862716394,20260903,de,BA,business analyst,4,179,873
de-5862717574,20260903,de,BA,business analyst,4,178,873
de-5862806904,20260903,de,BA,business analyst,4,176,873
de-5862806906,20260903,de,BA,business analyst,4,177,873
de-5862806907,20260903,de,BA,business analyst,4,175,873
de-5862806951,20260903,de,DA,data analyst,1,31,306
de-5862897810,20260903,de,BA,business analyst,4,174,873
de-5862977152,20260903,de,BA,business analyst,4,173,873
de-5862977281,20260903,de,BA,business analyst,4,172,873
de-5862977730,20260903,de,BA,business analyst,4,170,873
de-5862977733,20260903,de,BA,business analyst,4,171,873
de-5862977741,20260903,de,BA,business analyst,4,169,873
de-5862979192,20260903,de,BA,business analyst,4,168,873
de-5862980122,20260903,de,BA,business analyst,4,167,873
de-5862980478,20260903,de,BA,business analyst,4,166,873
de-5862980652,20260903,de,BA,business analyst,4,165,873
de-5862982633,20260903,de,DA,data analyst,1,30,306
de-5863094623,20260903,de,DA,data analyst,1,29,306
de-5863104389,20260903,de,BA,business analyst,4,164,873
de-5863125365,20260903,de,BA,business analyst,4,163,873
de-5863125463,20260903,de,BA,business analyst,4,162,873
de-5863142101,20260903,de,BA,business analyst,4,161,873
de-5863447350,20260903,de,BA,business analyst,4,160,873
de-5863503315,20260903,de,BA,business analyst,4,159,873
de-5863612058,20260903,de,BA,business analyst,4,158,873
de-5863612058,20260903,de,DA,data analyst,1,28,306
de-5863750862,20260903,de,BA,business analyst,4,157,873
de-5863752809,20260903,de,BA,business analyst,4,156,873
de-5863811381,20260903,de,BA,business analyst,4,155,873
de-5863811463,20260903,de,DA,data analyst,1,27,306
de-5863811858,20260903,de,BA,business analyst,4,154,873
de-5863939617,20260903,de,BA,business analyst,4,153,873
de-5864048150,20260903,de,DA,data analyst,1,26,306
de-5864048151,20260903,de,DA,data analyst,1,24,306
de-5864048154,20260903,de,DA,data analyst,1,25,306
de-5864048165,20260903,de,BA,business analyst,4,152,873
de-5864048178,20260903,de,BA,business analyst,4,151,873
de-5864048207,20260903,de,BA,business analyst,3,149,873
de-5864048209,20260903,de,BA,business analyst,3,150,873
de-5864096691,20260903,de,BA,business analyst,3,148,873
de-5864441500,20260903,de,DA,data analyst,1,23,306
de-5864593761,20260903,de,DA,data analyst,1,22,306
de-5864749736,20260903,de,BA,business analyst,3,146,873
de-5864749737,20260903,de,BA,business analyst,3,147,873
de-5864749745,20260903,de,BA,business analyst,3,141,873
de-5864749751,20260903,de,BA,business analyst,3,142,873
de-5864749756,20260903,de,BA,business analyst,3,145,873
de-5864749772,20260903,de,BA,business analyst,3,140,873
de-5864749782,20260903,de,BA,business analyst,3,144,873
de-5864749788,20260903,de,BA,business analyst,3,143,873
de-5864750288,20260903,de,BA,business analyst,3,139,873
de-5864751829,20260903,de,DA,data analyst,1,21,306
de-5864752274,20260903,de,BA,business analyst,3,138,873
de-5864752337,20260903,de,BA,business analyst,3,137,873
de-5864752337,20260903,de,DA,data analyst,1,20,306
de-5864753942,20260903,de,BA,business analyst,3,136,873
de-5864754317,20260903,de,BA,business analyst,3,133,873
de-5864754326,20260903,de,BA,business analyst,3,134,873
de-5864754327,20260903,de,BA,business analyst,3,132,873
de-5864754340,20260903,de,BA,business analyst,3,135,873
de-5864754347,20260903,de,BA,business analyst,3,131,873
de-5864754351,20260903,de,BA,business analyst,3,119,873
de-5864754352,20260903,de,BA,business analyst,3,120,873
de-5864754355,20260903,de,BA,business analyst,3,130,873
de-5864754356,20260903,de,BA,business analyst,3,122,873
de-5864754357,20260903,de,BA,business analyst,3,126,873
de-5864754360,20260903,de,BA,business analyst,3,124,873
de-5864754361,20260903,de,BA,business analyst,3,125,873
de-5864754368,20260903,de,BA,business analyst,3,128,873
de-5864754374,20260903,de,BA,business analyst,3,121,873
de-5864754377,20260903,de,BA,business analyst,3,123,873
de-5864754379,20260903,de,BA,business analyst,3,129,873
de-5864754412,20260903,de,BA,business analyst,3,127,873
de-5864754493,20260903,de,BA,business analyst,3,118,873
de-5864754539,20260903,de,BA,business analyst,3,117,873
de-5864785135,20260903,de,BA,business analyst,3,116,873
de-5864795879,20260903,de,DA,datenanalyst,1,2,25
de-5864798383,20260903,de,DA,data analyst,1,19,306
de-5864798580,20260903,de,BA,business analyst,3,115,873
de-5864798765,20260903,de,BA,business analyst,3,114,873
de-5864798890,20260903,de,BA,business analyst,3,113,873
de-5864800064,20260903,de,DA,data analyst,1,18,306
de-5864807023,20260903,de,BA,business analyst,3,112,873
de-5864807653,20260903,de,BA,business analyst,3,111,873
de-5865026942,20260903,de,BA,business analyst,3,110,873
de-5865037184,20260903,de,BA,business analyst,3,109,873
de-5865116840,20260903,de,BA,business analyst,3,108,873
de-5865118259,20260903,de,BA,business analyst,3,107,873
de-5865119499,20260903,de,BA,business analyst,3,106,873
de-5865131385,20260903,de,BA,business analyst,3,105,873
de-5865131791,20260903,de,BA,business analyst,3,104,873
de-5865131899,20260903,de,BA,business analyst,3,103,873
de-5865132455,20260903,de,DA,data analyst,1,17,306
de-5865133388,20260903,de,DA,data analyst,1,16,306
de-5865134438,20260903,de,BA,business analyst,3,102,873
de-5865134979,20260903,de,BA,business analyst,3,101,873
de-5865136526,20260903,de,BA,business analyst,2,100,873
de-5865142866,20260903,de,BA,business analyst,2,99,873
de-5865142866,20260903,de,BI,business intelligence analyst,1,2,14
de-5865143951,20260903,de,BA,business analyst,2,98,873
de-5865242906,20260903,de,BA,business analyst,2,97,873
de-5865808146,20260903,de,BA,business analyst,2,96,873
de-5865808878,20260903,de,BA,business analyst,2,95,873
de-5865814678,20260903,de,BA,business analyst,2,94,873
de-5865823718,20260903,de,BA,business analyst,2,93,873
de-5865823718,20260903,de,BI,business intelligence analyst,1,1,14
de-5865824572,20260903,de,BA,business analyst,2,92,873
de-5865994095,20260903,de,BA,business analyst,2,91,873
de-5866020234,20260903,de,BA,business analyst,2,90,873
de-5866023106,20260903,de,BA,business analyst,2,89,873
de-5866120252,20260903,de,BA,business analyst,2,88,873
de-5866219447,20260903,de,DA,data analyst,1,15,306
de-5866226827,20260903,de,BA,business analyst,2,87,873
de-5866227148,20260903,de,BA,business analyst,2,86,873
de-5866229420,20260903,de,BA,business analyst,2,85,873
de-5866269363,20260903,de,BA,business analyst,2,84,873
de-5866285263,20260903,de,BA,business analyst,2,83,873
de-5866312660,20260903,de,DA,data analyst,1,14,306
de-5866317873,20260903,de,BA,business analyst,2,82,873
de-5866320361,20260903,de,BA,business analyst,2,81,873
de-5866324951,20260903,de,BA,business analyst,2,80,873
de-5866330444,20260903,de,BA,business analyst,2,79,873
de-5866332256,20260903,de,DA,data analyst,1,13,306
de-5866332635,20260903,de,DA,datenanalyst,1,1,25
de-5866339947,20260903,de,BA,business analyst,2,78,873
de-5866342213,20260903,de,BA,business analyst,2,77,873
de-5866343995,20260903,de,BA,business analyst,2,76,873
de-5866572896,20260903,de,BA,business analyst,2,75,873
de-5866676670,20260903,de,BA,business analyst,2,74,873
de-5866676779,20260903,de,BA,business analyst,2,72,873
de-5866676782,20260903,de,BA,business analyst,2,73,873
de-5866676789,20260903,de,BA,business analyst,2,69,873
de-5866676790,20260903,de,BA,business analyst,2,71,873
de-5866676792,20260903,de,BA,business analyst,2,70,873
de-5866676799,20260903,de,BA,business analyst,2,68,873
de-5866676803,20260903,de,BA,business analyst,2,67,873
de-5866676853,20260903,de,BA,business analyst,2,66,873
de-5866676876,20260903,de,BA,business analyst,2,65,873
de-5866677108,20260903,de,BA,business analyst,2,64,873
de-5866677158,20260903,de,BA,business analyst,2,63,873
de-5866725007,20260903,de,BA,business analyst,2,62,873
de-5866919183,20260903,de,BA,business analyst,2,61,873
de-5866919499,20260903,de,BA,business analyst,2,60,873
de-5866943465,20260903,de,BA,business analyst,2,59,873
de-5867004154,20260903,de,DA,data analyst,1,12,306
de-5867040194,20260903,de,BA,business analyst,2,58,873
de-5867042761,20260903,de,BA,business analyst,2,57,873
de-5867067715,20260903,de,BA,business analyst,2,56,873
de-5867100794,20260903,de,BA,business analyst,2,55,873
de-5867100988,20260903,de,BA,business analyst,2,54,873
de-5867128805,20260903,de,DA,data analyst,1,11,306
de-5867180620,20260903,de,BA,business analyst,2,53,873
de-5867197926,20260903,de,BA,business analyst,2,52,873
de-5867197926,20260903,de,DA,data analyst,1,10,306
de-5867219861,20260903,de,BA,business analyst,2,51,873
de-5867225687,20260903,de,BA,business analyst,1,50,873
de-5867230022,20260903,de,BA,business analyst,1,49,873
de-5867235006,20260903,de,BA,business analyst,1,48,873
de-5867251090,20260903,de,BA,business analyst,1,47,873
de-5867256368,20260903,de,DA,data analyst,1,9,306
de-5867259205,20260903,de,BA,business analyst,1,46,873
de-5867264784,20260903,de,DA,data analyst,1,8,306
de-5867276716,20260903,de,DA,data analyst,1,7,306
de-5867277494,20260903,de,BA,business analyst,1,45,873
de-5867283266,20260903,de,BA,business analyst,1,44,873
de-5867288207,20260903,de,BA,business analyst,1,43,873
de-5867306490,20260903,de,BA,business analyst,1,42,873
de-5867307429,20260903,de,DA,data analyst,1,6,306
de-5867424176,20260903,de,BA,business analyst,1,41,873
de-5867425265,20260903,de,BA,business analyst,1,39,873
de-5867425267,20260903,de,BA,business analyst,1,40,873
de-5867425839,20260903,de,BA,business analyst,1,38,873
de-5867425839,20260903,de,DA,data analyst,1,5,306
de-5867426501,20260903,de,BA,business analyst,1,37,873
de-5867427657,20260903,de,BA,business analyst,1,36,873
de-5867429706,20260903,de,BA,business analyst,1,35,873
de-5867431233,20260903,de,BA,business analyst,1,34,873
de-5867436476,20260903,de,BA,business analyst,1,33,873
de-5867438953,20260903,de,BA,business analyst,1,32,873
de-5867471986,20260903,de,BA,business analyst,1,31,873
de-5867625023,20260903,de,BA,business analyst,1,30,873
de-5867754936,20260903,de,BA,business analyst,1,29,873
de-5867799719,20260903,de,BA,business analyst,1,28,873
de-5867875799,20260903,de,BA,business analyst,1,27,873
de-5867925161,20260903,de,BA,business analyst,1,26,873
de-5867947830,20260903,de,BA,business analyst,1,25,873
de-5867955484,20260903,de,BA,business analyst,1,24,873
de-5867956442,20260903,de,BA,business analyst,1,23,873
de-5867957789,20260903,de,BA,business analyst,1,22,873
de-5867957948,20260903,de,BA,business analyst,1,21,873
de-5867969320,20260903,de,BA,business analyst,1,20,873
de-5867975001,20260903,de,BA,business analyst,1,19,873
de-5868012694,20260903,de,DA,data analyst,1,4,306
de-5868095631,20260903,de,BA,business analyst,1,18,873
de-5868096405,20260903,de,BA,business analyst,1,17,873
de-5868154580,20260903,de,BA,business analyst,1,16,873
de-5868154596,20260903,de,BI,BI analyst,1,1,19
de-5868154596,20260903,de,BA,business analyst,1,15,873
de-5868154596,20260903,de,DA,data analyst,1,3,306
de-5868157312,20260903,de,BA,business analyst,1,14,873
de-5868157506,20260903,de,BA,business analyst,1,13,873
de-5868158056,20260903,de,DA,data analyst,1,2,306
de-5868159742,20260903,de,BA,business analyst,1,12,873
de-5868160010,20260903,de,BA,business analyst,1,11,873
de-5868206952,20260903,de,BA,business analyst,1,10,873
de-5868211891,20260903,de,DA,data analyst,1,1,306
de-5868213464,20260903,de,BA,business analyst,1,9,873
de-5868413602,20260903,de,BA,business analyst,1,8,873
de-5868413713,20260903,de,BA,business analyst,1,7,873
de-5868413877,20260903,de,BA,business analyst,1,6,873
de-5868414016,20260903,de,BA,business analyst,1,5,873
de-5868414052,20260903,de,BA,business analyst,1,4,873
de-5868439002,20260903,de,BA,business analyst,1,3,873
de-5868510591,20260903,de,BA,business analyst,1,2,873
de-5868724453,20260903,de,BA,business analyst,1,1,873
es-3913351514,20260903,es,BA,business analyst,4,173,173
es-4338872287,20260903,es,DA,analista de datos,1,28,28
es-4844318797,20260903,es,DA,analista de datos,1,27,28
es-5053523221,20260903,es,DA,data analyst,4,170,170
es-5062368554,20260903,es,DA,data analyst,4,169,170
es-5414439868,20260903,es,BA,business analyst,4,172,173
es-5443261819,20260903,es,DA,data analyst,4,168,170
es-5448239326,20260903,es,BA,business analyst,4,171,173
es-5454305538,20260903,es,DA,data analyst,4,167,170
es-5455470367,20260903,es,DA,data analyst,4,166,170
es-5475582558,20260903,es,BA,business analyst,4,170,173
es-5486939001,20260903,es,BI,BI analyst,1,11,11
es-5486939001,20260903,es,DA,data analyst,4,165,170
es-5488503517,20260903,es,BA,business analyst,4,169,173
es-5542436881,20260903,es,BA,business analyst,4,168,173
es-5549132895,20260903,es,DA,data analyst,4,164,170
es-5552905057,20260903,es,DA,data analyst,4,163,170
es-5556867176,20260903,es,DA,data analyst,4,162,170
es-5584479066,20260903,es,DA,data analyst,4,161,170
es-5584544401,20260903,es,DA,data analyst,4,160,170
es-5602338439,20260903,es,DA,data analyst,4,159,170
es-5605372024,20260903,es,BA,business analyst,4,167,173
es-5638566356,20260903,es,DA,analista de datos,1,26,28
es-5642703201,20260903,es,BA,business analyst,4,165,173
es-5642703202,20260903,es,BA,business analyst,4,166,173
es-5646338521,20260903,es,DA,data analyst,4,158,170
es-5660680567,20260903,es,DA,data analyst,4,157,170
es-5660680575,20260903,es,BA,business analyst,4,164,173
es-5661996002,20260903,es,BA,business analyst,4,163,173
es-5664289290,20260903,es,BA,business analyst,4,162,173
es-5668783933,20260903,es,DA,data analyst,4,156,170
es-5673565699,20260903,es,DA,data analyst,4,155,170
es-5673565897,20260903,es,DA,data analyst,4,154,170
es-5673565931,20260903,es,DA,data analyst,4,153,170
es-5681713155,20260903,es,DA,data analyst,4,152,170
es-5683448359,20260903,es,DA,data analyst,4,151,170
es-5686363415,20260903,es,BA,business analyst,4,161,173
es-5687747590,20260903,es,DA,data analyst,3,150,170
es-5687946036,20260903,es,BA,business analyst,4,160,173
es-5687946036,20260903,es,BI,business intelligence analyst,1,8,8
es-5691444053,20260903,es,BI,analista BI,1,8,8
es-5693810934,20260903,es,BA,business analyst,4,159,173
es-5698322475,20260903,es,DA,data analyst,3,149,170
es-5698322731,20260903,es,BA,business analyst,4,158,173
es-5701907936,20260903,es,BA,business analyst,4,157,173
es-5702619332,20260903,es,DA,data analyst,3,148,170
es-5705383100,20260903,es,BA,business analyst,4,156,173
es-5708767888,20260903,es,DA,data analyst,3,147,170
es-5713960479,20260903,es,DA,data analyst,3,146,170
es-5714273777,20260903,es,DA,data analyst,3,145,170
es-5716298368,20260903,es,BI,BI analyst,1,10,11
es-5716635479,20260903,es,BA,business analyst,4,155,173
es-5716635479,20260903,es,BI,business intelligence analyst,1,7,8
es-5716635479,20260903,es,DA,data analyst,3,144,170
es-5717352370,20260903,es,BA,business analyst,4,154,173
es-5717352370,20260903,es,BI,business intelligence analyst,1,6,8
es-5717352370,20260903,es,DA,data analyst,3,143,170
es-5718777969,20260903,es,BA,business analyst,4,153,173
es-5718777969,20260903,es,DA,data analyst,3,142,170
es-5724647242,20260903,es,DA,data analyst,3,141,170
es-5724649232,20260903,es,DA,data analyst,3,140,170
es-5727385101,20260903,es,BA,analista de negocio,1,8,8
es-5727390046,20260903,es,BA,business analyst,4,152,173
es-5727681262,20260903,es,BI,BI analyst,1,9,11
es-5727681262,20260903,es,DA,data analyst,3,139,170
es-5727802231,20260903,es,DA,analista de datos,1,25,28
es-5728541860,20260903,es,BA,business analyst,4,151,173
es-5728543636,20260903,es,DA,data analyst,3,138,170
es-5729388183,20260903,es,DA,data analyst,3,137,170
es-5729388186,20260903,es,BA,business analyst,3,150,173
es-5729465317,20260903,es,DA,data analyst,3,136,170
es-5733359643,20260903,es,BA,business analyst,3,149,173
es-5733359703,20260903,es,BA,business analyst,3,148,173
es-5737877254,20260903,es,BA,business analyst,3,147,173
es-5741905961,20260903,es,DA,data analyst,3,135,170
es-5742532966,20260903,es,BA,business analyst,3,146,173
es-5743996351,20260903,es,DA,data analyst,3,134,170
es-5744286052,20260903,es,BA,analista de negocio,1,7,8
es-5745004276,20260903,es,DA,data analyst,3,133,170
es-5748434539,20260903,es,DA,data analyst,3,132,170
es-5749558087,20260903,es,DA,data analyst,3,131,170
es-5749589355,20260903,es,BI,analista BI,1,7,8
es-5751211477,20260903,es,DA,data analyst,3,130,170
es-5751245740,20260903,es,DA,data analyst,3,129,170
es-5751248341,20260903,es,DA,data analyst,3,128,170
es-5752846256,20260903,es,DA,data analyst,3,127,170
es-5752881648,20260903,es,BA,business analyst,3,144,173
es-5752881656,20260903,es,BA,business analyst,3,145,173
es-5752881669,20260903,es,DA,analista de datos,1,24,28
es-5753696198,20260903,es,DA,data analyst,3,126,170
es-5755773151,20260903,es,DA,data analyst,3,125,170
es-5755773975,20260903,es,BI,BI analyst,1,8,11
es-5756959457,20260903,es,BA,business analyst,3,143,173
es-5756959460,20260903,es,BA,business analyst,3,142,173
es-5757176860,20260903,es,BA,business analyst,3,141,173
es-5757435367,20260903,es,DA,data analyst,3,124,170
es-5757544454,20260903,es,DA,data analyst,3,123,170
es-5758393861,20260903,es,DA,analista de datos,1,23,28
es-5759182288,20260903,es,DA,data analyst,3,122,170
es-5759700087,20260903,es,BA,business analyst,3,140,173
es-5761078609,20260903,es,DA,data analyst,3,121,170
es-5761078622,20260903,es,BA,business analyst,3,139,173
es-5761853071,20260903,es,BA,business analyst,3,138,173
es-5761856465,20260903,es,BA,business analyst,3,137,173
es-5761856465,20260903,es,BI,business intelligence analyst,1,5,8
es-5763015185,20260903,es,BA,business analyst,3,136,173
es-5763016291,20260903,es,BA,business analyst,3,135,173
es-5764608267,20260903,es,BA,business analyst,3,134,173
es-5768404746,20260903,es,DA,data analyst,3,120,170
es-5769095161,20260903,es,DA,analista de datos,1,22,28
es-5769095161,20260903,es,DA,data analyst,3,119,170
es-5769095240,20260903,es,BA,analista de negocio,1,6,8
es-5769205031,20260903,es,BA,business analyst,3,133,173
es-5769875538,20260903,es,BA,business analyst,3,132,173
es-5770246172,20260903,es,BA,business analyst,3,131,173
es-5772801320,20260903,es,BA,business analyst,3,130,173
es-5772801320,20260903,es,DA,data analyst,3,118,170
es-5772822358,20260903,es,DA,data analyst,3,117,170
es-5772841708,20260903,es,DA,data analyst,3,116,170
es-5773204123,20260903,es,DA,data analyst,3,115,170
es-5775499094,20260903,es,BA,business analyst,3,129,173
es-5775801242,20260903,es,BA,business analyst,3,128,173
es-5775849278,20260903,es,BA,business analyst,3,127,173
es-5775903592,20260903,es,BA,business analyst,3,126,173
es-5776910376,20260903,es,BA,business analyst,3,125,173
es-5777371432,20260903,es,BI,analista BI,1,6,8
es-5777371432,20260903,es,DA,analista de datos,1,21,28
es-5777371435,20260903,es,DA,analista de datos,1,20,28
es-5777371447,20260903,es,BA,business analyst,3,124,173
es-5777582600,20260903,es,DA,data analyst,3,114,170
es-5778317579,20260903,es,BA,business analyst,3,123,173
es-5779525202,20260903,es,DA,data analyst,3,113,170
es-5779525298,20260903,es,DA,analista de datos,1,19,28
es-5779542422,20260903,es,BA,business analyst,3,122,173
es-5781090243,20260903,es,DA,data analyst,3,112,170
es-5781890023,20260903,es,BI,BI analyst,1,7,11
es-5782656178,20260903,es,DA,data analyst,3,111,170
es-5784531003,20260903,es,DA,data analyst,3,110,170
es-5785454418,20260903,es,BA,business analyst,3,121,173
es-5787322539,20260903,es,DA,data analyst,3,109,170
es-5788549885,20260903,es,BA,business analyst,3,120,173
es-5788550130,20260903,es,DA,data analyst,3,108,170
es-5788551290,20260903,es,BA,business analyst,3,119,173
es-5789442565,20260903,es,BA,business analyst,3,118,173
es-5790240184,20260903,es,DA,analista de datos,1,18,28
es-5790240230,20260903,es,BI,BI analyst,1,6,11
es-5790240230,20260903,es,BA,business analyst,3,117,173
es-5790664903,20260903,es,BA,business analyst,3,116,173
es-5790664925,20260903,es,BI,BI analyst,1,5,11
es-5790664925,20260903,es,DA,data analyst,3,107,170
es-5792261645,20260903,es,DA,data analyst,3,106,170
es-5793156552,20260903,es,BA,business analyst,3,115,173
es-5793794799,20260903,es,DA,data analyst,3,105,170
es-5794830031,20260903,es,BA,business analyst,3,114,173
es-5794830031,20260903,es,BI,business intelligence analyst,1,4,8
es-5795133088,20260903,es,BA,business analyst,3,113,173
es-5795188847,20260903,es,BA,business analyst,3,112,173
es-5795188848,20260903,es,DA,data analyst,3,104,170
es-5795188858,20260903,es,DA,analista de datos,1,17,28
es-5795188874,20260903,es,BA,business analyst,3,111,173
es-5796275001,20260903,es,BA,business analyst,3,110,173
es-5796276181,20260903,es,DA,data analyst,3,103,170
es-5798345034,20260903,es,DA,data analyst,3,102,170
es-5798605394,20260903,es,DA,data analyst,3,101,170
es-5801923689,20260903,es,DA,data analyst,2,100,170
es-5801930193,20260903,es,DA,data analyst,2,99,170
es-5802304797,20260903,es,BA,business analyst,3,109,173
es-5802390840,20260903,es,DA,data analyst,2,98,170
es-5802409104,20260903,es,BI,BI analyst,1,4,11
es-5802409104,20260903,es,DA,data analyst,2,97,170
es-5804096726,20260903,es,BA,business analyst,3,108,173
es-5804102715,20260903,es,DA,data analyst,2,96,170
es-5804499903,20260903,es,BA,business analyst,3,106,173
es-5804499903,20260903,es,DA,data analyst,2,92,170
es-5804499904,20260903,es,DA,data analyst,2,94,170
es-5804499906,20260903,es,DA,data analyst,2,93,170
es-5804499911,20260903,es,BA,business analyst,3,107,173
es-5804499912,20260903,es,DA,data analyst,2,95,170
es-5804499919,20260903,es,DA,data analyst,2,91,170
es-5804499920,20260903,es,BA,business analyst,3,104,173
es-5804499921,20260903,es,BA,business analyst,3,105,173
es-5805218141,20260903,es,DA,data analyst,2,90,170
es-5805256753,20260903,es,DA,data analyst,2,89,170
es-5805466910,20260903,es,DA,data analyst,2,88,170
es-5805845515,20260903,es,BA,business analyst,3,103,173
es-5805845815,20260903,es,BA,business analyst,3,102,173
es-5805910251,20260903,es,DA,data analyst,2,87,170
es-5806611926,20260903,es,BA,business analyst,3,101,173
es-5806932448,20260903,es,BA,business analyst,2,100,173
es-5807567705,20260903,es,DA,analista de datos,1,16,28
es-5807567789,20260903,es,BA,business analyst,2,99,173
es-5807568221,20260903,es,BA,business analyst,2,98,173
es-5807568381,20260903,es,DA,data analyst,2,86,170
es-5808917016,20260903,es,DA,data analyst,2,85,170
es-5809366771,20260903,es,BA,business analyst,2,97,173
es-5811212058,20260903,es,BA,business analyst,2,96,173
es-5811218534,20260903,es,DA,data analyst,2,84,170
es-5811519298,20260903,es,DA,analista de datos,1,15,28
es-5811519595,20260903,es,DA,data analyst,2,83,170
es-5811523003,20260903,es,DA,data analyst,2,82,170
es-5811523768,20260903,es,BA,business analyst,2,95,173
es-5811672920,20260903,es,BA,business analyst,2,94,173
es-5812739545,20260903,es,BA,business analyst,2,93,173
es-5812975128,20260903,es,BA,business analyst,2,92,173
es-5813471620,20260903,es,BA,business analyst,2,91,173
es-5813471622,20260903,es,BA,business analyst,2,90,173
es-5814598851,20260903,es,DA,data analyst,2,81,170
es-5814612643,20260903,es,DA,data analyst,2,80,170
es-5814614706,20260903,es,DA,data analyst,2,79,170
es-5815003253,20260903,es,BA,business analyst,2,89,173
es-5815067896,20260903,es,DA,data analyst,2,78,170
es-5815897769,20260903,es,BA,business analyst,2,88,173
es-5815899015,20260903,es,DA,data analyst,2,77,170
es-5816882064,20260903,es,DA,data analyst,2,76,170
es-5816882353,20260903,es,DA,data analyst,2,75,170
es-5816886466,20260903,es,DA,data analyst,2,74,170
es-5816887070,20260903,es,DA,data analyst,2,73,170
es-5816888575,20260903,es,DA,analista de datos,1,14,28
es-5816888575,20260903,es,BA,analista de negocio,1,5,8
es-5816889149,20260903,es,DA,data analyst,2,72,170
es-5817668350,20260903,es,DA,data analyst,2,71,170
es-5818054313,20260903,es,DA,analista de datos,1,13,28
es-5819155335,20260903,es,BA,business analyst,2,87,173
es-5819525301,20260903,es,BA,business analyst,2,86,173
es-5819735866,20260903,es,BA,business analyst,2,85,173
es-5820783942,20260903,es,DA,data analyst,2,70,170
es-5820880710,20260903,es,DA,data analyst,2,69,170
es-5820895018,20260903,es,BA,business analyst,2,84,173
es-5821484196,20260903,es,BA,business analyst,2,83,173
es-5822105505,20260903,es,DA,analista de datos,1,12,28
es-5822105512,20260903,es,BA,business analyst,2,82,173
es-5822105517,20260903,es,DA,data analyst,2,68,170
es-5822105536,20260903,es,BI,analista BI,1,5,8
es-5822127039,20260903,es,BA,business analyst,2,81,173
es-5822127039,20260903,es,DA,data analyst,2,67,170
es-5822127739,20260903,es,DA,data analyst,2,66,170
es-5822582301,20260903,es,DA,data analyst,2,65,170
es-5823528096,20260903,es,BA,business analyst,2,80,173
es-5823530887,20260903,es,BA,business analyst,2,79,173
es-5825429896,20260903,es,BA,business analyst,2,78,173
es-5825429896,20260903,es,BI,business intelligence analyst,1,3,8
es-5826399292,20260903,es,DA,analista de datos,1,11,28
es-5826930088,20260903,es,BA,business analyst,2,77,173
es-5826930123,20260903,es,BA,business analyst,2,76,173
es-5827420415,20260903,es,BA,business analyst,2,75,173
es-5827484280,20260903,es,BA,analista de negocio,1,4,8
es-5827489363,20260903,es,BA,business analyst,2,74,173
es-5827491353,20260903,es,BA,business analyst,2,73,173
es-5828841183,20260903,es,DA,data analyst,2,64,170
es-5828841240,20260903,es,DA,data analyst,2,63,170
es-5829212079,20260903,es,DA,data analyst,2,62,170
es-5830168260,20260903,es,BA,business analyst,2,72,173
es-5831007196,20260903,es,DA,data analyst,2,61,170
es-5831622577,20260903,es,BA,business analyst,2,71,173
es-5831622821,20260903,es,BA,business analyst,2,70,173
es-5831663786,20260903,es,DA,data analyst,2,58,170
es-5831663787,20260903,es,DA,data analyst,2,59,170
es-5831663790,20260903,es,DA,data analyst,2,60,170
es-5831663808,20260903,es,BA,analista de negocio,1,3,8
es-5831676698,20260903,es,BA,business analyst,2,69,173
es-5831676698,20260903,es,DA,data analyst,2,57,170
es-5831682141,20260903,es,BA,business analyst,2,68,173
es-5831947917,20260903,es,BI,BI analyst,1,3,11
es-5831947917,20260903,es,BA,business analyst,2,67,173
es-5831947917,20260903,es,DA,data analyst,2,56,170
es-5831947933,20260903,es,DA,data analyst,2,55,170
es-5832297089,20260903,es,DA,data analyst,2,54,170
es-5833078922,20260903,es,BA,business analyst,2,66,173
es-5833173127,20260903,es,BI,analista BI,1,4,8
es-5833175641,20260903,es,DA,data analyst,2,53,170
es-5833175918,20260903,es,DA,data analyst,2,52,170
es-5833180127,20260903,es,BA,business analyst,2,65,173
es-5833180196,20260903,es,DA,data analyst,2,51,170
es-5833183483,20260903,es,DA,data analyst,1,50,170
es-5834448734,20260903,es,BA,business analyst,2,64,173
es-5834449339,20260903,es,BA,business analyst,2,63,173
es-5834450385,20260903,es,BI,BI analyst,1,2,11
es-5834452055,20260903,es,DA,data analyst,1,49,170
es-5834452112,20260903,es,BA,analista de negocio,1,2,8
es-5835329603,20260903,es,BA,business analyst,2,62,173
es-5835351026,20260903,es,BA,business analyst,2,61,173
es-5835351268,20260903,es,DA,data analyst,1,48,170
es-5835846461,20260903,es,BA,business analyst,2,60,173
es-5836460035,20260903,es,DA,data analyst,1,47,170
es-5836461020,20260903,es,DA,data analyst,1,46,170
es-5837896345,20260903,es,DA,data analyst,1,45,170
es-5838199216,20260903,es,BA,business analyst,2,59,173
es-5838725798,20260903,es,BA,business analyst,2,58,173
es-5839930698,20260903,es,BA,business analyst,2,57,173
es-5840002498,20260903,es,BA,business analyst,2,56,173
es-5840003172,20260903,es,DA,analista de datos,1,10,28
es-5840004496,20260903,es,BA,business analyst,2,55,173
es-5840008267,20260903,es,BA,business analyst,2,54,173
es-5840008880,20260903,es,DA,data analyst,1,44,170
es-5841410469,20260903,es,BA,business analyst,2,53,173
es-5841477025,20260903,es,DA,analista de datos,1,7,28
es-5841477028,20260903,es,DA,analista de datos,1,8,28
es-5841477029,20260903,es,DA,data analyst,1,43,170
es-5841477041,20260903,es,DA,analista de datos,1,9,28
es-5841481504,20260903,es,BA,business analyst,2,52,173
es-5841483165,20260903,es,BA,business analyst,2,51,173
es-5841483670,20260903,es,BA,business analyst,1,50,173
es-5841946535,20260903,es,BA,business analyst,1,49,173
es-5842845523,20260903,es,DA,data analyst,1,42,170
es-5842845776,20260903,es,DA,data analyst,1,41,170
es-5842845804,20260903,es,DA,data analyst,1,40,170
es-5842846465,20260903,es,DA,data analyst,1,38,170
es-5842846466,20260903,es,DA,data analyst,1,39,170
es-5842846655,20260903,es,DA,data analyst,1,37,170
es-5842846713,20260903,es,DA,data analyst,1,36,170
es-5844045073,20260903,es,DA,data analyst,1,35,170
es-5845483674,20260903,es,DA,data analyst,1,34,170
es-5845483714,20260903,es,BA,business analyst,1,48,173
es-5846288432,20260903,es,BA,business analyst,1,47,173
es-5846295281,20260903,es,BI,analista BI,1,3,8
es-5846566085,20260903,es,BA,business analyst,1,46,173
es-5846566085,20260903,es,DA,data analyst,1,33,170
es-5846769007,20260903,es,BA,business analyst,1,45,173
es-5847858891,20260903,es,BA,business analyst,1,44,173
es-5847858891,20260903,es,DA,data analyst,1,32,170
es-5847928313,20260903,es,BA,business analyst,1,43,173
es-5847928313,20260903,es,DA,data analyst,1,31,170
es-5848696994,20260903,es,BI,analista BI,1,2,8
es-5849310743,20260903,es,BA,business analyst,1,42,173
es-5849364519,20260903,es,BA,business analyst,1,41,173
es-5849618350,20260903,es,BA,business analyst,1,40,173
es-5849618350,20260903,es,DA,data analyst,1,30,170
es-5849713446,20260903,es,DA,data analyst,1,29,170
es-5850719036,20260903,es,BA,business analyst,1,39,173
es-5850719037,20260903,es,DA,analista de datos,1,5,28
es-5850719041,20260903,es,DA,analista de datos,1,6,28
es-5852180548,20260903,es,BA,business analyst,1,38,173
es-5852211253,20260903,es,DA,data analyst,1,28,170
es-5852212327,20260903,es,DA,data analyst,1,27,170
es-5853440777,20260903,es,DA,data analyst,1,26,170
es-5853440938,20260903,es,BA,business analyst,1,37,173
es-5853441056,20260903,es,BA,analista de negocio,1,1,8
es-5853441347,20260903,es,DA,data analyst,1,25,170
es-5853441702,20260903,es,DA,data analyst,1,24,170
es-5854610741,20260903,es,BA,business analyst,1,36,173
es-5854612154,20260903,es,DA,data analyst,1,23,170
es-5855589208,20260903,es,BA,business analyst,1,35,173
es-5855789317,20260903,es,BA,business analyst,1,34,173
es-5855789317,20260903,es,BI,business intelligence analyst,1,2,8
es-5855789317,20260903,es,DA,data analyst,1,22,170
es-5856423548,20260903,es,BI,BI analyst,1,1,11
es-5856423548,20260903,es,DA,data analyst,1,21,170
es-5856690559,20260903,es,DA,analista de datos,1,4,28
es-5857251291,20260903,es,BA,business analyst,1,33,173
es-5857251293,20260903,es,BA,business analyst,1,32,173
es-5857298502,20260903,es,DA,data analyst,1,20,170
es-5857315544,20260903,es,BA,business analyst,1,31,173
es-5858021855,20260903,es,BA,business analyst,1,30,173
es-5858022178,20260903,es,BA,business analyst,1,29,173
es-5858022362,20260903,es,DA,data analyst,1,19,170
es-5858113036,20260903,es,BA,business analyst,1,28,173
es-5859124468,20260903,es,BA,business analyst,1,27,173
es-5859470325,20260903,es,BI,analista BI,1,1,8
es-5859470325,20260903,es,DA,analista de datos,1,3,28
es-5859470328,20260903,es,BA,business analyst,1,26,173
es-5859470330,20260903,es,DA,analista de datos,1,2,28
es-5859485871,20260903,es,BA,business analyst,1,25,173
es-5859486123,20260903,es,DA,data analyst,1,18,170
es-5860792312,20260903,es,DA,data analyst,1,17,170
es-5860793667,20260903,es,BA,business analyst,1,24,173
es-5860876260,20260903,es,BA,business analyst,1,23,173
es-5860876510,20260903,es,BA,business analyst,1,22,173
es-5860876693,20260903,es,BA,business analyst,1,21,173
es-5860876702,20260903,es,BA,business analyst,1,20,173
es-5860876784,20260903,es,DA,data analyst,1,16,170
es-5860876791,20260903,es,DA,data analyst,1,15,170
es-5860877226,20260903,es,BA,business analyst,1,19,173
es-5860877511,20260903,es,DA,data analyst,1,14,170
es-5861953952,20260903,es,DA,data analyst,1,13,170
es-5862004925,20260903,es,BA,business analyst,1,18,173
es-5862005155,20260903,es,DA,data analyst,1,12,170
es-5862523246,20260903,es,BA,business analyst,1,17,173
es-5862523747,20260903,es,BA,business analyst,1,16,173
es-5862803275,20260903,es,DA,data analyst,1,11,170
es-5863094494,20260903,es,DA,data analyst,1,10,170
es-5863165497,20260903,es,BA,business analyst,1,15,173
es-5863165538,20260903,es,DA,data analyst,1,9,170
es-5863173131,20260903,es,BA,business analyst,1,14,173
es-5863174231,20260903,es,DA,data analyst,1,8,170
es-5863215944,20260903,es,DA,data analyst,1,7,170
es-5863216071,20260903,es,DA,data analyst,1,6,170
es-5863216380,20260903,es,DA,data analyst,1,5,170
es-5863216805,20260903,es,DA,data analyst,1,4,170
es-5864029874,20260903,es,BA,business analyst,1,12,173
es-5864029875,20260903,es,BA,business analyst,1,13,173
es-5865208293,20260903,es,BA,business analyst,1,11,173
es-5865449569,20260903,es,BA,business analyst,1,10,173
es-5865449569,20260903,es,BI,business intelligence analyst,1,1,8
es-5865450185,20260903,es,DA,data analyst,1,3,170
es-5865450335,20260903,es,DA,data analyst,1,2,170
es-5866597031,20260903,es,BA,business analyst,1,9,173
es-5866702428,20260903,es,BA,business analyst,1,8,173
es-5866704344,20260903,es,BA,business analyst,1,7,173
es-5866754797,20260903,es,DA,analista de datos,1,1,28
es-5867624531,20260903,es,BA,business analyst,1,4,173
es-5867624534,20260903,es,BA,business analyst,1,6,173
es-5867624537,20260903,es,BA,business analyst,1,5,173
es-5867624580,20260903,es,BA,business analyst,1,3,173
es-5868523147,20260903,es,BA,business analyst,1,2,173
es-5868523535,20260903,es,DA,data analyst,1,1,170
es-5868523889,20260903,es,BA,business analyst,1,1,173
gb-5210480123,20260903,gb,BI,BI analyst,1,33,33
gb-5663621960,20260903,gb,BI,business intelligence analyst,1,34,34
gb-5748978694,20260903,gb,BI,BI analyst,1,32,33
gb-5761909402,20260903,gb,BI,business intelligence analyst,1,33,34
gb-5780349070,20260903,gb,BI,business intelligence analyst,1,32,34
gb-5795609519,20260903,gb,BI,BI analyst,1,31,33
gb-5795617519,20260903,gb,BI,BI analyst,1,30,33
gb-5802870387,20260903,gb,BI,BI analyst,1,29,33
gb-5810688125,20260903,gb,BI,business intelligence analyst,1,31,34
gb-5812625608,20260903,gb,BI,business intelligence analyst,1,30,34
gb-5814622829,20260903,gb,BI,BI analyst,1,28,33
gb-5814771693,20260903,gb,BI,BI analyst,1,27,33
gb-5816502339,20260903,gb,BI,business intelligence analyst,1,29,34
gb-5816506157,20260903,gb,BI,business intelligence analyst,1,28,34
gb-5820085655,20260903,gb,BI,business intelligence analyst,1,27,34
gb-5827485642,20260903,gb,BI,BI analyst,1,26,33
gb-5828022787,20260903,gb,BI,BI analyst,1,25,33
gb-5828402671,20260903,gb,BI,BI analyst,1,24,33
gb-5829404077,20260903,gb,BI,business intelligence analyst,1,26,34
gb-5829818220,20260903,gb,BI,business intelligence analyst,1,25,34
gb-5830781344,20260903,gb,BI,business intelligence analyst,1,24,34
gb-5830781376,20260903,gb,BI,business intelligence analyst,1,23,34
gb-5835737479,20260903,gb,BI,business intelligence analyst,1,22,34
gb-5838730541,20260903,gb,BI,business intelligence analyst,1,21,34
gb-5839572817,20260903,gb,BI,business intelligence analyst,1,20,34
gb-5840649326,20260903,gb,BI,BI analyst,1,23,33
gb-5843072790,20260903,gb,BI,BI analyst,1,22,33
gb-5845658880,20260903,gb,BI,business intelligence analyst,1,19,34
gb-5846046384,20260903,gb,BI,BI analyst,1,21,33
gb-5847255298,20260903,gb,BI,BI analyst,1,20,33
gb-5851016025,20260903,gb,BI,business intelligence analyst,1,18,34
gb-5851173771,20260903,gb,BI,business intelligence analyst,1,17,34
gb-5852576301,20260903,gb,BI,business intelligence analyst,1,16,34
gb-5854310824,20260903,gb,BI,BI analyst,1,19,33
gb-5854951538,20260903,gb,BI,business intelligence analyst,1,15,34
gb-5855328200,20260903,gb,BI,BI analyst,1,18,33
gb-5855373744,20260903,gb,BI,BI analyst,1,17,33
gb-5855373969,20260903,gb,BI,business intelligence analyst,1,14,34
gb-5855373983,20260903,gb,BI,BI analyst,1,16,33
gb-5855375864,20260903,gb,BI,BI analyst,1,15,33
gb-5855377118,20260903,gb,DA,data analyst,5,250,733
gb-5855377358,20260903,gb,DA,data analyst,5,249,733
gb-5855377450,20260903,gb,DA,data analyst,5,248,733
gb-5855377743,20260903,gb,BI,BI analyst,1,14,33
gb-5855377992,20260903,gb,DA,data analyst,5,247,733
gb-5855378211,20260903,gb,DA,data analyst,5,246,733
gb-5855378511,20260903,gb,DA,data analyst,5,245,733
gb-5855378601,20260903,gb,DA,data analyst,5,244,733
gb-5855378608,20260903,gb,DA,data analyst,5,243,733
gb-5855379210,20260903,gb,DA,data analyst,5,242,733
gb-5855379822,20260903,gb,DA,data analyst,5,241,733
gb-5855380221,20260903,gb,DA,data analyst,5,240,733
gb-5855380402,20260903,gb,DA,data analyst,5,239,733
gb-5855380476,20260903,gb,DA,data analyst,5,238,733
gb-5855380778,20260903,gb,DA,data analyst,5,237,733
gb-5855380972,20260903,gb,DA,data analyst,5,236,733
gb-5855381093,20260903,gb,DA,data analyst,5,235,733
gb-5855381335,20260903,gb,DA,data analyst,5,234,733
gb-5855381386,20260903,gb,DA,data analyst,5,233,733
gb-5855381406,20260903,gb,DA,data analyst,5,232,733
gb-5855381462,20260903,gb,DA,data analyst,5,231,733
gb-5855381727,20260903,gb,DA,data analyst,5,230,733
gb-5855381953,20260903,gb,BI,BI analyst,1,13,33
gb-5855472404,20260903,gb,DA,data analyst,5,229,733
gb-5855475597,20260903,gb,DA,data analyst,5,228,733
gb-5855591572,20260903,gb,DA,data analyst,5,227,733
gb-5855594700,20260903,gb,DA,data analyst,5,226,733
gb-5855604687,20260903,gb,DA,data analyst,5,225,733
gb-5855617098,20260903,gb,DA,data analyst,5,224,733
gb-5855621595,20260903,gb,DA,data analyst,5,223,733
gb-5855683693,20260903,gb,DA,data analyst,5,222,733
gb-5855685692,20260903,gb,DA,data analyst,5,221,733
gb-5855685803,20260903,gb,DA,data analyst,5,220,733
gb-5855686113,20260903,gb,DA,data analyst,5,219,733
gb-5855704121,20260903,gb,DA,data analyst,5,218,733
gb-5855716317,20260903,gb,BI,BI analyst,1,12,33
gb-5855716321,20260903,gb,DA,data analyst,5,217,733
gb-5855716764,20260903,gb,DA,data analyst,5,216,733
gb-5855737106,20260903,gb,DA,data analyst,5,215,733
gb-5855991534,20260903,gb,DA,data analyst,5,214,733
gb-5856135808,20260903,gb,BI,business intelligence analyst,1,13,34
gb-5856135808,20260903,gb,DA,data analyst,5,213,733
gb-5856595712,20260903,gb,DA,data analyst,5,212,733
gb-5856669758,20260903,gb,DA,data analyst,5,211,733
gb-5856814418,20260903,gb,DA,data analyst,5,210,733
gb-5856892687,20260903,gb,DA,data analyst,5,209,733
gb-5856946396,20260903,gb,DA,data analyst,5,208,733
gb-5856959936,20260903,gb,DA,data analyst,5,207,733
gb-5856974719,20260903,gb,DA,data analyst,5,206,733
gb-5856976927,20260903,gb,DA,data analyst,5,205,733
gb-5856978499,20260903,gb,DA,data analyst,5,204,733
gb-5856980452,20260903,gb,DA,data analyst,5,203,733
gb-5856999989,20260903,gb,DA,data analyst,5,202,733
gb-5857163241,20260903,gb,DA,data analyst,5,201,733
gb-5857174948,20260903,gb,BI,business intelligence analyst,1,12,34
gb-5857179420,20260903,gb,DA,data analyst,4,200,733
gb-5857189171,20260903,gb,DA,data analyst,4,199,733
gb-5857189288,20260903,gb,DA,data analyst,4,197,733
gb-5857189302,20260903,gb,DA,data analyst,4,198,733
gb-5857189392,20260903,gb,DA,data analyst,4,196,733
gb-5857189439,20260903,gb,DA,data analyst,4,195,733
gb-5857207842,20260903,gb,DA,data analyst,4,194,733
gb-5857207852,20260903,gb,DA,data analyst,4,193,733
gb-5857215880,20260903,gb,DA,data analyst,4,192,733
gb-5857216253,20260903,gb,BI,business intelligence analyst,1,11,34
gb-5857221137,20260903,gb,BI,BI analyst,1,10,33
gb-5857221143,20260903,gb,BI,BI analyst,1,11,33
gb-5857227791,20260903,gb,DA,data analyst,4,191,733
gb-5857234851,20260903,gb,DA,data analyst,4,190,733
gb-5857236340,20260903,gb,DA,data analyst,4,189,733
gb-5857268435,20260903,gb,DA,data analyst,4,188,733
gb-5857649971,20260903,gb,DA,data analyst,4,187,733
gb-5857850546,20260903,gb,DA,data analyst,4,186,733
gb-5858065623,20260903,gb,DA,data analyst,4,185,733
gb-5858089591,20260903,gb,BI,BI analyst,1,9,33
gb-5858107916,20260903,gb,DA,data analyst,4,184,733
gb-5858141763,20260903,gb,DA,data analyst,4,180,733
gb-5858141778,20260903,gb,DA,data analyst,4,183,733
gb-5858141780,20260903,gb,DA,data analyst,4,181,733
gb-5858141783,20260903,gb,DA,data analyst,4,182,733
gb-5858141817,20260903,gb,DA,data analyst,4,179,733
gb-5858141842,20260903,gb,DA,data analyst,4,178,733
gb-5858177274,20260903,gb,BI,BI analyst,1,8,33
gb-5858200024,20260903,gb,DA,data analyst,4,177,733
gb-5858200062,20260903,gb,DA,data analyst,4,176,733
gb-5858200065,20260903,gb,BI,BI analyst,1,7,33
gb-5858220107,20260903,gb,BI,BI analyst,1,6,33
gb-5858245997,20260903,gb,DA,data analyst,4,175,733
gb-5858262293,20260903,gb,DA,data analyst,4,174,733
gb-5858262977,20260903,gb,DA,data analyst,4,173,733
gb-5858263105,20260903,gb,DA,data analyst,4,172,733
gb-5858284420,20260903,gb,DA,data analyst,4,171,733
gb-5858303237,20260903,gb,DA,data analyst,4,170,733
gb-5858303351,20260903,gb,DA,data analyst,4,169,733
gb-5858342035,20260903,gb,DA,data analyst,4,168,733
gb-5858363665,20260903,gb,DA,data analyst,4,167,733
gb-5858364990,20260903,gb,DA,data analyst,4,166,733
gb-5858367665,20260903,gb,DA,data analyst,4,165,733
gb-5858368399,20260903,gb,DA,data analyst,4,164,733
gb-5858371998,20260903,gb,DA,data analyst,4,163,733
gb-5858373645,20260903,gb,DA,data analyst,4,162,733
gb-5858374336,20260903,gb,BI,business intelligence analyst,1,10,34
gb-5858377515,20260903,gb,BI,BI analyst,1,5,33
gb-5858377515,20260903,gb,DA,data analyst,4,161,733
gb-5858384691,20260903,gb,DA,data analyst,4,160,733
gb-5858387092,20260903,gb,DA,data analyst,4,159,733
gb-5858389764,20260903,gb,DA,data analyst,4,158,733
gb-5858390325,20260903,gb,DA,data analyst,4,157,733
gb-5858411950,20260903,gb,DA,data analyst,4,156,733
gb-5858587375,20260903,gb,DA,data analyst,4,154,733
gb-5858587406,20260903,gb,DA,data analyst,4,155,733
gb-5858625182,20260903,gb,DA,data analyst,4,153,733
gb-5858627464,20260903,gb,DA,data analyst,4,152,733
gb-5858627587,20260903,gb,DA,data analyst,4,151,733
gb-5858627677,20260903,gb,DA,data analyst,3,150,733
gb-5858628580,20260903,gb,DA,data analyst,3,149,733
gb-5858904718,20260903,gb,DA,data analyst,3,148,733
gb-5858906124,20260903,gb,DA,data analyst,3,147,733
gb-5858907743,20260903,gb,DA,data analyst,3,146,733
gb-5859057516,20260903,gb,DA,data analyst,3,145,733
gb-5859060098,20260903,gb,DA,data analyst,3,144,733
gb-5859161524,20260903,gb,DA,data analyst,3,143,733
gb-5859492510,20260903,gb,DA,data analyst,3,142,733
gb-5859614908,20260903,gb,DA,data analyst,3,141,733
gb-5859619578,20260903,gb,DA,data analyst,3,140,733
gb-5859643902,20260903,gb,DA,data analyst,3,139,733
gb-5859656397,20260903,gb,BI,BI analyst,1,4,33
gb-5859656830,20260903,gb,DA,data analyst,3,138,733
gb-5859746013,20260903,gb,DA,data analyst,3,137,733
gb-5859757634,20260903,gb,DA,data analyst,3,136,733
gb-5859761219,20260903,gb,DA,data analyst,3,135,733
gb-5859761566,20260903,gb,DA,data analyst,3,134,733
gb-5859763673,20260903,gb,DA,data analyst,3,133,733
gb-5859769677,20260903,gb,DA,data analyst,3,132,733
gb-5859770298,20260903,gb,DA,data analyst,3,131,733
gb-5859795918,20260903,gb,DA,data analyst,3,130,733
gb-5859795949,20260903,gb,DA,data analyst,3,129,733
gb-5859809944,20260903,gb,DA,data analyst,3,128,733
gb-5859974794,20260903,gb,DA,data analyst,3,127,733
gb-5859990443,20260903,gb,DA,data analyst,3,126,733
gb-5859992488,20260903,gb,DA,data analyst,3,125,733
gb-5859992645,20260903,gb,DA,data analyst,3,124,733
gb-5859992676,20260903,gb,DA,data analyst,3,123,733
gb-5859994642,20260903,gb,DA,data analyst,3,122,733
gb-5859994646,20260903,gb,DA,data analyst,3,121,733
gb-5859994652,20260903,gb,DA,data analyst,3,120,733
gb-5859994674,20260903,gb,DA,data analyst,3,119,733
gb-5860066671,20260903,gb,DA,data analyst,3,117,733
gb-5860066687,20260903,gb,DA,data analyst,3,118,733
gb-5860068596,20260903,gb,DA,data analyst,3,116,733
gb-5860751563,20260903,gb,DA,data analyst,3,115,733
gb-5861182353,20260903,gb,DA,data analyst,3,114,733
gb-5861222704,20260903,gb,DA,data analyst,3,113,733
gb-5861234016,20260903,gb,DA,data analyst,3,112,733
gb-5861239358,20260903,gb,DA,data analyst,3,111,733
gb-5861242326,20260903,gb,DA,data analyst,3,110,733
gb-5861397280,20260903,gb,DA,data analyst,3,109,733
gb-5861428762,20260903,gb,DA,data analyst,3,108,733
gb-5861733142,20260903,gb,DA,data analyst,3,107,733
gb-5861761607,20260903,gb,DA,data analyst,3,106,733
gb-5861792243,20260903,gb,DA,data analyst,3,105,733
gb-5862276870,20260903,gb,DA,data analyst,3,104,733
gb-5862284826,20260903,gb,DA,data analyst,3,103,733
gb-5862648963,20260903,gb,DA,data analyst,3,101,733
gb-5862648973,20260903,gb,DA,data analyst,3,102,733
gb-5862649000,20260903,gb,DA,data analyst,2,100,733
gb-5862649040,20260903,gb,DA,data analyst,2,98,733
gb-5862649060,20260903,gb,DA,data analyst,2,99,733
gb-5862649110,20260903,gb,DA,data analyst,2,97,733
gb-5862688235,20260903,gb,DA,data analyst,2,96,733
gb-5862862939,20260903,gb,BA,business analyst,5,250,1275
gb-5862926796,20260903,gb,BA,business analyst,5,249,1275
gb-5862926811,20260903,gb,BA,business analyst,5,248,1275
gb-5862926825,20260903,gb,BA,business analyst,5,247,1275
gb-5862953961,20260903,gb,BA,business analyst,5,246,1275
gb-5862984657,20260903,gb,BA,business analyst,5,245,1275
gb-5862989176,20260903,gb,DA,data analyst,2,95,733
gb-5863109993,20260903,gb,DA,data analyst,2,94,733
gb-5863110332,20260903,gb,BA,business analyst,5,244,1275
gb-5863132806,20260903,gb,DA,data analyst,2,93,733
gb-5863133445,20260903,gb,BA,business analyst,5,243,1275
gb-5863586463,20260903,gb,BA,business analyst,5,242,1275
gb-5863586463,20260903,gb,DA,data analyst,2,92,733
gb-5864040627,20260903,gb,DA,data analyst,2,91,733
gb-5864089586,20260903,gb,BA,business analyst,5,241,1275
gb-5864147980,20260903,gb,BA,business analyst,5,238,1275
gb-5864147983,20260903,gb,BA,business analyst,5,239,1275
gb-5864147983,20260903,gb,DA,data analyst,2,89,733
gb-5864147992,20260903,gb,BA,business analyst,5,240,1275
gb-5864147992,20260903,gb,DA,data analyst,2,90,733
gb-5864148019,20260903,gb,BA,business analyst,5,237,1275
gb-5864407928,20260903,gb,BA,business analyst,5,236,1275
gb-5864528576,20260903,gb,BA,business analyst,5,235,1275
gb-5864528580,20260903,gb,BA,business analyst,5,234,1275
gb-5864528638,20260903,gb,BI,BI analyst,1,3,33
gb-5864528638,20260903,gb,DA,data analyst,2,88,733
gb-5864528709,20260903,gb,DA,data analyst,2,87,733
gb-5864547140,20260903,gb,BA,business analyst,5,233,1275
gb-5864548426,20260903,gb,DA,data analyst,2,86,733
gb-5864590561,20260903,gb,DA,data analyst,2,85,733
gb-5864598438,20260903,gb,BA,business analyst,5,232,1275
gb-5864598448,20260903,gb,BA,business analyst,5,230,1275
gb-5864598450,20260903,gb,BA,business analyst,5,229,1275
gb-5864598451,20260903,gb,BA,business analyst,5,231,1275
gb-5864625335,20260903,gb,BA,business analyst,5,228,1275
gb-5864640386,20260903,gb,BA,business analyst,5,227,1275
gb-5864652966,20260903,gb,BA,business analyst,5,226,1275
gb-5864670761,20260903,gb,DA,data analyst,2,84,733
gb-5864671247,20260903,gb,DA,data analyst,2,83,733
gb-5864671256,20260903,gb,BA,business analyst,5,225,1275
gb-5864677608,20260903,gb,DA,data analyst,2,82,733
gb-5864677653,20260903,gb,BA,business analyst,5,224,1275
gb-5864728782,20260903,gb,DA,data analyst,2,81,733
gb-5864729349,20260903,gb,BA,business analyst,5,223,1275
gb-5864792047,20260903,gb,DA,data analyst,2,80,733
gb-5864854595,20260903,gb,BA,business analyst,5,222,1275
gb-5864882328,20260903,gb,DA,data analyst,2,79,733
gb-5864941327,20260903,gb,BA,business analyst,5,221,1275
gb-5864943949,20260903,gb,BA,business analyst,5,220,1275
gb-5864945934,20260903,gb,BA,business analyst,5,219,1275
gb-5864981083,20260903,gb,DA,data analyst,2,78,733
gb-5865014896,20260903,gb,BA,business analyst,5,218,1275
gb-5865016182,20260903,gb,BA,business analyst,5,217,1275
gb-5865140691,20260903,gb,BA,business analyst,5,216,1275
gb-5865142336,20260903,gb,BA,business analyst,5,215,1275
gb-5865162104,20260903,gb,BA,business analyst,5,214,1275
gb-5865162761,20260903,gb,BA,business analyst,5,213,1275
gb-5865162761,20260903,gb,DA,data analyst,2,77,733
gb-5865162934,20260903,gb,BA,business analyst,5,212,1275
gb-5865169278,20260903,gb,BA,business analyst,5,211,1275
gb-5865186977,20260903,gb,BA,business analyst,5,210,1275
gb-5865190428,20260903,gb,DA,data analyst,2,73,733
gb-5865190429,20260903,gb,DA,data analyst,2,76,733
gb-5865190430,20260903,gb,BA,business analyst,5,209,1275
gb-5865190431,20260903,gb,DA,data analyst,2,72,733
gb-5865190432,20260903,gb,BA,business analyst,5,207,1275
gb-5865190433,20260903,gb,DA,data analyst,2,75,733
gb-5865190435,20260903,gb,BA,business analyst,5,208,1275
gb-5865190456,20260903,gb,DA,data analyst,2,74,733
gb-5865190459,20260903,gb,DA,data analyst,2,71,733
gb-5865190460,20260903,gb,DA,data analyst,2,70,733
gb-5865190461,20260903,gb,DA,data analyst,2,69,733
gb-5865192881,20260903,gb,BA,business analyst,5,206,1275
gb-5865192938,20260903,gb,BA,business analyst,5,205,1275
gb-5865193017,20260903,gb,BA,business analyst,5,204,1275
gb-5865193043,20260903,gb,BA,business analyst,5,203,1275
gb-5865193102,20260903,gb,BA,business analyst,5,202,1275
gb-5865197791,20260903,gb,BA,business analyst,5,201,1275
gb-5865197791,20260903,gb,DA,data analyst,2,68,733
gb-5865198826,20260903,gb,BA,business analyst,4,200,1275
gb-5865208121,20260903,gb,BA,business analyst,4,199,1275
gb-5865208131,20260903,gb,BA,business analyst,4,198,1275
gb-5865264902,20260903,gb,BA,business analyst,4,197,1275
gb-5865265463,20260903,gb,DA,data analyst,2,65,733
gb-5865265469,20260903,gb,DA,data analyst,2,66,733
gb-5865265477,20260903,gb,DA,data analyst,2,67,733
gb-5865265481,20260903,gb,BA,business analyst,4,196,1275
gb-5865265486,20260903,gb,BA,business analyst,4,195,1275
gb-5865267720,20260903,gb,DA,data analyst,2,62,733
gb-5865267722,20260903,gb,DA,data analyst,2,63,733
gb-5865267724,20260903,gb,DA,data analyst,2,64,733
gb-5865267728,20260903,gb,BA,business analyst,4,194,1275
gb-5865269133,20260903,gb,DA,data analyst,2,61,733
gb-5865269134,20260903,gb,BA,business analyst,4,193,1275
gb-5865269451,20260903,gb,BA,business analyst,4,192,1275
gb-5865273205,20260903,gb,DA,data analyst,2,60,733
gb-5865274087,20260903,gb,BA,business analyst,4,191,1275
gb-5865301474,20260903,gb,DA,data analyst,2,59,733
gb-5865301759,20260903,gb,DA,data analyst,2,58,733
gb-5865311442,20260903,gb,BA,business analyst,4,190,1275
gb-5866082351,20260903,gb,BA,business analyst,4,189,1275
gb-5866113155,20260903,gb,BA,business analyst,4,188,1275
gb-5866113158,20260903,gb,BA,business analyst,4,187,1275
gb-5866419176,20260903,gb,DA,data analyst,2,57,733
gb-5866519311,20260903,gb,BA,business analyst,4,185,1275
gb-5866519319,20260903,gb,BA,business analyst,4,186,1275
gb-5866521433,20260903,gb,BA,business analyst,4,184,1275
gb-5866532943,20260903,gb,DA,data analyst,2,54,733
gb-5866532944,20260903,gb,DA,data analyst,2,55,733
gb-5866532946,20260903,gb,DA,data analyst,2,56,733
gb-5866532951,20260903,gb,DA,data analyst,2,53,733
gb-5866718600,20260903,gb,BA,business analyst,4,183,1275
gb-5866718600,20260903,gb,BI,business intelligence analyst,1,9,34
gb-5866922608,20260903,gb,BA,business analyst,4,182,1275
gb-5867043005,20260903,gb,BA,business analyst,4,181,1275
gb-5867043036,20260903,gb,DA,data analyst,2,52,733
gb-5867043282,20260903,gb,BA,business analyst,4,177,1275
gb-5867043284,20260903,gb,BA,business analyst,4,176,1275
gb-5867043285,20260903,gb,BA,business analyst,4,172,1275
gb-5867043289,20260903,gb,BA,business analyst,4,169,1275
gb-5867043292,20260903,gb,BA,business analyst,4,161,1275
gb-5867043294,20260903,gb,BA,business analyst,4,171,1275
gb-5867043295,20260903,gb,BA,business analyst,4,178,1275
gb-5867043298,20260903,gb,BA,business analyst,4,165,1275
gb-5867043302,20260903,gb,BA,business analyst,4,162,1275
gb-5867043306,20260903,gb,BA,business analyst,4,164,1275
gb-5867043320,20260903,gb,BA,business analyst,4,163,1275
gb-5867043322,20260903,gb,BA,business analyst,4,179,1275
gb-5867043330,20260903,gb,BA,business analyst,4,173,1275
gb-5867043333,20260903,gb,BA,business analyst,4,175,1275
gb-5867043335,20260903,gb,BA,business analyst,4,174,1275
gb-5867043339,20260903,gb,BA,business analyst,4,167,1275
gb-5867043340,20260903,gb,BA,business analyst,4,168,1275
gb-5867043341,20260903,gb,BA,business analyst,4,166,1275
gb-5867043342,20260903,gb,BA,business analyst,4,180,1275
gb-5867043343,20260903,gb,BA,business analyst,4,170,1275
gb-5867043346,20260903,gb,BA,business analyst,3,108,1275
gb-5867043348,20260903,gb,BA,business analyst,2,100,1275
gb-5867043349,20260903,gb,BA,business analyst,3,148,1275
gb-5867043351,20260903,gb,BA,business analyst,3,146,1275
gb-5867043352,20260903,gb,BA,business analyst,3,119,1275
gb-5867043353,20260903,gb,BA,business analyst,4,153,1275
gb-5867043354,20260903,gb,BA,business analyst,3,124,1275
gb-5867043355,20260903,gb,BA,business analyst,4,152,1275
gb-5867043356,20260903,gb,BA,business analyst,3,128,1275
gb-5867043357,20260903,gb,BA,business analyst,3,112,1275
gb-5867043358,20260903,gb,BA,business analyst,3,135,1275
gb-5867043359,20260903,gb,BA,business analyst,3,123,1275
gb-5867043360,20260903,gb,BA,business analyst,3,125,1275
gb-5867043361,20260903,gb,BA,business analyst,3,102,1275
gb-5867043362,20260903,gb,BA,business analyst,3,132,1275
gb-5867043363,20260903,gb,BA,business analyst,3,133,1275
gb-5867043364,20260903,gb,BA,business analyst,4,155,1275
gb-5867043365,20260903,gb,BA,business analyst,3,113,1275
gb-5867043366,20260903,gb,BA,business analyst,3,147,1275
gb-5867043367,20260903,gb,BA,business analyst,3,111,1275
gb-5867043368,20260903,gb,BA,business analyst,3,120,1275
gb-5867043369,20260903,gb,BA,business analyst,3,116,1275
gb-5867043370,20260903,gb,BA,business analyst,3,104,1275
gb-5867043371,20260903,gb,BA,business analyst,4,159,1275
gb-5867043372,20260903,gb,BA,business analyst,3,107,1275
gb-5867043373,20260903,gb,BA,business analyst,3,149,1275
gb-5867043374,20260903,gb,BA,business analyst,3,118,1275
gb-5867043375,20260903,gb,BA,business analyst,4,160,1275
gb-5867043376,20260903,gb,BA,business analyst,4,157,1275
gb-5867043377,20260903,gb,BA,business analyst,3,140,1275
gb-5867043379,20260903,gb,BA,business analyst,3,101,1275
gb-5867043380,20260903,gb,BA,business analyst,3,137,1275
gb-5867043381,20260903,gb,BA,business analyst,3,117,1275
gb-5867043383,20260903,gb,BA,business analyst,3,115,1275
gb-5867043384,20260903,gb,BA,business analyst,3,142,1275
gb-5867043386,20260903,gb,BA,business analyst,3,129,1275
gb-5867043388,20260903,gb,BA,business analyst,3,127,1275
gb-5867043391,20260903,gb,BA,business analyst,2,99,1275
gb-5867043393,20260903,gb,BA,business analyst,3,150,1275
gb-5867043394,20260903,gb,BA,business analyst,3,109,1275
gb-5867043395,20260903,gb,BA,business analyst,3,145,1275
gb-5867043397,20260903,gb,BA,business analyst,4,156,1275
gb-5867043398,20260903,gb,BA,business analyst,3,139,1275
gb-5867043399,20260903,gb,BA,business analyst,3,105,1275
gb-5867043400,20260903,gb,BA,business analyst,4,158,1275
gb-5867043401,20260903,gb,BA,business analyst,3,122,1275
gb-5867043402,20260903,gb,BA,business analyst,3,134,1275
gb-5867043403,20260903,gb,BA,business analyst,3,138,1275
gb-5867043404,20260903,gb,BA,business analyst,3,126,1275
gb-5867043405,20260903,gb,BA,business analyst,3,131,1275
gb-5867043406,20260903,gb,BA,business analyst,3,114,1275
gb-5867043407,20260903,gb,BA,business analyst,3,141,1275
gb-5867043408,20260903,gb,BA,business analyst,3,136,1275
gb-5867043409,20260903,gb,BA,business analyst,3,121,1275
gb-5867043410,20260903,gb,BA,business analyst,3,130,1275
gb-5867043411,20260903,gb,BA,business analyst,4,151,1275
gb-5867043412,20260903,gb,BA,business analyst,3,106,1275
gb-5867043413,20260903,gb,BA,business analyst,4,154,1275
gb-5867043414,20260903,gb,BA,business analyst,3,110,1275
gb-5867043415,20260903,gb,BA,business analyst,3,143,1275
gb-5867043416,20260903,gb,BA,business analyst,3,144,1275
gb-5867043417,20260903,gb,BA,business analyst,3,103,1275
gb-5867043418,20260903,gb,BA,business analyst,2,76,1275
gb-5867043419,20260903,gb,BA,business analyst,2,79,1275
gb-5867043420,20260903,gb,BA,business analyst,2,94,1275
gb-5867043422,20260903,gb,BA,business analyst,2,85,1275
gb-5867043424,20260903,gb,BA,business analyst,2,78,1275
gb-5867043426,20260903,gb,BA,business analyst,2,80,1275
gb-5867043427,20260903,gb,BA,business analyst,2,83,1275
gb-5867043428,20260903,gb,BA,business analyst,2,95,1275
gb-5867043431,20260903,gb,BA,business analyst,2,88,1275
gb-5867043433,20260903,gb,BA,business analyst,2,77,1275
gb-5867043435,20260903,gb,BA,business analyst,2,96,1275
gb-5867043436,20260903,gb,BA,business analyst,2,90,1275
gb-5867043437,20260903,gb,BA,business analyst,2,92,1275
gb-5867043440,20260903,gb,BA,business analyst,2,98,1275
gb-5867043441,20260903,gb,BA,business analyst,2,81,1275
gb-5867043442,20260903,gb,BA,business analyst,2,82,1275
gb-5867043443,20260903,gb,BA,business analyst,2,84,1275
gb-5867043444,20260903,gb,BA,business analyst,2,86,1275
gb-5867043445,20260903,gb,BA,business analyst,2,97,1275
gb-5867043446,20260903,gb,BA,business analyst,2,89,1275
gb-5867043448,20260903,gb,BA,business analyst,2,93,1275
gb-5867043449,20260903,gb,BA,business analyst,2,75,1275
gb-5867043450,20260903,gb,BA,business analyst,2,91,1275
gb-5867043452,20260903,gb,BA,business analyst,2,87,1275
gb-5867043462,20260903,gb,BA,business analyst,2,74,1275
gb-5867043466,20260903,gb,BA,business analyst,2,73,1275
gb-5867061975,20260903,gb,DA,data analyst,2,51,733
gb-5867110693,20260903,gb,BA,business analyst,2,72,1275
gb-5867151553,20260903,gb,BI,BI analyst,1,2,33
gb-5867151553,20260903,gb,DA,data analyst,1,50,733
gb-5867171432,20260903,gb,DA,data analyst,1,49,733
gb-5867181562,20260903,gb,BA,business analyst,2,71,1275
gb-5867187726,20260903,gb,DA,data analyst,1,48,733
gb-5867187859,20260903,gb,DA,data analyst,1,47,733
gb-5867188589,20260903,gb,DA,data analyst,1,46,733
gb-5867228167,20260903,gb,BA,business analyst,2,70,1275
gb-5867228952,20260903,gb,BA,business analyst,2,69,1275
gb-5867231109,20260903,gb,BA,business analyst,2,68,1275
gb-5867232233,20260903,gb,BA,business analyst,2,67,1275
gb-5867235621,20260903,gb,DA,data analyst,1,45,733
gb-5867236624,20260903,gb,DA,data analyst,1,44,733
gb-5867237111,20260903,gb,DA,data analyst,1,43,733
gb-5867237314,20260903,gb,DA,data analyst,1,42,733
gb-5867237759,20260903,gb,BA,business analyst,2,66,1275
gb-5867243934,20260903,gb,BA,business analyst,2,65,1275
gb-5867244023,20260903,gb,BA,business analyst,2,64,1275
gb-5867249007,20260903,gb,BA,business analyst,2,63,1275
gb-5867249007,20260903,gb,BI,business intelligence analyst,1,8,34
gb-5867249869,20260903,gb,DA,data analyst,1,41,733
gb-5867251190,20260903,gb,DA,data analyst,1,40,733
gb-5867251978,20260903,gb,DA,data analyst,1,39,733
gb-5867252306,20260903,gb,BA,business analyst,2,62,1275
gb-5867254321,20260903,gb,DA,data analyst,1,38,733
gb-5867274265,20260903,gb,BA,business analyst,2,61,1275
gb-5867274435,20260903,gb,BA,business analyst,2,60,1275
gb-5867279261,20260903,gb,BA,business analyst,2,59,1275
gb-5867279771,20260903,gb,BA,business analyst,2,58,1275
gb-5867282858,20260903,gb,DA,data analyst,1,37,733
gb-5867305091,20260903,gb,BA,business analyst,2,57,1275
gb-5867306037,20260903,gb,DA,data analyst,1,36,733
gb-5867316849,20260903,gb,DA,data analyst,1,35,733
gb-5867333398,20260903,gb,BA,business analyst,2,56,1275
gb-5867338630,20260903,gb,DA,data analyst,1,34,733
gb-5867414466,20260903,gb,DA,data analyst,1,33,733
gb-5867507447,20260903,gb,DA,data analyst,1,32,733
gb-5867515337,20260903,gb,BA,business analyst,2,55,1275
gb-5867515337,20260903,gb,BI,business intelligence analyst,1,7,34
gb-5867530033,20260903,gb,DA,data analyst,1,31,733
gb-5867562617,20260903,gb,BA,business analyst,2,54,1275
gb-5867626094,20260903,gb,BA,business analyst,2,53,1275
gb-5867641417,20260903,gb,BA,business analyst,2,52,1275
gb-5867643019,20260903,gb,DA,data analyst,1,30,733
gb-5867643027,20260903,gb,DA,data analyst,1,29,733
gb-5867645588,20260903,gb,BA,business analyst,1,50,1275
gb-5867645591,20260903,gb,BA,business analyst,1,49,1275
gb-5867645592,20260903,gb,BA,business analyst,2,51,1275
gb-5867645763,20260903,gb,BA,business analyst,1,48,1275
gb-5867645767,20260903,gb,BA,business analyst,1,47,1275
gb-5867645768,20260903,gb,BA,business analyst,1,46,1275
gb-5867645768,20260903,gb,BI,business intelligence analyst,1,6,34
gb-5867645772,20260903,gb,DA,data analyst,1,28,733
gb-5867645773,20260903,gb,BA,business analyst,1,45,1275
gb-5867702176,20260903,gb,BA,business analyst,1,44,1275
gb-5867702477,20260903,gb,DA,data analyst,1,27,733
gb-5867726461,20260903,gb,BI,BI analyst,1,1,33
gb-5867727563,20260903,gb,BA,business analyst,1,43,1275
gb-5867727691,20260903,gb,BA,business analyst,1,42,1275
gb-5867727691,20260903,gb,BI,business intelligence analyst,1,5,34
gb-5867730506,20260903,gb,DA,data analyst,1,26,733
gb-5867756173,20260903,gb,BA,business analyst,1,41,1275
gb-5867756760,20260903,gb,DA,data analyst,1,25,733
gb-5867757879,20260903,gb,BA,business analyst,1,40,1275
gb-5868077100,20260903,gb,BA,business analyst,1,39,1275
gb-5868099172,20260903,gb,BA,business analyst,1,38,1275
gb-5868109801,20260903,gb,DA,data analyst,1,24,733
gb-5868151937,20260903,gb,BA,business analyst,1,37,1275
gb-5868152267,20260903,gb,BA,business analyst,1,36,1275
gb-5868292468,20260903,gb,DA,data analyst,1,23,733
gb-5868301226,20260903,gb,BA,business analyst,1,35,1275
gb-5868301591,20260903,gb,BA,business analyst,1,34,1275
gb-5868417643,20260903,gb,BA,business analyst,1,33,1275
gb-5868457216,20260903,gb,DA,data analyst,1,22,733
gb-5868457217,20260903,gb,BA,business analyst,1,32,1275
gb-5868457872,20260903,gb,DA,data analyst,1,20,733
gb-5868457874,20260903,gb,DA,data analyst,1,21,733
gb-5868457878,20260903,gb,DA,data analyst,1,19,733
gb-5868457898,20260903,gb,DA,data analyst,1,18,733
gb-5868542800,20260903,gb,BA,business analyst,1,31,1275
gb-5868542852,20260903,gb,DA,data analyst,1,17,733
gb-5868639785,20260903,gb,DA,data analyst,1,16,733
gb-5868766886,20260903,gb,BA,business analyst,1,29,1275
gb-5868766897,20260903,gb,BA,business analyst,1,30,1275
gb-5868767027,20260903,gb,BA,business analyst,1,28,1275
gb-5868767089,20260903,gb,BA,business analyst,1,27,1275
gb-5868767157,20260903,gb,BA,business analyst,1,26,1275
gb-5868767169,20260903,gb,BA,business analyst,1,25,1275
gb-5868767174,20260903,gb,DA,data analyst,1,15,733
gb-5868767487,20260903,gb,BA,business analyst,1,22,1275
gb-5868767510,20260903,gb,BA,business analyst,1,23,1275
gb-5868767510,20260903,gb,BI,business intelligence analyst,1,4,34
gb-5868767517,20260903,gb,BA,business analyst,1,21,1275
gb-5868767517,20260903,gb,BI,business intelligence analyst,1,3,34
gb-5868767519,20260903,gb,BA,business analyst,1,24,1275
gb-5868767560,20260903,gb,BA,business analyst,1,19,1275
gb-5868767582,20260903,gb,BA,business analyst,1,20,1275
gb-5868767667,20260903,gb,DA,data analyst,1,14,733
gb-5868767755,20260903,gb,BA,business analyst,1,18,1275
gb-5868767958,20260903,gb,BA,business analyst,1,17,1275
gb-5868776956,20260903,gb,BA,business analyst,1,16,1275
gb-5868779114,20260903,gb,DA,data analyst,1,13,733
gb-5868804489,20260903,gb,BA,business analyst,1,15,1275
gb-5868804516,20260903,gb,DA,data analyst,1,12,733
gb-5868804602,20260903,gb,DA,data analyst,1,10,733
gb-5868804623,20260903,gb,DA,data analyst,1,11,733
gb-5868804734,20260903,gb,DA,data analyst,1,8,733
gb-5868804739,20260903,gb,BA,business analyst,1,13,1275
gb-5868804753,20260903,gb,BA,business analyst,1,14,1275
gb-5868804757,20260903,gb,DA,data analyst,1,9,733
gb-5868804964,20260903,gb,BA,business analyst,1,11,1275
gb-5868804972,20260903,gb,DA,data analyst,1,7,733
gb-5868804984,20260903,gb,BA,business analyst,1,12,1275
gb-5868805062,20260903,gb,BA,business analyst,1,10,1275
gb-5868805111,20260903,gb,DA,data analyst,1,6,733
gb-5868805425,20260903,gb,DA,data analyst,1,5,733
gb-5868805430,20260903,gb,BA,business analyst,1,9,1275
gb-5868805681,20260903,gb,BA,business analyst,1,8,1275
gb-5868805681,20260903,gb,DA,data analyst,1,4,733
gb-5868805768,20260903,gb,BA,business analyst,1,7,1275
gb-5868805774,20260903,gb,BA,business analyst,1,6,1275
gb-5868805871,20260903,gb,BA,business analyst,1,5,1275
gb-5868805873,20260903,gb,DA,data analyst,1,3,733
gb-5868805902,20260903,gb,DA,data analyst,1,2,733
gb-5868805944,20260903,gb,BA,business analyst,1,4,1275
gb-5868805944,20260903,gb,BI,business intelligence analyst,1,2,34
gb-5868805982,20260903,gb,BA,business analyst,1,3,1275
gb-5868805982,20260903,gb,BI,business intelligence analyst,1,1,34
gb-5868805982,20260903,gb,DA,data analyst,1,1,733
gb-5868813184,20260903,gb,BA,business analyst,1,2,1275
gb-5868813596,20260903,gb,BA,business analyst,1,1,1275
ch-4907507246,20260904,ch,BA,business analyst,4,197,197
ch-5049642724,20260904,ch,BA,business analyst,4,196,197
ch-5102286206,20260904,ch,BA,business analyst,4,195,197
ch-5253192882,20260904,ch,BA,business analyst,4,194,197
ch-5415997589,20260904,ch,BA,business analyst,4,193,197
ch-5501296599,20260904,ch,BA,business analyst,4,191,197
ch-5501296602,20260904,ch,BA,business analyst,4,192,197
ch-5544982395,20260904,ch,BA,business analyst,4,190,197
ch-5582074518,20260904,ch,BA,business analyst,4,189,197
ch-5624904803,20260904,ch,BA,business analyst,4,188,197
ch-5662130334,20260904,ch,BA,business analyst,4,187,197
ch-5706900763,20260904,ch,BA,business analyst,4,186,197
ch-5723540051,20260904,ch,BA,business analyst,4,185,197
ch-5723540105,20260904,ch,BA,business analyst,4,184,197
ch-5727378938,20260904,ch,BA,business analyst,4,183,197
ch-5727381173,20260904,ch,BA,business analyst,4,182,197
ch-5728539859,20260904,ch,BA,business analyst,4,181,197
ch-5736527696,20260904,ch,BA,business analyst,4,180,197
ch-5737723571,20260904,ch,BA,business analyst,4,179,197
ch-5751722820,20260904,ch,BA,business analyst,4,178,197
ch-5752476574,20260904,ch,BA,business analyst,4,177,197
ch-5754205825,20260904,ch,BA,business analyst,4,176,197
ch-5763015516,20260904,ch,BA,business analyst,4,175,197
ch-5772045252,20260904,ch,BA,business analyst,4,174,197
ch-5779533751,20260904,ch,BA,business analyst,4,173,197
ch-5781488841,20260904,ch,BA,business analyst,4,172,197
ch-5784532475,20260904,ch,BA,business analyst,4,171,197
ch-5791318020,20260904,ch,BA,business analyst,4,170,197
ch-5795995207,20260904,ch,BA,business analyst,4,169,197
ch-5795995207,20260904,ch,DA,data analyst,1,33,33
ch-5798343353,20260904,ch,BA,business analyst,4,168,197
ch-5799099810,20260904,ch,DA,data analyst,1,32,33
ch-5805053425,20260904,ch,BA,business analyst,4,167,197
ch-5805464955,20260904,ch,BA,business analyst,4,166,197
ch-5805464955,20260904,ch,DA,data analyst,1,31,33
ch-5810001868,20260904,ch,BA,business analyst,4,165,197
ch-5810001868,20260904,ch,DA,data analyst,1,30,33
ch-5811519370,20260904,ch,BA,business analyst,4,164,197
ch-5814610054,20260904,ch,BA,business analyst,4,163,197
ch-5814612360,20260904,ch,BA,business analyst,4,162,197
ch-5814700994,20260904,ch,BA,business analyst,4,161,197
ch-5814701018,20260904,ch,BA,business analyst,4,160,197
ch-5816883068,20260904,ch,BI,BI analyst,1,4,4
ch-5816883068,20260904,ch,BA,business analyst,4,159,197
ch-5822720275,20260904,ch,BA,business analyst,4,158,197
ch-5822996836,20260904,ch,BA,business analyst,4,157,197
ch-5822997268,20260904,ch,BA,business analyst,4,156,197
ch-5826138284,20260904,ch,BA,business analyst,4,155,197
ch-5829693990,20260904,ch,BA,business analyst,4,154,197
ch-5830857008,20260904,ch,BA,business analyst,4,153,197
ch-5832285104,20260904,ch,DA,data analyst,1,29,33
ch-5832355656,20260904,ch,BA,business analyst,4,152,197
ch-5832355656,20260904,ch,DA,data analyst,1,28,33
ch-5832791687,20260904,ch,BA,business analyst,4,151,197
ch-5832791712,20260904,ch,BA,business analyst,3,150,197
ch-5834044745,20260904,ch,BA,business analyst,3,149,197
ch-5837128521,20260904,ch,BA,business analyst,3,148,197
ch-5840951023,20260904,ch,BA,business analyst,3,147,197
ch-5841638762,20260904,ch,BA,business analyst,3,146,197
ch-5841641655,20260904,ch,BA,business analyst,3,145,197
ch-5841647275,20260904,ch,BA,business analyst,3,144,197
ch-5841650065,20260904,ch,BA,business analyst,3,143,197
ch-5841650730,20260904,ch,BA,business analyst,3,142,197
ch-5841650730,20260904,ch,DA,data analyst,1,27,33
ch-5841656718,20260904,ch,BA,business analyst,3,141,197
ch-5841660097,20260904,ch,BA,business analyst,3,140,197
ch-5841663916,20260904,ch,BA,business analyst,3,138,197
ch-5841664012,20260904,ch,BA,business analyst,3,139,197
ch-5841666061,20260904,ch,BA,business analyst,3,137,197
ch-5841674749,20260904,ch,BA,business analyst,3,136,197
ch-5841677323,20260904,ch,BA,business analyst,3,135,197
ch-5841678642,20260904,ch,BA,business analyst,3,134,197
ch-5842832011,20260904,ch,BA,business analyst,3,133,197
ch-5843423869,20260904,ch,BA,business analyst,3,132,197
ch-5844501683,20260904,ch,BA,business analyst,3,131,197
ch-5844501799,20260904,ch,DA,data analyst,1,26,33
ch-5844661707,20260904,ch,DA,data analyst,1,25,33
ch-5844661743,20260904,ch,BA,business analyst,3,130,197
ch-5844661746,20260904,ch,BA,business analyst,3,129,197
ch-5845481413,20260904,ch,BA,business analyst,3,128,197
ch-5845481413,20260904,ch,BI,business intelligence analyst,1,2,2
ch-5845481413,20260904,ch,DA,data analyst,1,24,33
ch-5846521489,20260904,ch,BA,business analyst,3,127,197
ch-5846526241,20260904,ch,BA,business analyst,3,126,197
ch-5848038718,20260904,ch,BA,business analyst,3,125,197
ch-5848972179,20260904,ch,BA,business analyst,3,124,197
ch-5849618306,20260904,ch,BA,business analyst,3,123,197
ch-5850864273,20260904,ch,BA,business analyst,3,122,197
ch-5851422313,20260904,ch,BA,business analyst,3,121,197
ch-5851683322,20260904,ch,DA,data analyst,1,23,33
ch-5851872574,20260904,ch,BA,business analyst,3,120,197
ch-5852323293,20260904,ch,BA,business analyst,3,119,197
ch-5853039171,20260904,ch,BA,business analyst,3,118,197
ch-5853533474,20260904,ch,BA,business analyst,3,117,197
ch-5853533670,20260904,ch,BA,business analyst,3,116,197
ch-5853593040,20260904,ch,BA,business analyst,3,115,197
ch-5853882183,20260904,ch,DA,data analyst,1,22,33
ch-5853882264,20260904,ch,BA,business analyst,3,114,197
ch-5853882472,20260904,ch,DA,data analyst,1,21,33
ch-5853961952,20260904,ch,DA,data analyst,1,20,33
ch-5853962010,20260904,ch,BA,business analyst,3,113,197
ch-5854357121,20260904,ch,BA,business analyst,3,112,197
ch-5854358837,20260904,ch,BA,business analyst,3,111,197
ch-5854361495,20260904,ch,BA,business analyst,3,110,197
ch-5854361611,20260904,ch,DA,data analyst,1,19,33
ch-5854362058,20260904,ch,BA,business analyst,3,109,197
ch-5854362058,20260904,ch,BI,business intelligence analyst,1,1,2
ch-5854362058,20260904,ch,DA,data analyst,1,18,33
ch-5854362105,20260904,ch,BA,business analyst,3,108,197
ch-5854363607,20260904,ch,BA,business analyst,3,107,197
ch-5854383299,20260904,ch,BA,business analyst,3,106,197
ch-5854558152,20260904,ch,BA,business analyst,3,105,197
ch-5855235962,20260904,ch,BA,business analyst,3,104,197
ch-5855316718,20260904,ch,BA,business analyst,3,103,197
ch-5855319525,20260904,ch,BA,business analyst,3,102,197
ch-5856657226,20260904,ch,BA,business analyst,3,101,197
ch-5856657239,20260904,ch,BA,business analyst,2,100,197
ch-5856657614,20260904,ch,BA,business analyst,2,99,197
ch-5856657772,20260904,ch,BA,business analyst,2,98,197
ch-5856658307,20260904,ch,BA,business analyst,2,96,197
ch-5856658308,20260904,ch,BA,business analyst,2,97,197
ch-5856658308,20260904,ch,DA,data analyst,1,17,33
ch-5856658925,20260904,ch,BA,business analyst,2,95,197
ch-5856659968,20260904,ch,BA,business analyst,2,94,197
ch-5856741570,20260904,ch,BA,business analyst,2,93,197
ch-5856741699,20260904,ch,BA,business analyst,2,92,197
ch-5856742226,20260904,ch,BA,business analyst,2,91,197
ch-5858108261,20260904,ch,BA,business analyst,2,90,197
ch-5858108334,20260904,ch,BA,business analyst,2,89,197
ch-5858108492,20260904,ch,BA,business analyst,2,88,197
ch-5858108772,20260904,ch,BA,business analyst,2,87,197
ch-5858109433,20260904,ch,BA,business analyst,2,86,197
ch-5858109639,20260904,ch,BA,business analyst,2,85,197
ch-5858109692,20260904,ch,BA,business analyst,2,84,197
ch-5858191100,20260904,ch,BA,business analyst,2,83,197
ch-5858191337,20260904,ch,BA,business analyst,2,82,197
ch-5858191352,20260904,ch,DA,data analyst,1,16,33
ch-5858200279,20260904,ch,BA,business analyst,2,81,197
ch-5858655034,20260904,ch,BA,business analyst,2,79,197
ch-5858655034,20260904,ch,DA,data analyst,1,14,33
ch-5858655041,20260904,ch,BA,business analyst,2,80,197
ch-5858655041,20260904,ch,DA,data analyst,1,15,33
ch-5858699531,20260904,ch,DA,data analyst,1,13,33
ch-5858930041,20260904,ch,BA,business analyst,2,78,197
ch-5858930090,20260904,ch,DA,data analyst,1,12,33
ch-5858930499,20260904,ch,DA,data analyst,1,11,33
ch-5858930900,20260904,ch,BA,business analyst,2,77,197
ch-5858930900,20260904,ch,DA,data analyst,1,10,33
ch-5858931856,20260904,ch,BA,business analyst,2,76,197
ch-5859562226,20260904,ch,BA,business analyst,2,75,197
ch-5859562509,20260904,ch,BA,business analyst,2,74,197
ch-5859623248,20260904,ch,BA,business analyst,2,73,197
ch-5859625118,20260904,ch,BA,business analyst,2,72,197
ch-5859625414,20260904,ch,BA,business analyst,2,71,197
ch-5859625738,20260904,ch,BA,business analyst,2,70,197
ch-5860025516,20260904,ch,BI,BI analyst,1,3,4
ch-5860025516,20260904,ch,BA,business analyst,2,69,197
ch-5860025567,20260904,ch,BA,business analyst,2,67,197
ch-5860025591,20260904,ch,BA,business analyst,2,68,197
ch-5860025604,20260904,ch,DA,data analyst,1,9,33
ch-5860954532,20260904,ch,BA,business analyst,2,66,197
ch-5860954677,20260904,ch,BA,business analyst,2,65,197
ch-5861035230,20260904,ch,BA,business analyst,2,64,197
ch-5861038915,20260904,ch,DA,data analyst,1,8,33
ch-5861621182,20260904,ch,DA,data analyst,1,7,33
ch-5861621342,20260904,ch,BA,business analyst,2,63,197
ch-5862206206,20260904,ch,BA,business analyst,2,62,197
ch-5862206270,20260904,ch,DA,data analyst,1,6,33
ch-5862206634,20260904,ch,BA,business analyst,2,61,197
ch-5862212824,20260904,ch,BI,BI analyst,1,2,4
ch-5862212824,20260904,ch,BA,business analyst,2,60,197
ch-5862876803,20260904,ch,BA,business analyst,2,59,197
ch-5862909113,20260904,ch,BA,business analyst,2,58,197
ch-5862911922,20260904,ch,BA,business analyst,2,57,197
ch-5862915600,20260904,ch,BA,business analyst,2,56,197
ch-5863094617,20260904,ch,DA,data analyst,1,5,33
ch-5863591272,20260904,ch,BA,business analyst,2,55,197
ch-5864095581,20260904,ch,BA,business analyst,2,54,197
ch-5864313658,20260904,ch,BA,business analyst,2,53,197
ch-5864313785,20260904,ch,BA,business analyst,2,52,197
ch-5864317496,20260904,ch,BA,business analyst,2,51,197
ch-5864318861,20260904,ch,DA,data analyst,1,4,33
ch-5864319035,20260904,ch,BA,business analyst,1,50,197
ch-5864321835,20260904,ch,BA,business analyst,1,49,197
ch-5864521373,20260904,ch,BA,business analyst,1,48,197
ch-5865208172,20260904,ch,BA,business analyst,1,47,197
ch-5865238768,20260904,ch,BA,business analyst,1,46,197
ch-5866723075,20260904,ch,BA,business analyst,1,45,197
ch-5866773861,20260904,ch,BA,business analyst,1,44,197
ch-5866880941,20260904,ch,BA,business analyst,1,43,197
ch-5866881818,20260904,ch,BA,business analyst,1,42,197
ch-5866881961,20260904,ch,BA,business analyst,1,41,197
ch-5866882433,20260904,ch,BA,business analyst,1,40,197
ch-5866883860,20260904,ch,BA,business analyst,1,39,197
ch-5866885100,20260904,ch,BA,business analyst,1,38,197
ch-5866888539,20260904,ch,BA,business analyst,1,37,197
ch-5866891317,20260904,ch,DA,data analyst,1,3,33
ch-5866892510,20260904,ch,BA,business analyst,1,36,197
ch-5866893383,20260904,ch,BA,business analyst,1,35,197
ch-5867052084,20260904,ch,BA,business analyst,1,34,197
ch-5867052309,20260904,ch,BA,business analyst,1,33,197
ch-5867053397,20260904,ch,BA,business analyst,1,32,197
ch-5867073192,20260904,ch,BA,business analyst,1,31,197
ch-5867073213,20260904,ch,BA,business analyst,1,30,197
ch-5867074233,20260904,ch,BA,business analyst,1,29,197
ch-5867075609,20260904,ch,BA,business analyst,1,28,197
ch-5867084032,20260904,ch,BA,business analyst,1,27,197
ch-5867085074,20260904,ch,BA,business analyst,1,26,197
ch-5867624725,20260904,ch,BA,business analyst,1,25,197
ch-5868666197,20260904,ch,BA,business analyst,1,24,197
ch-5868666937,20260904,ch,BA,business analyst,1,23,197
ch-5868667867,20260904,ch,BA,business analyst,1,22,197
ch-5868668405,20260904,ch,BA,business analyst,1,21,197
ch-5868668610,20260904,ch,BA,business analyst,1,20,197
ch-5868880783,20260904,ch,BI,BI analyst,1,1,4
ch-5868880783,20260904,ch,BA,business analyst,1,19,197
ch-5868880944,20260904,ch,DA,data analyst,1,2,33
ch-5868882186,20260904,ch,BA,business analyst,1,18,197
ch-5868886922,20260904,ch,BA,business analyst,1,17,197
ch-5868887400,20260904,ch,BA,business analyst,1,16,197
ch-5868888097,20260904,ch,BA,business analyst,1,15,197
ch-5869532600,20260904,ch,BA,business analyst,1,14,197
ch-5870421670,20260904,ch,BA,business analyst,1,13,197
ch-5870422413,20260904,ch,BA,business analyst,1,12,197
ch-5870422551,20260904,ch,BA,business analyst,1,11,197
ch-5870422848,20260904,ch,BA,business analyst,1,10,197
ch-5870423336,20260904,ch,BA,business analyst,1,9,197
ch-5870423531,20260904,ch,BA,business analyst,1,8,197
ch-5870580469,20260904,ch,BA,business analyst,1,7,197
ch-5870580585,20260904,ch,BA,business analyst,1,6,197
ch-5870590169,20260904,ch,BA,business analyst,1,5,197
ch-5870590503,20260904,ch,BA,business analyst,1,4,197
ch-5870592926,20260904,ch,DA,data analyst,1,1,33
ch-5870595035,20260904,ch,BA,business analyst,1,3,197
ch-5870595201,20260904,ch,BA,business analyst,1,2,197
ch-5870597130,20260904,ch,BA,business analyst,1,1,197
de-5330215394,20260904,de,BI,BI analyst,1,24,24
de-5479764604,20260904,de,BI,BI analyst,1,23,24
de-5485143529,20260904,de,DA,datenanalyst,1,34,34
de-5576705961,20260904,de,DA,datenanalyst,1,33,34
de-5622127807,20260904,de,DA,datenanalyst,1,32,34
de-5632671837,20260904,de,DA,datenanalyst,1,31,34
de-5727102241,20260904,de,BI,business intelligence analyst,1,20,20
de-5727297937,20260904,de,BI,BI analyst,1,22,24
de-5746660312,20260904,de,BI,business intelligence analyst,1,19,20
de-5751150763,20260904,de,BI,BI analyst,1,21,24
de-5774396511,20260904,de,BI,BI analyst,1,20,24
de-5784282088,20260904,de,DA,data analyst,5,250,319
de-5786675236,20260904,de,DA,data analyst,5,249,319
de-5786675237,20260904,de,DA,data analyst,5,248,319
de-5786679727,20260904,de,DA,data analyst,5,247,319
de-5787325956,20260904,de,DA,datenanalyst,1,30,34
de-5787618351,20260904,de,DA,data analyst,5,246,319
de-5788489663,20260904,de,DA,data analyst,5,245,319
de-5791613467,20260904,de,DA,data analyst,5,244,319
de-5793217303,20260904,de,DA,datenanalyst,1,29,34
de-5793393035,20260904,de,DA,data analyst,5,243,319
de-5794024968,20260904,de,DA,data analyst,5,242,319
de-5794789776,20260904,de,DA,data analyst,5,241,319
de-5794801891,20260904,de,DA,data analyst,5,240,319
de-5796235359,20260904,de,BI,BI analyst,1,19,24
de-5798313105,20260904,de,DA,data analyst,5,239,319
de-5799974240,20260904,de,DA,data analyst,5,238,319
de-5801823022,20260904,de,DA,data analyst,5,237,319
de-5802935348,20260904,de,DA,data analyst,5,235,319
de-5802935351,20260904,de,DA,data analyst,5,236,319
de-5802941272,20260904,de,DA,data analyst,5,234,319
de-5802961901,20260904,de,BI,BI analyst,1,18,24
de-5802963262,20260904,de,DA,data analyst,5,233,319
de-5802969084,20260904,de,DA,data analyst,5,232,319
de-5802971414,20260904,de,DA,data analyst,5,231,319
de-5802975615,20260904,de,DA,data analyst,5,230,319
de-5802980918,20260904,de,DA,data analyst,5,229,319
de-5802987103,20260904,de,DA,data analyst,5,228,319
de-5803454368,20260904,de,DA,data analyst,5,227,319
de-5803923930,20260904,de,DA,datenanalyst,1,28,34
de-5803943655,20260904,de,DA,data analyst,5,226,319
de-5804545971,20260904,de,DA,data analyst,5,225,319
de-5804553762,20260904,de,BI,BI analyst,1,17,24
de-5804554931,20260904,de,DA,data analyst,5,224,319
de-5805353472,20260904,de,DA,data analyst,5,223,319
de-5806175401,20260904,de,DA,data analyst,5,222,319
de-5808204469,20260904,de,DA,datenanalyst,1,27,34
de-5808545407,20260904,de,DA,data analyst,5,221,319
de-5808554689,20260904,de,DA,data analyst,5,220,319
de-5809361546,20260904,de,DA,datenanalyst,1,26,34
de-5810334767,20260904,de,DA,datenanalyst,1,25,34
de-5810565879,20260904,de,DA,data analyst,5,219,319
de-5811155558,20260904,de,DA,data analyst,5,218,319
de-5811747254,20260904,de,DA,data analyst,5,217,319
de-5812407986,20260904,de,DA,data analyst,5,216,319
de-5812644167,20260904,de,DA,data analyst,5,215,319
de-5813675699,20260904,de,DA,data analyst,5,214,319
de-5816408231,20260904,de,DA,data analyst,5,213,319
de-5816408358,20260904,de,DA,data analyst,5,212,319
de-5816415778,20260904,de,BI,BI analyst,1,16,24
de-5816491278,20260904,de,DA,datenanalyst,1,24,34
de-5821137355,20260904,de,DA,data analyst,5,211,319
de-5821322166,20260904,de,DA,data analyst,5,210,319
de-5824172469,20260904,de,DA,data analyst,5,209,319
de-5825713005,20260904,de,DA,data analyst,5,208,319
de-5825713188,20260904,de,DA,data analyst,5,207,319
de-5825767190,20260904,de,DA,data analyst,5,206,319
de-5825806283,20260904,de,DA,data analyst,5,205,319
de-5827630039,20260904,de,DA,data analyst,5,204,319
de-5828967910,20260904,de,DA,data analyst,5,203,319
de-5829149175,20260904,de,BI,business intelligence analyst,1,18,20
de-5829292588,20260904,de,DA,data analyst,5,202,319
de-5829928770,20260904,de,DA,data analyst,5,201,319
de-5830637305,20260904,de,BI,BI analyst,1,15,24
de-5830637305,20260904,de,DA,data analyst,4,200,319
de-5830749157,20260904,de,DA,data analyst,4,199,319
de-5831313567,20260904,de,DA,data analyst,4,198,319
de-5831958852,20260904,de,DA,data analyst,4,197,319
de-5831968659,20260904,de,DA,data analyst,4,196,319
de-5832180650,20260904,de,DA,data analyst,4,195,319
de-5832194729,20260904,de,DA,data analyst,4,194,319
de-5833425418,20260904,de,DA,data analyst,4,193,319
de-5833425456,20260904,de,DA,data analyst,4,192,319
de-5833592056,20260904,de,DA,data analyst,4,191,319
de-5833598668,20260904,de,DA,data analyst,4,190,319
de-5833618547,20260904,de,DA,data analyst,4,189,319
de-5833647960,20260904,de,DA,data analyst,4,188,319
de-5833708491,20260904,de,DA,data analyst,4,187,319
de-5834385116,20260904,de,DA,data analyst,4,186,319
de-5834803083,20260904,de,BI,business intelligence analyst,1,17,20
de-5834805252,20260904,de,BI,business intelligence analyst,1,16,20
de-5834805252,20260904,de,DA,data analyst,4,185,319
de-5834806004,20260904,de,BI,BI analyst,1,14,24
de-5834806004,20260904,de,DA,data analyst,4,184,319
de-5835180910,20260904,de,BI,BI analyst,1,13,24
de-5835234446,20260904,de,BI,BI analyst,1,12,24
de-5835493879,20260904,de,DA,datenanalyst,1,23,34
de-5835515492,20260904,de,BI,BI analyst,1,11,24
de-5835557994,20260904,de,BI,BI analyst,1,10,24
de-5835557994,20260904,de,DA,data analyst,4,183,319
de-5835783804,20260904,de,DA,data analyst,4,182,319
de-5835794982,20260904,de,DA,data analyst,4,181,319
de-5835856791,20260904,de,BI,BI analyst,1,9,24
de-5837408063,20260904,de,DA,data analyst,4,180,319
de-5837408063,20260904,de,DA,datenanalyst,1,22,34
de-5837631451,20260904,de,DA,data analyst,4,179,319
de-5837631451,20260904,de,DA,datenanalyst,1,21,34
de-5838216392,20260904,de,DA,data analyst,4,178,319
de-5838375932,20260904,de,DA,data analyst,4,177,319
de-5838611141,20260904,de,DA,data analyst,4,176,319
de-5838745256,20260904,de,DA,data analyst,4,175,319
de-5840262921,20260904,de,DA,data analyst,4,174,319
de-5840355044,20260904,de,DA,data analyst,4,173,319
de-5840508797,20260904,de,DA,data analyst,4,172,319
de-5841890799,20260904,de,DA,data analyst,4,171,319
de-5841997634,20260904,de,DA,data analyst,4,170,319
de-5842039733,20260904,de,DA,data analyst,4,169,319
de-5842047732,20260904,de,DA,data analyst,4,168,319
de-5842069766,20260904,de,DA,data analyst,4,167,319
de-5842729684,20260904,de,DA,data analyst,4,166,319
de-5843162084,20260904,de,DA,data analyst,4,165,319
de-5843240583,20260904,de,DA,data analyst,4,164,319
de-5843300954,20260904,de,DA,data analyst,4,163,319
de-5843304926,20260904,de,DA,data analyst,4,162,319
de-5844198313,20260904,de,BI,BI analyst,1,8,24
de-5844372604,20260904,de,DA,data analyst,4,161,319
de-5845778274,20260904,de,DA,data analyst,4,160,319
de-5845897971,20260904,de,DA,data analyst,4,159,319
de-5847068515,20260904,de,DA,data analyst,4,158,319
de-5847435609,20260904,de,DA,datenanalyst,1,20,34
de-5847626132,20260904,de,DA,data analyst,4,157,319
de-5847687462,20260904,de,DA,data analyst,4,156,319
de-5847722529,20260904,de,DA,data analyst,4,155,319
de-5848032631,20260904,de,DA,data analyst,4,154,319
de-5848115620,20260904,de,BI,BI analyst,1,7,24
de-5848115620,20260904,de,DA,data analyst,4,153,319
de-5848128975,20260904,de,DA,data analyst,4,152,319
de-5848232080,20260904,de,DA,data analyst,4,151,319
de-5848345509,20260904,de,DA,data analyst,3,150,319
de-5848496731,20260904,de,DA,data analyst,3,149,319
de-5848533692,20260904,de,DA,data analyst,3,148,319
de-5848586738,20260904,de,DA,data analyst,3,147,319
de-5849082736,20260904,de,DA,datenanalyst,1,19,34
de-5849183765,20260904,de,DA,data analyst,3,146,319
de-5849251398,20260904,de,DA,data analyst,3,145,319
de-5849315005,20260904,de,DA,data analyst,3,144,319
de-5849325391,20260904,de,DA,data analyst,3,143,319
de-5849585787,20260904,de,DA,data analyst,3,142,319
de-5849585790,20260904,de,DA,data analyst,3,141,319
de-5849769507,20260904,de,DA,data analyst,3,140,319
de-5849808301,20260904,de,DA,data analyst,3,139,319
de-5850001762,20260904,de,DA,data analyst,3,138,319
de-5850159030,20260904,de,DA,data analyst,3,137,319
de-5850165033,20260904,de,DA,data analyst,3,136,319
de-5850417363,20260904,de,DA,data analyst,3,135,319
de-5850731785,20260904,de,DA,data analyst,3,134,319
de-5851207580,20260904,de,DA,data analyst,3,133,319
de-5851307364,20260904,de,DA,data analyst,3,132,319
de-5851313135,20260904,de,DA,data analyst,3,131,319
de-5851326698,20260904,de,DA,data analyst,3,130,319
de-5851345939,20260904,de,DA,datenanalyst,1,18,34
de-5852181999,20260904,de,DA,data analyst,3,129,319
de-5852480853,20260904,de,DA,data analyst,3,128,319
de-5852554192,20260904,de,DA,data analyst,3,127,319
de-5852577992,20260904,de,DA,data analyst,3,126,319
de-5852710200,20260904,de,DA,datenanalyst,1,17,34
de-5853561751,20260904,de,DA,datenanalyst,1,16,34
de-5853565462,20260904,de,DA,data analyst,3,125,319
de-5853565462,20260904,de,DA,datenanalyst,1,15,34
de-5853621838,20260904,de,DA,data analyst,3,124,319
de-5854367551,20260904,de,DA,data analyst,3,122,319
de-5854367552,20260904,de,DA,data analyst,3,123,319
de-5854419151,20260904,de,DA,datenanalyst,1,14,34
de-5854422641,20260904,de,DA,data analyst,3,121,319
de-5854427911,20260904,de,DA,data analyst,3,120,319
de-5854478390,20260904,de,DA,data analyst,3,119,319
de-5854692629,20260904,de,DA,data analyst,3,118,319
de-5854821554,20260904,de,DA,data analyst,3,117,319
de-5855327520,20260904,de,DA,data analyst,3,116,319
de-5855434419,20260904,de,DA,data analyst,3,115,319
de-5855435937,20260904,de,BI,business intelligence analyst,1,15,20
de-5855591218,20260904,de,BI,business intelligence analyst,1,14,20
de-5855591218,20260904,de,DA,data analyst,3,114,319
de-5855599314,20260904,de,DA,data analyst,3,113,319
de-5856263806,20260904,de,DA,datenanalyst,1,13,34
de-5856263876,20260904,de,BI,BI analyst,1,6,24
de-5856263876,20260904,de,DA,data analyst,3,112,319
de-5856263975,20260904,de,BI,business intelligence analyst,1,13,20
de-5856263975,20260904,de,DA,data analyst,3,111,319
de-5856505606,20260904,de,DA,datenanalyst,1,12,34
de-5856676532,20260904,de,DA,data analyst,3,110,319
de-5856974440,20260904,de,DA,data analyst,3,109,319
de-5857113284,20260904,de,DA,data analyst,3,108,319
de-5857315270,20260904,de,DA,data analyst,3,107,319
de-5857319234,20260904,de,DA,data analyst,3,106,319
de-5857626297,20260904,de,DA,data analyst,3,105,319
de-5857805575,20260904,de,DA,data analyst,3,104,319
de-5857993681,20260904,de,DA,data analyst,3,103,319
de-5858005152,20260904,de,BI,business intelligence analyst,1,12,20
de-5858169364,20260904,de,DA,data analyst,3,102,319
de-5858186004,20260904,de,DA,data analyst,3,101,319
de-5858230960,20260904,de,DA,data analyst,2,100,319
de-5858237375,20260904,de,DA,data analyst,2,99,319
de-5858241214,20260904,de,DA,data analyst,2,97,319
de-5858241215,20260904,de,DA,data analyst,2,89,319
de-5858241216,20260904,de,DA,data analyst,2,96,319
de-5858241217,20260904,de,DA,data analyst,2,92,319
de-5858241220,20260904,de,DA,data analyst,2,94,319
de-5858241222,20260904,de,DA,data analyst,2,91,319
de-5858241224,20260904,de,DA,data analyst,2,98,319
de-5858241225,20260904,de,DA,data analyst,2,95,319
de-5858241230,20260904,de,DA,data analyst,2,88,319
de-5858241232,20260904,de,DA,data analyst,2,90,319
de-5858241233,20260904,de,DA,data analyst,2,93,319
de-5858241234,20260904,de,DA,data analyst,2,79,319
de-5858241235,20260904,de,DA,data analyst,2,84,319
de-5858241236,20260904,de,DA,data analyst,2,82,319
de-5858241237,20260904,de,DA,data analyst,2,80,319
de-5858241238,20260904,de,DA,data analyst,2,86,319
de-5858241239,20260904,de,DA,data analyst,2,78,319
de-5858241240,20260904,de,DA,data analyst,2,85,319
de-5858241241,20260904,de,DA,data analyst,2,87,319
de-5858241243,20260904,de,DA,data analyst,2,83,319
de-5858241244,20260904,de,DA,data analyst,2,81,319
de-5858241247,20260904,de,DA,data analyst,2,77,319
de-5858242933,20260904,de,BI,business intelligence analyst,1,11,20
de-5858265769,20260904,de,DA,data analyst,2,76,319
de-5858329815,20260904,de,DA,data analyst,2,75,319
de-5858487962,20260904,de,DA,datenanalyst,1,11,34
de-5858502266,20260904,de,DA,data analyst,2,74,319
de-5858502452,20260904,de,DA,data analyst,2,73,319
de-5858506058,20260904,de,DA,datenanalyst,1,10,34
de-5858512268,20260904,de,DA,data analyst,2,72,319
de-5858577600,20260904,de,BI,business intelligence analyst,1,10,20
de-5858577600,20260904,de,DA,data analyst,2,71,319
de-5858661082,20260904,de,DA,data analyst,2,70,319
de-5858728979,20260904,de,DA,data analyst,2,69,319
de-5858838387,20260904,de,DA,data analyst,2,68,319
de-5858907192,20260904,de,BI,business intelligence analyst,1,9,20
de-5858907192,20260904,de,DA,data analyst,2,67,319
de-5859138453,20260904,de,DA,data analyst,2,66,319
de-5859138618,20260904,de,DA,data analyst,2,65,319
de-5859165714,20260904,de,DA,data analyst,2,64,319
de-5859654609,20260904,de,DA,data analyst,2,62,319
de-5859654610,20260904,de,DA,data analyst,2,61,319
de-5859654611,20260904,de,DA,data analyst,2,63,319
de-5859871991,20260904,de,DA,data analyst,2,60,319
de-5859890717,20260904,de,DA,data analyst,2,59,319
de-5859891409,20260904,de,DA,data analyst,2,58,319
de-5860576256,20260904,de,DA,data analyst,2,57,319
de-5860672349,20260904,de,DA,data analyst,2,56,319
de-5860798575,20260904,de,DA,data analyst,2,55,319
de-5861202126,20260904,de,DA,data analyst,2,54,319
de-5861225956,20260904,de,DA,datenanalyst,1,9,34
de-5861307583,20260904,de,DA,data analyst,2,53,319
de-5861314826,20260904,de,DA,data analyst,2,52,319
de-5861994508,20260904,de,BA,business analyst,5,250,919
de-5861994826,20260904,de,BA,business analyst,5,242,919
de-5861994827,20260904,de,BA,business analyst,5,244,919
de-5861994828,20260904,de,BA,business analyst,5,249,919
de-5861994829,20260904,de,BA,business analyst,5,246,919
de-5861994830,20260904,de,BA,business analyst,5,248,919
de-5861994831,20260904,de,BA,business analyst,5,247,919
de-5861994832,20260904,de,BA,business analyst,5,243,919
de-5861994834,20260904,de,BA,business analyst,5,245,919
de-5861994844,20260904,de,DA,data analyst,1,50,319
de-5861994845,20260904,de,DA,data analyst,2,51,319
de-5861994868,20260904,de,BA,business analyst,5,241,919
de-5861994868,20260904,de,DA,data analyst,1,49,319
de-5862007375,20260904,de,BA,business analyst,5,240,919
de-5862012082,20260904,de,BA,business analyst,5,239,919
de-5862103183,20260904,de,DA,data analyst,1,48,319
de-5862118873,20260904,de,DA,data analyst,1,47,319
de-5862125839,20260904,de,DA,datenanalyst,1,8,34
de-5862258978,20260904,de,BA,business analyst,5,238,919
de-5862288338,20260904,de,BA,business analyst,5,237,919
de-5862329433,20260904,de,BA,business analyst,5,236,919
de-5862714695,20260904,de,BA,business analyst,5,235,919
de-5862716394,20260904,de,BA,business analyst,5,234,919
de-5862717574,20260904,de,BA,business analyst,5,233,919
de-5862806904,20260904,de,BA,business analyst,5,231,919
de-5862806906,20260904,de,BA,business analyst,5,232,919
de-5862806907,20260904,de,BA,business analyst,5,230,919
de-5862806951,20260904,de,DA,data analyst,1,46,319
de-5862897810,20260904,de,BA,business analyst,5,229,919
de-5862977730,20260904,de,BA,business analyst,5,227,919
de-5862977733,20260904,de,BA,business analyst,5,228,919
de-5862977741,20260904,de,BA,business analyst,5,226,919
de-5862979192,20260904,de,BA,business analyst,5,225,919
de-5862980122,20260904,de,BA,business analyst,5,224,919
de-5862980478,20260904,de,BA,business analyst,5,223,919
de-5862980652,20260904,de,BA,business analyst,5,222,919
de-5863094623,20260904,de,DA,data analyst,1,45,319
de-5863104389,20260904,de,BA,business analyst,5,221,919
de-5863125365,20260904,de,BA,business analyst,5,220,919
de-5863125463,20260904,de,BA,business analyst,5,219,919
de-5863142101,20260904,de,BA,business analyst,5,218,919
de-5863447350,20260904,de,BA,business analyst,5,217,919
de-5863503315,20260904,de,BA,business analyst,5,216,919
de-5863612058,20260904,de,BA,business analyst,5,215,919
de-5863612058,20260904,de,DA,data analyst,1,44,319
de-5863750862,20260904,de,BA,business analyst,5,214,919
de-5863752809,20260904,de,BA,business analyst,5,213,919
de-5863811463,20260904,de,DA,data analyst,1,43,319
de-5864048150,20260904,de,DA,data analyst,1,42,319
de-5864048151,20260904,de,DA,data analyst,1,40,319
de-5864048154,20260904,de,DA,data analyst,1,41,319
de-5864048165,20260904,de,BA,business analyst,5,212,919
de-5864048178,20260904,de,BA,business analyst,5,211,919
de-5864048207,20260904,de,BA,business analyst,5,210,919
de-5864048209,20260904,de,BA,business analyst,5,209,919
de-5864593761,20260904,de,DA,data analyst,1,39,319
de-5864749736,20260904,de,BA,business analyst,5,207,919
de-5864749737,20260904,de,BA,business analyst,5,208,919
de-5864749745,20260904,de,BA,business analyst,5,202,919
de-5864749751,20260904,de,BA,business analyst,5,203,919
de-5864749756,20260904,de,BA,business analyst,5,206,919
de-5864749772,20260904,de,BA,business analyst,5,201,919
de-5864749782,20260904,de,BA,business analyst,5,205,919
de-5864749788,20260904,de,BA,business analyst,5,204,919
de-5864751829,20260904,de,DA,data analyst,1,38,319
de-5864752274,20260904,de,BA,business analyst,4,200,919
de-5864752337,20260904,de,BA,business analyst,4,199,919
de-5864752337,20260904,de,DA,data analyst,1,37,319
de-5864753942,20260904,de,BA,business analyst,4,198,919
de-5864754317,20260904,de,BA,business analyst,4,195,919
de-5864754326,20260904,de,BA,business analyst,4,196,919
de-5864754327,20260904,de,BA,business analyst,4,194,919
de-5864754340,20260904,de,BA,business analyst,4,197,919
de-5864754347,20260904,de,BA,business analyst,4,193,919
de-5864754351,20260904,de,BA,business analyst,4,181,919
de-5864754352,20260904,de,BA,business analyst,4,182,919
de-5864754355,20260904,de,BA,business analyst,4,192,919
de-5864754356,20260904,de,BA,business analyst,4,184,919
de-5864754357,20260904,de,BA,business analyst,4,188,919
de-5864754360,20260904,de,BA,business analyst,4,186,919
de-5864754361,20260904,de,BA,business analyst,4,187,919
de-5864754368,20260904,de,BA,business analyst,4,190,919
de-5864754374,20260904,de,BA,business analyst,4,183,919
de-5864754377,20260904,de,BA,business analyst,4,185,919
de-5864754379,20260904,de,BA,business analyst,4,191,919
de-5864754412,20260904,de,BA,business analyst,4,189,919
de-5864754493,20260904,de,BA,business analyst,4,180,919
de-5864754539,20260904,de,BA,business analyst,4,179,919
de-5864785135,20260904,de,BA,business analyst,4,178,919
de-5864795879,20260904,de,DA,datenanalyst,1,7,34
de-5864798580,20260904,de,BA,business analyst,4,177,919
de-5864798765,20260904,de,BA,business analyst,4,176,919
de-5864807023,20260904,de,BA,business analyst,4,175,919
de-5864807653,20260904,de,BA,business analyst,4,174,919
de-5865026942,20260904,de,BA,business analyst,4,173,919
de-5865037184,20260904,de,BA,business analyst,4,172,919
de-5865131385,20260904,de,BA,business analyst,4,171,919
de-5865131791,20260904,de,BA,business analyst,4,170,919
de-5865131899,20260904,de,BA,business analyst,4,169,919
de-5865132455,20260904,de,DA,data analyst,1,36,319
de-5865133388,20260904,de,DA,data analyst,1,35,319
de-5865134979,20260904,de,BA,business analyst,4,168,919
de-5865136526,20260904,de,BA,business analyst,4,167,919
de-5865142866,20260904,de,BA,business analyst,4,166,919
de-5865142866,20260904,de,BI,business intelligence analyst,1,8,20
de-5865242906,20260904,de,BA,business analyst,4,165,919
de-5865808146,20260904,de,BA,business analyst,4,164,919
de-5865808878,20260904,de,BA,business analyst,4,163,919
de-5865823718,20260904,de,BA,business analyst,4,162,919
de-5865823718,20260904,de,BI,business intelligence analyst,1,7,20
de-5865994095,20260904,de,BA,business analyst,4,161,919
de-5866020234,20260904,de,BA,business analyst,4,160,919
de-5866120252,20260904,de,BA,business analyst,4,159,919
de-5866229420,20260904,de,BA,business analyst,4,158,919
de-5866285263,20260904,de,BA,business analyst,4,157,919
de-5866312660,20260904,de,DA,data analyst,1,34,319
de-5866320361,20260904,de,BA,business analyst,4,156,919
de-5866324951,20260904,de,BA,business analyst,4,155,919
de-5866342213,20260904,de,BA,business analyst,4,154,919
de-5866343995,20260904,de,BA,business analyst,4,153,919
de-5866572896,20260904,de,BA,business analyst,4,152,919
de-5866676670,20260904,de,BA,business analyst,3,150,919
de-5866676672,20260904,de,BA,business analyst,4,151,919
de-5866676779,20260904,de,BA,business analyst,3,148,919
de-5866676782,20260904,de,BA,business analyst,3,149,919
de-5866676789,20260904,de,BA,business analyst,3,147,919
de-5866676790,20260904,de,BA,business analyst,3,146,919
de-5866676792,20260904,de,BA,business analyst,3,145,919
de-5866676799,20260904,de,BA,business analyst,3,143,919
de-5866676803,20260904,de,BA,business analyst,3,144,919
de-5866676853,20260904,de,BA,business analyst,3,142,919
de-5866676876,20260904,de,BA,business analyst,3,141,919
de-5866677108,20260904,de,BA,business analyst,3,140,919
de-5866677158,20260904,de,BA,business analyst,3,139,919
de-5866919183,20260904,de,BA,business analyst,3,138,919
de-5866919499,20260904,de,BA,business analyst,3,137,919
de-5866943465,20260904,de,BA,business analyst,3,136,919
de-5867004154,20260904,de,DA,data analyst,1,33,319
de-5867040194,20260904,de,BA,business analyst,3,135,919
de-5867067715,20260904,de,BA,business analyst,3,134,919
de-5867100794,20260904,de,BA,business analyst,3,133,919
de-5867100988,20260904,de,BA,business analyst,3,132,919
de-5867128805,20260904,de,DA,data analyst,1,32,319
de-5867197926,20260904,de,BA,business analyst,3,131,919
de-5867197926,20260904,de,DA,data analyst,1,31,319
de-5867219861,20260904,de,BA,business analyst,3,130,919
de-5867225687,20260904,de,BA,business analyst,3,129,919
de-5867235006,20260904,de,BA,business analyst,3,128,919
de-5867251090,20260904,de,BA,business analyst,3,127,919
de-5867259205,20260904,de,BA,business analyst,3,126,919
de-5867264784,20260904,de,DA,data analyst,1,30,319
de-5867276716,20260904,de,DA,data analyst,1,29,319
de-5867280962,20260904,de,BA,business analyst,3,125,919
de-5867307429,20260904,de,DA,data analyst,1,28,319
de-5867424176,20260904,de,BA,business analyst,3,124,919
de-5867425265,20260904,de,BA,business analyst,3,123,919
de-5867425839,20260904,de,BA,business analyst,3,122,919
de-5867425839,20260904,de,DA,data analyst,1,27,319
de-5867426501,20260904,de,BA,business analyst,3,121,919
de-5867429706,20260904,de,BA,business analyst,3,120,919
de-5867436476,20260904,de,BA,business analyst,3,119,919
de-5867471986,20260904,de,BA,business analyst,3,118,919
de-5867625023,20260904,de,BA,business analyst,3,117,919
de-5867754936,20260904,de,BA,business analyst,3,116,919
de-5867799719,20260904,de,BA,business analyst,3,115,919
de-5867875799,20260904,de,BA,business analyst,3,114,919
de-5868095631,20260904,de,BA,business analyst,3,113,919
de-5868096405,20260904,de,BA,business analyst,3,112,919
de-5868154580,20260904,de,BA,business analyst,3,111,919
de-5868154596,20260904,de,BI,BI analyst,1,5,24
de-5868154596,20260904,de,BA,business analyst,3,110,919
de-5868154596,20260904,de,DA,data analyst,1,26,319
de-5868157312,20260904,de,BA,business analyst,3,109,919
de-5868158056,20260904,de,DA,data analyst,1,25,319
de-5868413388,20260904,de,BA,business analyst,3,108,919
de-5868413742,20260904,de,BA,business analyst,3,106,919
de-5868413775,20260904,de,BA,business analyst,3,107,919
de-5868413877,20260904,de,BA,business analyst,3,105,919
de-5868413976,20260904,de,BA,business analyst,3,102,919
de-5868414016,20260904,de,BA,business analyst,3,103,919
de-5868414052,20260904,de,BA,business analyst,3,104,919
de-5868414177,20260904,de,BA,business analyst,2,100,919
de-5868414256,20260904,de,BA,business analyst,3,101,919
de-5868414943,20260904,de,BA,business analyst,2,99,919
de-5868438277,20260904,de,BA,business analyst,2,98,919
de-5868439002,20260904,de,BA,business analyst,2,97,919
de-5868510508,20260904,de,BA,business analyst,2,96,919
de-5868510509,20260904,de,BA,business analyst,2,95,919
de-5868510515,20260904,de,BA,business analyst,2,93,919
de-5868510521,20260904,de,BA,business analyst,2,94,919
de-5868510591,20260904,de,BA,business analyst,2,92,919
de-5868510699,20260904,de,DA,data analyst,1,24,319
de-5868510978,20260904,de,BA,business analyst,2,90,919
de-5868510981,20260904,de,BA,business analyst,2,91,919
de-5868544356,20260904,de,DA,data analyst,1,23,319
de-5868544357,20260904,de,BA,business analyst,2,89,919
de-5868866488,20260904,de,BI,BI analyst,1,4,24
de-5868866488,20260904,de,BA,business analyst,2,88,919
de-5868866488,20260904,de,BI,business intelligence analyst,1,6,20
de-5868866488,20260904,de,DA,data analyst,1,22,319
de-5868866830,20260904,de,BA,business analyst,2,87,919
de-5868889250,20260904,de,BA,business analyst,2,86,919
de-5868892625,20260904,de,DA,data analyst,1,21,319
de-5868892803,20260904,de,BA,business analyst,2,85,919
de-5868892953,20260904,de,DA,data analyst,1,20,319
de-5868893288,20260904,de,BA,business analyst,2,84,919
de-5868893289,20260904,de,BA,business analyst,2,82,919
de-5868893290,20260904,de,BA,business analyst,2,83,919
de-5869038599,20260904,de,BA,business analyst,2,81,919
de-5869038924,20260904,de,BA,business analyst,2,80,919
de-5869039336,20260904,de,BA,business analyst,2,79,919
de-5869065953,20260904,de,BA,business analyst,2,78,919
de-5869066507,20260904,de,DA,data analyst,1,19,319
de-5869067487,20260904,de,DA,data analyst,1,18,319
de-5869069622,20260904,de,BA,business analyst,2,77,919
de-5869074477,20260904,de,BA,business analyst,2,76,919
de-5869074778,20260904,de,BA,business analyst,2,75,919
de-5869076623,20260904,de,BI,BI analyst,1,3,24
de-5869077840,20260904,de,BA,business analyst,2,74,919
de-5869094793,20260904,de,BA,business analyst,2,73,919
de-5869098548,20260904,de,DA,datenanalyst,1,6,34
de-5869104255,20260904,de,DA,data analyst,1,17,319
de-5869106663,20260904,de,BA,business analyst,2,72,919
de-5869116933,20260904,de,BA,business analyst,2,71,919
de-5869149600,20260904,de,DA,datenanalyst,1,5,34
de-5869154698,20260904,de,BA,business analyst,2,70,919
de-5869210764,20260904,de,BA,business analyst,2,69,919
de-5869212189,20260904,de,DA,data analyst,1,16,319
de-5869219989,20260904,de,BA,business analyst,2,68,919
de-5869221531,20260904,de,BA,business analyst,2,67,919
de-5869226460,20260904,de,BA,business analyst,2,66,919
de-5869245425,20260904,de,BA,business analyst,2,65,919
de-5869245425,20260904,de,BI,business intelligence analyst,1,5,20
de-5869253554,20260904,de,BA,business analyst,2,64,919
de-5869270408,20260904,de,BA,business analyst,2,63,919
de-5869272970,20260904,de,BA,business analyst,2,62,919
de-5869282795,20260904,de,BA,business analyst,2,61,919
de-5869315725,20260904,de,DA,data analyst,1,15,319
de-5869328958,20260904,de,BA,business analyst,2,60,919
de-5869335341,20260904,de,BA,business analyst,2,59,919
de-5869348795,20260904,de,BA,business analyst,2,58,919
de-5869350463,20260904,de,BA,business analyst,2,57,919
de-5869350809,20260904,de,DA,datenanalyst,1,4,34
de-5869352706,20260904,de,BA,business analyst,2,56,919
de-5869355095,20260904,de,BA,business analyst,2,55,919
de-5869358608,20260904,de,BA,business analyst,2,54,919
de-5869375999,20260904,de,BA,business analyst,2,53,919
de-5869384550,20260904,de,BA,business analyst,2,52,919
de-5869476112,20260904,de,BA,business analyst,2,51,919
de-5869476698,20260904,de,BI,BI analyst,1,2,24
de-5869476698,20260904,de,BA,business analyst,1,50,919
de-5869476698,20260904,de,BI,business intelligence analyst,1,4,20
de-5869476698,20260904,de,DA,data analyst,1,14,319
de-5869477230,20260904,de,BA,business analyst,1,49,919
de-5869477230,20260904,de,BI,business intelligence analyst,1,3,20
de-5869477364,20260904,de,BA,business analyst,1,48,919
de-5869477484,20260904,de,BA,business analyst,1,47,919
de-5869478700,20260904,de,BA,business analyst,1,46,919
de-5869545707,20260904,de,BA,business analyst,1,45,919
de-5869551157,20260904,de,BA,business analyst,1,44,919
de-5869566040,20260904,de,BA,business analyst,1,43,919
de-5869665297,20260904,de,BA,business analyst,1,42,919
de-5869665297,20260904,de,BI,business intelligence analyst,1,2,20
de-5869665493,20260904,de,BA,business analyst,1,41,919
de-5869699754,20260904,de,BA,business analyst,1,40,919
de-5869732144,20260904,de,BA,business analyst,1,39,919
de-5869749365,20260904,de,DA,data analyst,1,13,319
de-5869782567,20260904,de,BA,business analyst,1,38,919
de-5869847740,20260904,de,BI,BI analyst,1,1,24
de-5869847740,20260904,de,BA,business analyst,1,37,919
de-5869847740,20260904,de,BI,business intelligence analyst,1,1,20
de-5869847740,20260904,de,DA,data analyst,1,12,319
de-5869898325,20260904,de,BA,business analyst,1,36,919
de-5869898326,20260904,de,BA,business analyst,1,35,919
de-5869899249,20260904,de,BA,business analyst,1,34,919
de-5869911785,20260904,de,BA,business analyst,1,32,919
de-5869911804,20260904,de,BA,business analyst,1,33,919
de-5869911834,20260904,de,BA,business analyst,1,31,919
de-5869912761,20260904,de,BA,business analyst,1,30,919
de-5869925486,20260904,de,BA,business analyst,1,29,919
de-5869931289,20260904,de,DA,data analyst,1,11,319
de-5869940907,20260904,de,BA,business analyst,1,28,919
de-5869942909,20260904,de,BA,business analyst,1,27,919
de-5869943105,20260904,de,DA,datenanalyst,1,3,34
de-5869944259,20260904,de,DA,datenanalyst,1,2,34
de-5869945145,20260904,de,DA,data analyst,1,10,319
de-5869948843,20260904,de,BA,business analyst,1,26,919
de-5869956343,20260904,de,DA,data analyst,1,9,319
de-5869958116,20260904,de,BA,business analyst,1,25,919
de-5869962979,20260904,de,BA,business analyst,1,24,919
de-5869963720,20260904,de,DA,data analyst,1,8,319
de-5869963727,20260904,de,BA,business analyst,1,23,919
de-5869963769,20260904,de,BA,business analyst,1,22,919
de-5869964038,20260904,de,BA,business analyst,1,21,919
de-5869967222,20260904,de,BA,business analyst,1,18,919
de-5869967233,20260904,de,BA,business analyst,1,19,919
de-5869967270,20260904,de,BA,business analyst,1,20,919
de-5869967276,20260904,de,DA,data analyst,1,7,319
de-5869967384,20260904,de,BA,business analyst,1,16,919
de-5869967417,20260904,de,BA,business analyst,1,17,919
de-5869971763,20260904,de,DA,data analyst,1,6,319
de-5869972504,20260904,de,DA,data analyst,1,5,319
de-5869973666,20260904,de,DA,data analyst,1,4,319
de-5869973666,20260904,de,DA,datenanalyst,1,1,34
de-5869977676,20260904,de,BA,business analyst,1,15,919
de-5869980836,20260904,de,BA,business analyst,1,14,919
de-5870114373,20260904,de,BA,business analyst,1,13,919
de-5870126336,20260904,de,BA,business analyst,1,12,919
de-5870222313,20260904,de,BA,business analyst,1,11,919
de-5870289757,20260904,de,BA,business analyst,1,10,919
de-5870289757,20260904,de,DA,data analyst,1,3,319
de-5870290226,20260904,de,BA,business analyst,1,9,919
de-5870290701,20260904,de,BA,business analyst,1,8,919
de-5870290798,20260904,de,BA,business analyst,1,7,919
de-5870291091,20260904,de,BA,business analyst,1,6,919
de-5870291416,20260904,de,DA,data analyst,1,2,319
de-5870292880,20260904,de,BA,business analyst,1,5,919
de-5870293111,20260904,de,BA,business analyst,1,4,919
de-5870293240,20260904,de,BA,business analyst,1,3,919
de-5870460928,20260904,de,DA,data analyst,1,1,319
de-5870557331,20260904,de,BA,business analyst,1,2,919
de-5870575451,20260904,de,BA,business analyst,1,1,919
es-3913351514,20260904,es,BA,business analyst,4,175,175
es-4338872287,20260904,es,DA,analista de datos,1,29,29
es-4844318797,20260904,es,DA,analista de datos,1,28,29
es-5053523221,20260904,es,DA,data analyst,4,177,177
es-5062368554,20260904,es,DA,data analyst,4,176,177
es-5414439868,20260904,es,BA,business analyst,4,174,175
es-5443261819,20260904,es,DA,data analyst,4,175,177
es-5448239326,20260904,es,BA,business analyst,4,173,175
es-5454305538,20260904,es,DA,data analyst,4,174,177
es-5455470367,20260904,es,DA,data analyst,4,173,177
es-5475582558,20260904,es,BA,business analyst,4,172,175
es-5486939001,20260904,es,BI,BI analyst,1,12,12
es-5486939001,20260904,es,DA,data analyst,4,172,177
es-5488503517,20260904,es,BA,business analyst,4,171,175
es-5542436881,20260904,es,BA,business analyst,4,170,175
es-5549132895,20260904,es,DA,data analyst,4,171,177
es-5552905057,20260904,es,DA,data analyst,4,170,177
es-5556867176,20260904,es,DA,data analyst,4,169,177
es-5584479066,20260904,es,DA,data analyst,4,168,177
es-5584544401,20260904,es,DA,data analyst,4,167,177
es-5602338439,20260904,es,DA,data analyst,4,166,177
es-5605372024,20260904,es,BA,business analyst,4,169,175
es-5638566356,20260904,es,DA,analista de datos,1,27,29
es-5642703201,20260904,es,BA,business analyst,4,168,175
es-5642703202,20260904,es,BA,business analyst,4,167,175
es-5646338521,20260904,es,DA,data analyst,4,165,177
es-5660680567,20260904,es,DA,data analyst,4,164,177
es-5660680575,20260904,es,BA,business analyst,4,166,175
es-5661996002,20260904,es,BA,business analyst,4,165,175
es-5664289290,20260904,es,BA,business analyst,4,164,175
es-5668783933,20260904,es,DA,data analyst,4,163,177
es-5673565699,20260904,es,DA,data analyst,4,162,177
es-5673565897,20260904,es,DA,data analyst,4,161,177
es-5681713155,20260904,es,DA,data analyst,4,160,177
es-5683448359,20260904,es,DA,data analyst,4,159,177
es-5686363415,20260904,es,BA,business analyst,4,163,175
es-5687747590,20260904,es,DA,data analyst,4,158,177
es-5687946036,20260904,es,BA,business analyst,4,162,175
es-5687946036,20260904,es,BI,business intelligence analyst,1,7,7
es-5691444053,20260904,es,BI,analista BI,1,8,8
es-5693810934,20260904,es,BA,business analyst,4,161,175
es-5698322475,20260904,es,DA,data analyst,4,157,177
es-5698322731,20260904,es,BA,business analyst,4,160,175
es-5701907936,20260904,es,BA,business analyst,4,159,175
es-5702619332,20260904,es,DA,data analyst,4,156,177
es-5705383100,20260904,es,BA,business analyst,4,158,175
es-5708767888,20260904,es,DA,data analyst,4,155,177
es-5713960479,20260904,es,DA,data analyst,4,154,177
es-5714273777,20260904,es,DA,data analyst,4,153,177
es-5716298368,20260904,es,BI,BI analyst,1,11,12
es-5716635479,20260904,es,BA,business analyst,4,157,175
es-5716635479,20260904,es,BI,business intelligence analyst,1,6,7
es-5716635479,20260904,es,DA,data analyst,4,152,177
es-5717352370,20260904,es,BA,business analyst,4,156,175
es-5717352370,20260904,es,BI,business intelligence analyst,1,5,7
es-5717352370,20260904,es,DA,data analyst,4,151,177
es-5718777969,20260904,es,BA,business analyst,4,155,175
es-5718777969,20260904,es,DA,data analyst,3,150,177
es-5724647242,20260904,es,DA,data analyst,3,149,177
es-5724649232,20260904,es,DA,data analyst,3,148,177
es-5727385101,20260904,es,BA,analista de negocio,1,8,8
es-5727390046,20260904,es,BA,business analyst,4,154,175
es-5727681262,20260904,es,BI,BI analyst,1,10,12
es-5727681262,20260904,es,DA,data analyst,3,147,177
es-5727802231,20260904,es,DA,analista de datos,1,26,29
es-5728541860,20260904,es,BA,business analyst,4,153,175
es-5728543636,20260904,es,DA,data analyst,3,146,177
es-5729388183,20260904,es,DA,data analyst,3,145,177
es-5729388186,20260904,es,BA,business analyst,4,152,175
es-5729465317,20260904,es,DA,data analyst,3,144,177
es-5733359643,20260904,es,BA,business analyst,3,150,175
es-5733359703,20260904,es,BA,business analyst,4,151,175
es-5741905961,20260904,es,DA,data analyst,3,143,177
es-5742532966,20260904,es,BA,business analyst,3,149,175
es-5743996351,20260904,es,DA,data analyst,3,142,177
es-5745004276,20260904,es,DA,data analyst,3,141,177
es-5748434539,20260904,es,DA,data analyst,3,140,177
es-5749558087,20260904,es,DA,data analyst,3,139,177
es-5749589355,20260904,es,BI,analista BI,1,7,8
es-5751211477,20260904,es,DA,data analyst,3,138,177
es-5751245740,20260904,es,DA,data analyst,3,137,177
es-5751248341,20260904,es,DA,data analyst,3,136,177
es-5752846256,20260904,es,DA,data analyst,3,135,177
es-5752881648,20260904,es,BA,business analyst,3,147,175
es-5752881656,20260904,es,BA,business analyst,3,148,175
es-5752881669,20260904,es,DA,analista de datos,1,25,29
es-5753696198,20260904,es,DA,data analyst,3,134,177
es-5755773151,20260904,es,DA,data analyst,3,133,177
es-5755773975,20260904,es,BI,BI analyst,1,9,12
es-5756959457,20260904,es,BA,business analyst,3,146,175
es-5756959460,20260904,es,BA,business analyst,3,145,175
es-5757176860,20260904,es,BA,business analyst,3,144,175
es-5757435367,20260904,es,DA,data analyst,3,132,177
es-5757544454,20260904,es,DA,data analyst,3,131,177
es-5758393861,20260904,es,DA,analista de datos,1,24,29
es-5759182288,20260904,es,DA,data analyst,3,130,177
es-5759700087,20260904,es,BA,business analyst,3,143,175
es-5761078609,20260904,es,DA,data analyst,3,129,177
es-5761078622,20260904,es,BA,business analyst,3,142,175
es-5761853071,20260904,es,BA,business analyst,3,141,175
es-5763015185,20260904,es,BA,business analyst,3,140,175
es-5763016291,20260904,es,BA,business analyst,3,139,175
es-5764608267,20260904,es,BA,business analyst,3,138,175
es-5768404746,20260904,es,DA,data analyst,3,128,177
es-5769095161,20260904,es,DA,analista de datos,1,23,29
es-5769095161,20260904,es,DA,data analyst,3,127,177
es-5769095240,20260904,es,BA,analista de negocio,1,7,8
es-5769205031,20260904,es,BA,business analyst,3,137,175
es-5769875538,20260904,es,BA,business analyst,3,136,175
es-5770246172,20260904,es,BA,business analyst,3,135,175
es-5772801320,20260904,es,BA,business analyst,3,134,175
es-5772801320,20260904,es,DA,data analyst,3,126,177
es-5772822358,20260904,es,DA,data analyst,3,125,177
es-5772841708,20260904,es,DA,data analyst,3,124,177
es-5773204123,20260904,es,DA,data analyst,3,123,177
es-5775499094,20260904,es,BA,business analyst,3,133,175
es-5775801242,20260904,es,BA,business analyst,3,132,175
es-5775849278,20260904,es,BA,business analyst,3,131,175
es-5775903592,20260904,es,BA,business analyst,3,130,175
es-5776910376,20260904,es,BA,business analyst,3,129,175
es-5777371432,20260904,es,BI,analista BI,1,6,8
es-5777371432,20260904,es,DA,analista de datos,1,22,29
es-5777371435,20260904,es,DA,analista de datos,1,21,29
es-5777371447,20260904,es,BA,business analyst,3,128,175
es-5777582600,20260904,es,DA,data analyst,3,122,177
es-5778317579,20260904,es,BA,business analyst,3,127,175
es-5779525202,20260904,es,DA,data analyst,3,121,177
es-5779525298,20260904,es,DA,analista de datos,1,20,29
es-5779542422,20260904,es,BA,business analyst,3,126,175
es-5781090243,20260904,es,DA,data analyst,3,120,177
es-5781890023,20260904,es,BI,BI analyst,1,8,12
es-5782656178,20260904,es,DA,data analyst,3,119,177
es-5784531003,20260904,es,DA,data analyst,3,118,177
es-5785454418,20260904,es,BA,business analyst,3,125,175
es-5787322539,20260904,es,DA,data analyst,3,117,177
es-5788549885,20260904,es,BA,business analyst,3,124,175
es-5788550130,20260904,es,DA,data analyst,3,116,177
es-5788551290,20260904,es,BA,business analyst,3,123,175
es-5789442565,20260904,es,BA,business analyst,3,122,175
es-5790240184,20260904,es,DA,analista de datos,1,19,29
es-5790240230,20260904,es,BI,BI analyst,1,7,12
es-5790240230,20260904,es,BA,business analyst,3,121,175
es-5790664903,20260904,es,BA,business analyst,3,120,175
es-5790664925,20260904,es,BI,BI analyst,1,6,12
es-5790664925,20260904,es,DA,data analyst,3,115,177
es-5792261645,20260904,es,DA,data analyst,3,114,177
es-5793156552,20260904,es,BA,business analyst,3,119,175
es-5793794799,20260904,es,DA,data analyst,3,113,177
es-5794830031,20260904,es,BA,business analyst,3,118,175
es-5794830031,20260904,es,BI,business intelligence analyst,1,4,7
es-5795133088,20260904,es,BA,business analyst,3,117,175
es-5795188847,20260904,es,BA,business analyst,3,116,175
es-5795188848,20260904,es,DA,data analyst,3,112,177
es-5795188858,20260904,es,DA,analista de datos,1,18,29
es-5795188874,20260904,es,BA,business analyst,3,115,175
es-5796275001,20260904,es,BA,business analyst,3,114,175
es-5796276181,20260904,es,DA,data analyst,3,111,177
es-5798345034,20260904,es,DA,data analyst,3,110,177
es-5798605394,20260904,es,DA,data analyst,3,109,177
es-5801923689,20260904,es,DA,data analyst,3,108,177
es-5801930193,20260904,es,DA,data analyst,3,107,177
es-5802304797,20260904,es,BA,business analyst,3,113,175
es-5802390840,20260904,es,DA,data analyst,3,106,177
es-5802409104,20260904,es,BI,BI analyst,1,5,12
es-5802409104,20260904,es,DA,data analyst,3,105,177
es-5804096726,20260904,es,BA,business analyst,3,112,175
es-5804102715,20260904,es,DA,data analyst,3,104,177
es-5804499903,20260904,es,BA,business analyst,3,110,175
es-5804499903,20260904,es,DA,data analyst,2,100,177
es-5804499904,20260904,es,DA,data analyst,3,102,177
es-5804499906,20260904,es,DA,data analyst,3,101,177
es-5804499911,20260904,es,BA,business analyst,3,111,175
es-5804499912,20260904,es,DA,data analyst,3,103,177
es-5804499919,20260904,es,DA,data analyst,2,99,177
es-5804499920,20260904,es,BA,business analyst,3,108,175
es-5804499921,20260904,es,BA,business analyst,3,109,175
es-5805218141,20260904,es,DA,data analyst,2,98,177
es-5805256753,20260904,es,DA,data analyst,2,97,177
es-5805466910,20260904,es,DA,data analyst,2,96,177
es-5805845515,20260904,es,BA,business analyst,3,107,175
es-5805845815,20260904,es,BA,business analyst,3,106,175
es-5805910251,20260904,es,DA,data analyst,2,95,177
es-5806611926,20260904,es,BA,business analyst,3,105,175
es-5806932448,20260904,es,BA,business analyst,3,104,175
es-5807567705,20260904,es,DA,analista de datos,1,17,29
es-5807567789,20260904,es,BA,business analyst,3,103,175
es-5807568221,20260904,es,BA,business analyst,3,102,175
es-5807568381,20260904,es,DA,data analyst,2,94,177
es-5808917016,20260904,es,DA,data analyst,2,93,177
es-5809366771,20260904,es,BA,business analyst,3,101,175
es-5811212058,20260904,es,BA,business analyst,2,100,175
es-5811218534,20260904,es,DA,data analyst,2,92,177
es-5811519298,20260904,es,DA,analista de datos,1,16,29
es-5811519595,20260904,es,DA,data analyst,2,91,177
es-5811523003,20260904,es,DA,data analyst,2,90,177
es-5811523768,20260904,es,BA,business analyst,2,99,175
es-5811672920,20260904,es,BA,business analyst,2,98,175
es-5812739545,20260904,es,BA,business analyst,2,97,175
es-5812975128,20260904,es,BA,business analyst,2,96,175
es-5813471620,20260904,es,BA,business analyst,2,95,175
es-5813471622,20260904,es,BA,business analyst,2,94,175
es-5814598851,20260904,es,DA,data analyst,2,89,177
es-5814612643,20260904,es,DA,data analyst,2,88,177
es-5814614706,20260904,es,DA,data analyst,2,87,177
es-5815003253,20260904,es,BA,business analyst,2,93,175
es-5815067896,20260904,es,DA,data analyst,2,86,177
es-5815897769,20260904,es,BA,business analyst,2,92,175
es-5815899015,20260904,es,DA,data analyst,2,85,177
es-5816882064,20260904,es,DA,data analyst,2,84,177
es-5816882353,20260904,es,DA,data analyst,2,83,177
es-5816886466,20260904,es,DA,data analyst,2,82,177
es-5816887070,20260904,es,DA,data analyst,2,81,177
es-5816888575,20260904,es,DA,analista de datos,1,15,29
es-5816888575,20260904,es,BA,analista de negocio,1,6,8
es-5816889149,20260904,es,DA,data analyst,2,80,177
es-5817668350,20260904,es,DA,data analyst,2,79,177
es-5818054313,20260904,es,DA,analista de datos,1,14,29
es-5819155335,20260904,es,BA,business analyst,2,91,175
es-5819525301,20260904,es,BA,business analyst,2,90,175
es-5819735866,20260904,es,BA,business analyst,2,89,175
es-5820783942,20260904,es,DA,data analyst,2,78,177
es-5820880710,20260904,es,DA,data analyst,2,77,177
es-5821484196,20260904,es,BA,business analyst,2,88,175
es-5822105505,20260904,es,DA,analista de datos,1,13,29
es-5822105512,20260904,es,BA,business analyst,2,87,175
es-5822105517,20260904,es,DA,data analyst,2,76,177
es-5822105536,20260904,es,BI,analista BI,1,5,8
es-5822127039,20260904,es,BA,business analyst,2,86,175
es-5822127039,20260904,es,DA,data analyst,2,75,177
es-5822127739,20260904,es,DA,data analyst,2,74,177
es-5822582301,20260904,es,DA,data analyst,2,73,177
es-5823528096,20260904,es,BA,business analyst,2,85,175
es-5823530887,20260904,es,BA,business analyst,2,84,175
es-5825429896,20260904,es,BA,business analyst,2,83,175
es-5825429896,20260904,es,BI,business intelligence analyst,1,3,7
es-5826399292,20260904,es,DA,analista de datos,1,12,29
es-5826930088,20260904,es,BA,business analyst,2,81,175
es-5826930123,20260904,es,BA,business analyst,2,82,175
es-5827420415,20260904,es,BA,business analyst,2,80,175
es-5827484280,20260904,es,BA,analista de negocio,1,5,8
es-5827489363,20260904,es,BA,business analyst,2,79,175
es-5827491353,20260904,es,BA,business analyst,2,78,175
es-5828841183,20260904,es,DA,data analyst,2,72,177
es-5828841240,20260904,es,DA,data analyst,2,71,177
es-5829212079,20260904,es,DA,data analyst,2,70,177
es-5830168260,20260904,es,BA,business analyst,2,77,175
es-5831007196,20260904,es,DA,data analyst,2,69,177
es-5831622577,20260904,es,BA,business analyst,2,76,175
es-5831622821,20260904,es,BA,business analyst,2,75,175
es-5831663786,20260904,es,DA,data analyst,2,66,177
es-5831663787,20260904,es,DA,data analyst,2,67,177
es-5831663790,20260904,es,DA,data analyst,2,68,177
es-5831663808,20260904,es,BA,analista de negocio,1,4,8
es-5831682141,20260904,es,BA,business analyst,2,74,175
es-5831947917,20260904,es,BI,BI analyst,1,4,12
es-5831947917,20260904,es,BA,business analyst,2,73,175
es-5831947917,20260904,es,DA,data analyst,2,65,177
es-5831947933,20260904,es,DA,data analyst,2,64,177
es-5832297089,20260904,es,DA,data analyst,2,63,177
es-5833078922,20260904,es,BA,business analyst,2,72,175
es-5833173127,20260904,es,BI,analista BI,1,4,8
es-5833175641,20260904,es,DA,data analyst,2,62,177
es-5833175918,20260904,es,DA,data analyst,2,61,177
es-5833180127,20260904,es,BA,business analyst,2,71,175
es-5833180196,20260904,es,DA,data analyst,2,60,177
es-5833183483,20260904,es,DA,data analyst,2,59,177
es-5834448734,20260904,es,BA,business analyst,2,70,175
es-5834449339,20260904,es,BA,business analyst,2,69,175
es-5834450385,20260904,es,BI,BI analyst,1,3,12
es-5834452055,20260904,es,DA,data analyst,2,58,177
es-5834452112,20260904,es,BA,analista de negocio,1,3,8
es-5835329603,20260904,es,BA,business analyst,2,68,175
es-5835351026,20260904,es,BA,business analyst,2,67,175
es-5835351268,20260904,es,DA,data analyst,2,57,177
es-5835846461,20260904,es,BA,business analyst,2,66,175
es-5836460035,20260904,es,DA,data analyst,2,56,177
es-5836461020,20260904,es,DA,data analyst,2,55,177
es-5837896345,20260904,es,DA,data analyst,2,54,177
es-5838199216,20260904,es,BA,business analyst,2,65,175
es-5838725798,20260904,es,BA,business analyst,2,64,175
es-5839930698,20260904,es,BA,business analyst,2,63,175
es-5840002498,20260904,es,BA,business analyst,2,62,175
es-5840003172,20260904,es,DA,analista de datos,1,11,29
es-5840004496,20260904,es,BA,business analyst,2,61,175
es-5840008267,20260904,es,BA,business analyst,2,60,175
es-5840008880,20260904,es,DA,data analyst,2,53,177
es-5841410469,20260904,es,BA,business analyst,2,59,175
es-5841477025,20260904,es,DA,analista de datos,1,8,29
es-5841477028,20260904,es,DA,analista de datos,1,9,29
es-5841477029,20260904,es,DA,data analyst,2,52,177
es-5841477041,20260904,es,DA,analista de datos,1,10,29
es-5841481504,20260904,es,BA,business analyst,2,58,175
es-5841483165,20260904,es,BA,business analyst,2,57,175
es-5841483670,20260904,es,BA,business analyst,2,56,175
es-5842845523,20260904,es,DA,data analyst,2,51,177
es-5842845776,20260904,es,DA,data analyst,1,50,177
es-5842845804,20260904,es,DA,data analyst,1,49,177
es-5842846465,20260904,es,DA,data analyst,1,47,177
es-5842846466,20260904,es,DA,data analyst,1,48,177
es-5842846655,20260904,es,DA,data analyst,1,46,177
es-5844045073,20260904,es,DA,data analyst,1,45,177
es-5845483674,20260904,es,DA,data analyst,1,44,177
es-5845483714,20260904,es,BA,business analyst,2,55,175
es-5846288432,20260904,es,BA,business analyst,2,54,175
es-5846295281,20260904,es,BI,analista BI,1,3,8
es-5846566085,20260904,es,BA,business analyst,2,53,175
es-5846566085,20260904,es,DA,data analyst,1,43,177
es-5846769007,20260904,es,BA,business analyst,2,52,175
es-5847858891,20260904,es,BA,business analyst,2,51,175
es-5847858891,20260904,es,DA,data analyst,1,42,177
es-5847928313,20260904,es,BA,business analyst,1,50,175
es-5847928313,20260904,es,DA,data analyst,1,41,177
es-5848696994,20260904,es,BI,analista BI,1,2,8
es-5849310743,20260904,es,BA,business analyst,1,49,175
es-5849364519,20260904,es,BA,business analyst,1,48,175
es-5849618350,20260904,es,BA,business analyst,1,47,175
es-5849618350,20260904,es,DA,data analyst,1,40,177
es-5849713446,20260904,es,DA,data analyst,1,39,177
es-5850719036,20260904,es,BA,business analyst,1,46,175
es-5850719037,20260904,es,DA,analista de datos,1,6,29
es-5850719041,20260904,es,DA,analista de datos,1,7,29
es-5852180548,20260904,es,BA,business analyst,1,45,175
es-5852211253,20260904,es,DA,data analyst,1,38,177
es-5852212327,20260904,es,DA,data analyst,1,37,177
es-5853440777,20260904,es,DA,data analyst,1,36,177
es-5853440938,20260904,es,BA,business analyst,1,44,175
es-5853441056,20260904,es,BA,analista de negocio,1,2,8
es-5853441347,20260904,es,DA,data analyst,1,35,177
es-5853441702,20260904,es,DA,data analyst,1,34,177
es-5854610741,20260904,es,BA,business analyst,1,43,175
es-5854612154,20260904,es,DA,data analyst,1,33,177
es-5855789317,20260904,es,BA,business analyst,1,42,175
es-5855789317,20260904,es,BI,business intelligence analyst,1,2,7
es-5855789317,20260904,es,DA,data analyst,1,32,177
es-5856423548,20260904,es,BI,BI analyst,1,2,12
es-5856423548,20260904,es,DA,data analyst,1,31,177
es-5856690559,20260904,es,DA,analista de datos,1,5,29
es-5857251291,20260904,es,BA,business analyst,1,41,175
es-5857251293,20260904,es,BA,business analyst,1,40,175
es-5857298502,20260904,es,DA,data analyst,1,30,177
es-5857315544,20260904,es,BA,business analyst,1,39,175
es-5858021855,20260904,es,BA,business analyst,1,38,175
es-5858022178,20260904,es,BA,business analyst,1,37,175
es-5858113036,20260904,es,BA,business analyst,1,36,175
es-5859124468,20260904,es,BA,business analyst,1,35,175
es-5859470325,20260904,es,BI,analista BI,1,1,8
es-5859470325,20260904,es,DA,analista de datos,1,4,29
es-5859470328,20260904,es,BA,business analyst,1,34,175
es-5859470330,20260904,es,DA,analista de datos,1,3,29
es-5859485871,20260904,es,BA,business analyst,1,33,175
es-5859486123,20260904,es,DA,data analyst,1,29,177
es-5860792312,20260904,es,DA,data analyst,1,28,177
es-5860793667,20260904,es,BA,business analyst,1,32,175
es-5860876076,20260904,es,BA,business analyst,1,31,175
es-5860876260,20260904,es,BA,business analyst,1,30,175
es-5860876510,20260904,es,BA,business analyst,1,29,175
es-5860876693,20260904,es,BA,business analyst,1,28,175
es-5860876702,20260904,es,BA,business analyst,1,27,175
es-5860876784,20260904,es,DA,data analyst,1,27,177
es-5860876791,20260904,es,DA,data analyst,1,26,177
es-5860877226,20260904,es,BA,business analyst,1,26,175
es-5860877511,20260904,es,DA,data analyst,1,25,177
es-5861953952,20260904,es,DA,data analyst,1,24,177
es-5862004925,20260904,es,BA,business analyst,1,25,175
es-5862803275,20260904,es,DA,data analyst,1,23,177
es-5863094494,20260904,es,DA,data analyst,1,22,177
es-5863165497,20260904,es,BA,business analyst,1,24,175
es-5863165538,20260904,es,DA,data analyst,1,21,177
es-5863173131,20260904,es,BA,business analyst,1,23,175
es-5863174231,20260904,es,DA,data analyst,1,20,177
es-5863215944,20260904,es,DA,data analyst,1,19,177
es-5864029874,20260904,es,BA,business analyst,1,21,175
es-5864029875,20260904,es,BA,business analyst,1,22,175
es-5865208293,20260904,es,BA,business analyst,1,20,175
es-5865449569,20260904,es,BA,business analyst,1,19,175
es-5865449569,20260904,es,BI,business intelligence analyst,1,1,7
es-5865450185,20260904,es,DA,data analyst,1,18,177
es-5865450335,20260904,es,DA,data analyst,1,17,177
es-5866597031,20260904,es,BA,business analyst,1,18,175
es-5866702428,20260904,es,BA,business analyst,1,17,175
es-5866704344,20260904,es,BA,business analyst,1,16,175
es-5866754797,20260904,es,DA,analista de datos,1,2,29
es-5867624531,20260904,es,BA,business analyst,1,15,175
es-5867624534,20260904,es,BA,business analyst,1,13,175
es-5867624537,20260904,es,BA,business analyst,1,14,175
es-5867624580,20260904,es,BA,business analyst,1,12,175
es-5868522660,20260904,es,DA,data analyst,1,16,177
es-5868522682,20260904,es,BA,business analyst,1,11,175
es-5868523115,20260904,es,DA,data analyst,1,15,177
es-5868523147,20260904,es,BA,business analyst,1,10,175
es-5868523535,20260904,es,DA,data analyst,1,14,177
es-5868523889,20260904,es,BA,business analyst,1,9,175
es-5868523893,20260904,es,DA,data analyst,1,13,177
es-5868545064,20260904,es,BA,business analyst,1,8,175
es-5869595049,20260904,es,DA,data analyst,1,12,177
es-5869595148,20260904,es,DA,data analyst,1,11,177
es-5869595194,20260904,es,BA,business analyst,1,6,175
es-5869595232,20260904,es,BA,business analyst,1,7,175
es-5869595355,20260904,es,DA,data analyst,1,10,177
es-5869595514,20260904,es,DA,data analyst,1,9,177
es-5869596412,20260904,es,BA,business analyst,1,5,175
es-5869596703,20260904,es,DA,data analyst,1,8,177
es-5869596957,20260904,es,DA,data analyst,1,7,177
es-5869620929,20260904,es,DA,data analyst,1,6,177
es-5869800024,20260904,es,DA,data analyst,1,5,177
es-5870124651,20260904,es,DA,data analyst,1,4,177
es-5870124759,20260904,es,BA,business analyst,1,4,175
es-5870227666,20260904,es,DA,analista de datos,1,1,29
es-5870237059,20260904,es,DA,data analyst,1,3,177
es-5870237775,20260904,es,BA,analista de negocio,1,1,8
es-5870238152,20260904,es,BA,business analyst,1,3,175
es-5870238555,20260904,es,BA,business analyst,1,2,175
es-5870238555,20260904,es,DA,data analyst,1,2,177
es-5870239690,20260904,es,DA,data analyst,1,1,177
es-5870239815,20260904,es,BA,business analyst,1,1,175
es-5870528418,20260904,es,BI,BI analyst,1,1,12
gb-5210480123,20260904,gb,BI,BI analyst,1,37,37
gb-5663621960,20260904,gb,BI,business intelligence analyst,1,36,36
gb-5748978694,20260904,gb,BI,BI analyst,1,36,37
gb-5761909402,20260904,gb,BI,business intelligence analyst,1,35,36
gb-5780349070,20260904,gb,BI,business intelligence analyst,1,34,36
gb-5795609519,20260904,gb,BI,BI analyst,1,35,37
gb-5795617519,20260904,gb,BI,BI analyst,1,34,37
gb-5802870387,20260904,gb,BI,BI analyst,1,33,37
gb-5810688125,20260904,gb,BI,business intelligence analyst,1,33,36
gb-5812625608,20260904,gb,BI,business intelligence analyst,1,32,36
gb-5814622829,20260904,gb,BI,BI analyst,1,32,37
gb-5814771693,20260904,gb,BI,BI analyst,1,31,37
gb-5816502339,20260904,gb,BI,business intelligence analyst,1,31,36
gb-5816506157,20260904,gb,BI,business intelligence analyst,1,30,36
gb-5820085655,20260904,gb,BI,business intelligence analyst,1,29,36
gb-5822578744,20260904,gb,BI,BI analyst,1,30,37
gb-5827485642,20260904,gb,BI,BI analyst,1,29,37
gb-5828022787,20260904,gb,BI,BI analyst,1,28,37
gb-5828402671,20260904,gb,BI,BI analyst,1,27,37
gb-5829404077,20260904,gb,BI,business intelligence analyst,1,28,36
gb-5829818220,20260904,gb,BI,business intelligence analyst,1,27,36
gb-5835737479,20260904,gb,BI,business intelligence analyst,1,26,36
gb-5838730541,20260904,gb,BI,business intelligence analyst,1,25,36
gb-5839572817,20260904,gb,BI,business intelligence analyst,1,24,36
gb-5840649326,20260904,gb,BI,BI analyst,1,26,37
gb-5843072790,20260904,gb,BI,BI analyst,1,25,37
gb-5845658880,20260904,gb,BI,business intelligence analyst,1,23,36
gb-5846046384,20260904,gb,BI,BI analyst,1,24,37
gb-5847255298,20260904,gb,BI,BI analyst,1,23,37
gb-5851016025,20260904,gb,BI,business intelligence analyst,1,22,36
gb-5852576301,20260904,gb,BI,business intelligence analyst,1,21,36
gb-5854310824,20260904,gb,BI,BI analyst,1,22,37
gb-5854951538,20260904,gb,BI,business intelligence analyst,1,20,36
gb-5855328200,20260904,gb,BI,BI analyst,1,21,37
gb-5855373744,20260904,gb,BI,BI analyst,1,20,37
gb-5855373969,20260904,gb,BI,business intelligence analyst,1,19,36
gb-5855373983,20260904,gb,BI,BI analyst,1,19,37
gb-5855375864,20260904,gb,BI,BI analyst,1,18,37
gb-5855377743,20260904,gb,BI,BI analyst,1,17,37
gb-5855381953,20260904,gb,BI,BI analyst,1,16,37
gb-5855685692,20260904,gb,DA,data analyst,5,250,742
gb-5855685803,20260904,gb,DA,data analyst,5,249,742
gb-5855686113,20260904,gb,DA,data analyst,5,248,742
gb-5855704121,20260904,gb,DA,data analyst,5,247,742
gb-5855716317,20260904,gb,BI,BI analyst,1,15,37
gb-5855716321,20260904,gb,DA,data analyst,5,246,742
gb-5855716764,20260904,gb,DA,data analyst,5,245,742
gb-5855737106,20260904,gb,DA,data analyst,5,244,742
gb-5855991534,20260904,gb,DA,data analyst,5,243,742
gb-5856135808,20260904,gb,BI,business intelligence analyst,1,18,36
gb-5856135808,20260904,gb,DA,data analyst,5,242,742
gb-5856595712,20260904,gb,DA,data analyst,5,241,742
gb-5856669758,20260904,gb,DA,data analyst,5,240,742
gb-5856809440,20260904,gb,DA,data analyst,5,239,742
gb-5856814418,20260904,gb,DA,data analyst,5,238,742
gb-5856892687,20260904,gb,DA,data analyst,5,237,742
gb-5856946396,20260904,gb,DA,data analyst,5,236,742
gb-5856959936,20260904,gb,DA,data analyst,5,235,742
gb-5856974719,20260904,gb,DA,data analyst,5,234,742
gb-5856978499,20260904,gb,DA,data analyst,5,233,742
gb-5856999989,20260904,gb,DA,data analyst,5,232,742
gb-5857163241,20260904,gb,DA,data analyst,5,231,742
gb-5857174948,20260904,gb,BI,business intelligence analyst,1,17,36
gb-5857179420,20260904,gb,DA,data analyst,5,230,742
gb-5857189171,20260904,gb,DA,data analyst,5,229,742
gb-5857189288,20260904,gb,DA,data analyst,5,227,742
gb-5857189302,20260904,gb,DA,data analyst,5,228,742
gb-5857189392,20260904,gb,DA,data analyst,5,226,742
gb-5857189439,20260904,gb,DA,data analyst,5,225,742
gb-5857207842,20260904,gb,DA,data analyst,5,224,742
gb-5857207852,20260904,gb,DA,data analyst,5,223,742
gb-5857215880,20260904,gb,DA,data analyst,5,222,742
gb-5857216253,20260904,gb,BI,business intelligence analyst,1,16,36
gb-5857221137,20260904,gb,BI,BI analyst,1,13,37
gb-5857221143,20260904,gb,BI,BI analyst,1,14,37
gb-5857227791,20260904,gb,DA,data analyst,5,221,742
gb-5857234851,20260904,gb,DA,data analyst,5,220,742
gb-5857236340,20260904,gb,DA,data analyst,5,219,742
gb-5857268435,20260904,gb,DA,data analyst,5,218,742
gb-5857649971,20260904,gb,DA,data analyst,5,217,742
gb-5857850546,20260904,gb,DA,data analyst,5,216,742
gb-5858065623,20260904,gb,DA,data analyst,5,215,742
gb-5858089591,20260904,gb,BI,BI analyst,1,12,37
gb-5858107916,20260904,gb,DA,data analyst,5,214,742
gb-5858141763,20260904,gb,DA,data analyst,5,210,742
gb-5858141778,20260904,gb,DA,data analyst,5,213,742
gb-5858141780,20260904,gb,DA,data analyst,5,211,742
gb-5858141783,20260904,gb,DA,data analyst,5,212,742
gb-5858141817,20260904,gb,DA,data analyst,5,209,742
gb-5858141842,20260904,gb,DA,data analyst,5,208,742
gb-5858177274,20260904,gb,BI,BI analyst,1,11,37
gb-5858200024,20260904,gb,DA,data analyst,5,207,742
gb-5858200065,20260904,gb,BI,BI analyst,1,10,37
gb-5858220107,20260904,gb,BI,BI analyst,1,9,37
gb-5858262293,20260904,gb,DA,data analyst,5,206,742
gb-5858262977,20260904,gb,DA,data analyst,5,205,742
gb-5858263105,20260904,gb,DA,data analyst,5,204,742
gb-5858303237,20260904,gb,DA,data analyst,5,203,742
gb-5858303351,20260904,gb,DA,data analyst,5,202,742
gb-5858342035,20260904,gb,DA,data analyst,5,201,742
gb-5858363665,20260904,gb,DA,data analyst,4,200,742
gb-5858364990,20260904,gb,DA,data analyst,4,199,742
gb-5858367665,20260904,gb,DA,data analyst,4,198,742
gb-5858368399,20260904,gb,DA,data analyst,4,197,742
gb-5858371998,20260904,gb,DA,data analyst,4,196,742
gb-5858373645,20260904,gb,DA,data analyst,4,195,742
gb-5858374336,20260904,gb,BI,business intelligence analyst,1,15,36
gb-5858377515,20260904,gb,BI,BI analyst,1,8,37
gb-5858377515,20260904,gb,DA,data analyst,4,194,742
gb-5858384691,20260904,gb,DA,data analyst,4,193,742
gb-5858387092,20260904,gb,DA,data analyst,4,192,742
gb-5858390325,20260904,gb,DA,data analyst,4,191,742
gb-5858404920,20260904,gb,BI,business intelligence analyst,1,14,36
gb-5858411950,20260904,gb,DA,data analyst,4,190,742
gb-5858587375,20260904,gb,DA,data analyst,4,189,742
gb-5858587406,20260904,gb,DA,data analyst,4,188,742
gb-5858625182,20260904,gb,DA,data analyst,4,187,742
gb-5858627464,20260904,gb,DA,data analyst,4,186,742
gb-5858627587,20260904,gb,DA,data analyst,4,185,742
gb-5858627677,20260904,gb,DA,data analyst,4,184,742
gb-5858628580,20260904,gb,DA,data analyst,4,183,742
gb-5858904718,20260904,gb,DA,data analyst,4,182,742
gb-5858906124,20260904,gb,DA,data analyst,4,181,742
gb-5858907743,20260904,gb,DA,data analyst,4,180,742
gb-5859057516,20260904,gb,DA,data analyst,4,179,742
gb-5859060098,20260904,gb,DA,data analyst,4,178,742
gb-5859161524,20260904,gb,DA,data analyst,4,177,742
gb-5859492510,20260904,gb,DA,data analyst,4,176,742
gb-5859614908,20260904,gb,DA,data analyst,4,175,742
gb-5859619578,20260904,gb,DA,data analyst,4,174,742
gb-5859643902,20260904,gb,DA,data analyst,4,173,742
gb-5859656397,20260904,gb,BI,BI analyst,1,7,37
gb-5859656830,20260904,gb,DA,data analyst,4,172,742
gb-5859746013,20260904,gb,DA,data analyst,4,171,742
gb-5859757634,20260904,gb,DA,data analyst,4,170,742
gb-5859761219,20260904,gb,DA,data analyst,4,169,742
gb-5859761566,20260904,gb,DA,data analyst,4,168,742
gb-5859763673,20260904,gb,DA,data analyst,4,167,742
gb-5859769677,20260904,gb,DA,data analyst,4,166,742
gb-5859770298,20260904,gb,DA,data analyst,4,165,742
gb-5859795918,20260904,gb,DA,data analyst,4,164,742
gb-5859795949,20260904,gb,DA,data analyst,4,163,742
gb-5859809944,20260904,gb,DA,data analyst,4,162,742
gb-5859974794,20260904,gb,DA,data analyst,4,161,742
gb-5859990443,20260904,gb,DA,data analyst,4,160,742
gb-5859992488,20260904,gb,DA,data analyst,4,159,742
gb-5859992645,20260904,gb,DA,data analyst,4,157,742
gb-5859992676,20260904,gb,DA,data analyst,4,158,742
gb-5859994642,20260904,gb,DA,data analyst,4,156,742
gb-5859994646,20260904,gb,DA,data analyst,4,155,742
gb-5859994652,20260904,gb,DA,data analyst,4,154,742
gb-5859994674,20260904,gb,DA,data analyst,4,153,742
gb-5860066671,20260904,gb,DA,data analyst,4,152,742
gb-5860066687,20260904,gb,DA,data analyst,4,151,742
gb-5860068596,20260904,gb,DA,data analyst,3,150,742
gb-5860751563,20260904,gb,DA,data analyst,3,149,742
gb-5861182353,20260904,gb,DA,data analyst,3,148,742
gb-5861222704,20260904,gb,DA,data analyst,3,147,742
gb-5861234016,20260904,gb,DA,data analyst,3,146,742
gb-5861242326,20260904,gb,DA,data analyst,3,145,742
gb-5861397280,20260904,gb,DA,data analyst,3,144,742
gb-5861428762,20260904,gb,DA,data analyst,3,143,742
gb-5861733142,20260904,gb,DA,data analyst,3,142,742
gb-5861761607,20260904,gb,DA,data analyst,3,141,742
gb-5861792243,20260904,gb,DA,data analyst,3,140,742
gb-5862276870,20260904,gb,DA,data analyst,3,139,742
gb-5862284826,20260904,gb,DA,data analyst,3,138,742
gb-5862688235,20260904,gb,DA,data analyst,3,137,742
gb-5862989176,20260904,gb,DA,data analyst,3,136,742
gb-5863109993,20260904,gb,DA,data analyst,3,135,742
gb-5863132806,20260904,gb,DA,data analyst,3,134,742
gb-5863586463,20260904,gb,DA,data analyst,3,133,742
gb-5864040627,20260904,gb,DA,data analyst,3,132,742
gb-5864147983,20260904,gb,DA,data analyst,3,130,742
gb-5864147992,20260904,gb,DA,data analyst,3,131,742
gb-5864528638,20260904,gb,BI,BI analyst,1,6,37
gb-5864528638,20260904,gb,DA,data analyst,3,129,742
gb-5864528709,20260904,gb,DA,data analyst,3,128,742
gb-5864590561,20260904,gb,DA,data analyst,3,127,742
gb-5864670761,20260904,gb,DA,data analyst,3,126,742
gb-5864671247,20260904,gb,DA,data analyst,3,125,742
gb-5864677608,20260904,gb,DA,data analyst,3,124,742
gb-5864728782,20260904,gb,DA,data analyst,3,123,742
gb-5864792047,20260904,gb,DA,data analyst,3,122,742
gb-5864834295,20260904,gb,DA,data analyst,3,121,742
gb-5864882328,20260904,gb,DA,data analyst,3,120,742
gb-5864981083,20260904,gb,DA,data analyst,3,119,742
gb-5865162761,20260904,gb,DA,data analyst,3,118,742
gb-5865190428,20260904,gb,DA,data analyst,3,115,742
gb-5865190429,20260904,gb,DA,data analyst,3,112,742
gb-5865190431,20260904,gb,DA,data analyst,3,113,742
gb-5865190433,20260904,gb,DA,data analyst,3,116,742
gb-5865190456,20260904,gb,DA,data analyst,3,117,742
gb-5865190459,20260904,gb,DA,data analyst,3,114,742
gb-5865190460,20260904,gb,DA,data analyst,3,110,742
gb-5865190461,20260904,gb,DA,data analyst,3,111,742
gb-5865197791,20260904,gb,DA,data analyst,3,109,742
gb-5865261664,20260904,gb,DA,data analyst,3,108,742
gb-5865265463,20260904,gb,DA,data analyst,3,106,742
gb-5865265469,20260904,gb,DA,data analyst,3,105,742
gb-5865265477,20260904,gb,DA,data analyst,3,107,742
gb-5865267720,20260904,gb,DA,data analyst,3,103,742
gb-5865267722,20260904,gb,DA,data analyst,3,104,742
gb-5865267724,20260904,gb,DA,data analyst,3,102,742
gb-5865269133,20260904,gb,DA,data analyst,3,101,742
gb-5865269134,20260904,gb,BA,business analyst,5,250,1279
gb-5865269451,20260904,gb,BA,business analyst,5,249,1279
gb-5865273205,20260904,gb,DA,data analyst,2,100,742
gb-5865274087,20260904,gb,BA,business analyst,5,248,1279
gb-5865311442,20260904,gb,BA,business analyst,5,247,1279
gb-5866082351,20260904,gb,BA,business analyst,5,246,1279
gb-5866113155,20260904,gb,BA,business analyst,5,245,1279
gb-5866113158,20260904,gb,BA,business analyst,5,244,1279
gb-5866519311,20260904,gb,BA,business analyst,5,243,1279
gb-5866519319,20260904,gb,BA,business analyst,5,242,1279
gb-5866521433,20260904,gb,BA,business analyst,5,241,1279
gb-5866532943,20260904,gb,DA,data analyst,2,98,742
gb-5866532944,20260904,gb,DA,data analyst,2,99,742
gb-5866532946,20260904,gb,DA,data analyst,2,97,742
gb-5866718600,20260904,gb,BA,business analyst,5,240,1279
gb-5866718600,20260904,gb,BI,business intelligence analyst,1,13,36
gb-5866922608,20260904,gb,BA,business analyst,5,239,1279
gb-5867043005,20260904,gb,BA,business analyst,5,238,1279
gb-5867043036,20260904,gb,DA,data analyst,2,96,742
gb-5867043282,20260904,gb,BA,business analyst,5,236,1279
gb-5867043284,20260904,gb,BA,business analyst,5,233,1279
gb-5867043285,20260904,gb,BA,business analyst,5,229,1279
gb-5867043289,20260904,gb,BA,business analyst,5,221,1279
gb-5867043292,20260904,gb,BA,business analyst,5,231,1279
gb-5867043294,20260904,gb,BA,business analyst,5,224,1279
gb-5867043295,20260904,gb,BA,business analyst,5,225,1279
gb-5867043298,20260904,gb,BA,business analyst,5,234,1279
gb-5867043302,20260904,gb,BA,business analyst,5,227,1279
gb-5867043306,20260904,gb,BA,business analyst,5,230,1279
gb-5867043320,20260904,gb,BA,business analyst,5,218,1279
gb-5867043322,20260904,gb,BA,business analyst,5,219,1279
gb-5867043330,20260904,gb,BA,business analyst,5,226,1279
gb-5867043333,20260904,gb,BA,business analyst,5,237,1279
gb-5867043335,20260904,gb,BA,business analyst,5,222,1279
gb-5867043339,20260904,gb,BA,business analyst,5,220,1279
gb-5867043340,20260904,gb,BA,business analyst,5,235,1279
gb-5867043341,20260904,gb,BA,business analyst,5,228,1279
gb-5867043342,20260904,gb,BA,business analyst,5,232,1279
gb-5867043343,20260904,gb,BA,business analyst,5,223,1279
gb-5867043346,20260904,gb,BA,business analyst,5,204,1279
gb-5867043348,20260904,gb,BA,business analyst,5,205,1279
gb-5867043349,20260904,gb,BA,business analyst,5,207,1279
gb-5867043351,20260904,gb,BA,business analyst,5,206,1279
gb-5867043352,20260904,gb,BA,business analyst,4,157,1279
gb-5867043353,20260904,gb,BA,business analyst,4,156,1279
gb-5867043354,20260904,gb,BA,business analyst,4,158,1279
gb-5867043355,20260904,gb,BA,business analyst,5,217,1279
gb-5867043356,20260904,gb,BA,business analyst,4,167,1279
gb-5867043357,20260904,gb,BA,business analyst,4,198,1279
gb-5867043358,20260904,gb,BA,business analyst,4,161,1279
gb-5867043359,20260904,gb,BA,business analyst,4,159,1279
gb-5867043360,20260904,gb,BA,business analyst,4,173,1279
gb-5867043361,20260904,gb,BA,business analyst,4,183,1279
gb-5867043362,20260904,gb,BA,business analyst,4,170,1279
gb-5867043363,20260904,gb,BA,business analyst,4,181,1279
gb-5867043364,20260904,gb,BA,business analyst,4,162,1279
gb-5867043365,20260904,gb,BA,business analyst,5,215,1279
gb-5867043366,20260904,gb,BA,business analyst,4,199,1279
gb-5867043367,20260904,gb,BA,business analyst,4,165,1279
gb-5867043368,20260904,gb,BA,business analyst,5,203,1279
gb-5867043369,20260904,gb,BA,business analyst,4,195,1279
gb-5867043370,20260904,gb,BA,business analyst,5,201,1279
gb-5867043371,20260904,gb,BA,business analyst,4,171,1279
gb-5867043372,20260904,gb,BA,business analyst,4,160,1279
gb-5867043373,20260904,gb,BA,business analyst,5,212,1279
gb-5867043374,20260904,gb,BA,business analyst,5,202,1279
gb-5867043375,20260904,gb,BA,business analyst,4,168,1279
gb-5867043376,20260904,gb,BA,business analyst,4,190,1279
gb-5867043377,20260904,gb,BA,business analyst,5,208,1279
gb-5867043379,20260904,gb,BA,business analyst,4,197,1279
gb-5867043380,20260904,gb,BA,business analyst,4,177,1279
gb-5867043381,20260904,gb,BA,business analyst,4,179,1279
gb-5867043383,20260904,gb,BA,business analyst,5,214,1279
gb-5867043384,20260904,gb,BA,business analyst,4,185,1279
gb-5867043386,20260904,gb,BA,business analyst,4,174,1279
gb-5867043388,20260904,gb,BA,business analyst,5,213,1279
gb-5867043391,20260904,gb,BA,business analyst,4,200,1279
gb-5867043393,20260904,gb,BA,business analyst,4,194,1279
gb-5867043394,20260904,gb,BA,business analyst,4,187,1279
gb-5867043395,20260904,gb,BA,business analyst,4,180,1279
gb-5867043397,20260904,gb,BA,business analyst,5,210,1279
gb-5867043398,20260904,gb,BA,business analyst,4,172,1279
gb-5867043399,20260904,gb,BA,business analyst,4,175,1279
gb-5867043400,20260904,gb,BA,business analyst,4,186,1279
gb-5867043401,20260904,gb,BA,business analyst,5,211,1279
gb-5867043402,20260904,gb,BA,business analyst,4,178,1279
gb-5867043403,20260904,gb,BA,business analyst,5,209,1279
gb-5867043404,20260904,gb,BA,business analyst,4,196,1279
gb-5867043405,20260904,gb,BA,business analyst,4,176,1279
gb-5867043406,20260904,gb,BA,business analyst,4,166,1279
gb-5867043407,20260904,gb,BA,business analyst,4,189,1279
gb-5867043408,20260904,gb,BA,business analyst,5,216,1279
gb-5867043409,20260904,gb,BA,business analyst,4,184,1279
gb-5867043410,20260904,gb,BA,business analyst,4,188,1279
gb-5867043411,20260904,gb,BA,business analyst,4,182,1279
gb-5867043412,20260904,gb,BA,business analyst,4,164,1279
gb-5867043413,20260904,gb,BA,business analyst,4,192,1279
gb-5867043414,20260904,gb,BA,business analyst,4,193,1279
gb-5867043415,20260904,gb,BA,business analyst,4,191,1279
gb-5867043416,20260904,gb,BA,business analyst,4,163,1279
gb-5867043417,20260904,gb,BA,business analyst,4,169,1279
gb-5867043418,20260904,gb,BA,business analyst,3,139,1279
gb-5867043419,20260904,gb,BA,business analyst,3,132,1279
gb-5867043420,20260904,gb,BA,business analyst,3,146,1279
gb-5867043422,20260904,gb,BA,business analyst,4,154,1279
gb-5867043424,20260904,gb,BA,business analyst,4,155,1279
gb-5867043426,20260904,gb,BA,business analyst,3,145,1279
gb-5867043427,20260904,gb,BA,business analyst,3,134,1279
gb-5867043428,20260904,gb,BA,business analyst,3,133,1279
gb-5867043431,20260904,gb,BA,business analyst,4,151,1279
gb-5867043433,20260904,gb,BA,business analyst,3,135,1279
gb-5867043435,20260904,gb,BA,business analyst,3,148,1279
gb-5867043436,20260904,gb,BA,business analyst,4,152,1279
gb-5867043437,20260904,gb,BA,business analyst,3,136,1279
gb-5867043440,20260904,gb,BA,business analyst,3,138,1279
gb-5867043441,20260904,gb,BA,business analyst,3,137,1279
gb-5867043442,20260904,gb,BA,business analyst,3,141,1279
gb-5867043443,20260904,gb,BA,business analyst,3,149,1279
gb-5867043444,20260904,gb,BA,business analyst,3,143,1279
gb-5867043445,20260904,gb,BA,business analyst,3,150,1279
gb-5867043446,20260904,gb,BA,business analyst,3,147,1279
gb-5867043448,20260904,gb,BA,business analyst,3,142,1279
gb-5867043449,20260904,gb,BA,business analyst,3,144,1279
gb-5867043450,20260904,gb,BA,business analyst,4,153,1279
gb-5867043452,20260904,gb,BA,business analyst,3,140,1279
gb-5867043462,20260904,gb,BA,business analyst,3,130,1279
gb-5867043466,20260904,gb,BA,business analyst,3,131,1279
gb-5867061975,20260904,gb,DA,data analyst,2,95,742
gb-5867110693,20260904,gb,BA,business analyst,3,129,1279
gb-5867151553,20260904,gb,BI,BI analyst,1,5,37
gb-5867151553,20260904,gb,DA,data analyst,2,94,742
gb-5867171432,20260904,gb,DA,data analyst,2,93,742
gb-5867181562,20260904,gb,BA,business analyst,3,128,1279
gb-5867187726,20260904,gb,DA,data analyst,2,92,742
gb-5867187859,20260904,gb,DA,data analyst,2,91,742
gb-5867188589,20260904,gb,DA,data analyst,2,90,742
gb-5867228167,20260904,gb,BA,business analyst,3,127,1279
gb-5867228952,20260904,gb,BA,business analyst,3,126,1279
gb-5867235621,20260904,gb,DA,data analyst,2,89,742
gb-5867236624,20260904,gb,DA,data analyst,2,88,742
gb-5867237314,20260904,gb,DA,data analyst,2,87,742
gb-5867244023,20260904,gb,BA,business analyst,3,125,1279
gb-5867249007,20260904,gb,BA,business analyst,3,124,1279
gb-5867249007,20260904,gb,BI,business intelligence analyst,1,12,36
gb-5867249869,20260904,gb,DA,data analyst,2,86,742
gb-5867251190,20260904,gb,DA,data analyst,2,85,742
gb-5867251978,20260904,gb,DA,data analyst,2,84,742
gb-5867274265,20260904,gb,BA,business analyst,3,123,1279
gb-5867274435,20260904,gb,BA,business analyst,3,122,1279
gb-5867279261,20260904,gb,BA,business analyst,3,121,1279
gb-5867279771,20260904,gb,BA,business analyst,3,120,1279
gb-5867282858,20260904,gb,DA,data analyst,2,83,742
gb-5867305091,20260904,gb,BA,business analyst,3,119,1279
gb-5867306037,20260904,gb,DA,data analyst,2,82,742
gb-5867316849,20260904,gb,DA,data analyst,2,81,742
gb-5867333398,20260904,gb,BA,business analyst,3,118,1279
gb-5867338630,20260904,gb,DA,data analyst,2,80,742
gb-5867414466,20260904,gb,DA,data analyst,2,79,742
gb-5867507447,20260904,gb,DA,data analyst,2,78,742
gb-5867515337,20260904,gb,BA,business analyst,3,117,1279
gb-5867515337,20260904,gb,BI,business intelligence analyst,1,11,36
gb-5867530033,20260904,gb,DA,data analyst,2,77,742
gb-5867562617,20260904,gb,BA,business analyst,3,116,1279
gb-5867626094,20260904,gb,BA,business analyst,3,115,1279
gb-5867641417,20260904,gb,BA,business analyst,3,114,1279
gb-5867642296,20260904,gb,BA,business analyst,3,113,1279
gb-5867643019,20260904,gb,DA,data analyst,2,76,742
gb-5867643027,20260904,gb,DA,data analyst,2,75,742
gb-5867644630,20260904,gb,BA,business analyst,3,112,1279
gb-5867645588,20260904,gb,BA,business analyst,3,110,1279
gb-5867645591,20260904,gb,BA,business analyst,3,111,1279
gb-5867645592,20260904,gb,BA,business analyst,3,109,1279
gb-5867645763,20260904,gb,BA,business analyst,3,108,1279
gb-5867645767,20260904,gb,BA,business analyst,3,105,1279
gb-5867645768,20260904,gb,BA,business analyst,3,107,1279
gb-5867645768,20260904,gb,BI,business intelligence analyst,1,10,36
gb-5867645772,20260904,gb,DA,data analyst,2,74,742
gb-5867645773,20260904,gb,BA,business analyst,3,106,1279
gb-5867702477,20260904,gb,DA,data analyst,2,73,742
gb-5867726461,20260904,gb,BI,BI analyst,1,4,37
gb-5867727563,20260904,gb,BA,business analyst,3,104,1279
gb-5867727691,20260904,gb,BA,business analyst,3,103,1279
gb-5867727691,20260904,gb,BI,business intelligence analyst,1,9,36
gb-5867730506,20260904,gb,DA,data analyst,2,72,742
gb-5867756173,20260904,gb,BA,business analyst,3,102,1279
gb-5867756760,20260904,gb,DA,data analyst,2,71,742
gb-5867757879,20260904,gb,BA,business analyst,3,101,1279
gb-5868077100,20260904,gb,BA,business analyst,2,100,1279
gb-5868099172,20260904,gb,BA,business analyst,2,99,1279
gb-5868109801,20260904,gb,DA,data analyst,2,70,742
gb-5868148988,20260904,gb,BA,business analyst,2,98,1279
gb-5868148988,20260904,gb,BI,business intelligence analyst,1,8,36
gb-5868151937,20260904,gb,BA,business analyst,2,97,1279
gb-5868152267,20260904,gb,BA,business analyst,2,96,1279
gb-5868292468,20260904,gb,DA,data analyst,2,69,742
gb-5868301226,20260904,gb,BA,business analyst,2,95,1279
gb-5868301591,20260904,gb,BA,business analyst,2,94,1279
gb-5868417643,20260904,gb,BA,business analyst,2,93,1279
gb-5868457217,20260904,gb,BA,business analyst,2,92,1279
gb-5868457874,20260904,gb,DA,data analyst,2,68,742
gb-5868457878,20260904,gb,DA,data analyst,2,66,742
gb-5868457898,20260904,gb,DA,data analyst,2,67,742
gb-5868542800,20260904,gb,BA,business analyst,2,91,1279
gb-5868542852,20260904,gb,DA,data analyst,2,65,742
gb-5868766886,20260904,gb,BA,business analyst,2,89,1279
gb-5868766897,20260904,gb,BA,business analyst,2,90,1279
gb-5868767027,20260904,gb,BA,business analyst,2,88,1279
gb-5868767089,20260904,gb,BA,business analyst,2,87,1279
gb-5868767157,20260904,gb,BA,business analyst,2,86,1279
gb-5868767169,20260904,gb,BA,business analyst,2,85,1279
gb-5868767174,20260904,gb,DA,data analyst,2,64,742
gb-5868767487,20260904,gb,BA,business analyst,2,82,1279
gb-5868767510,20260904,gb,BA,business analyst,2,83,1279
gb-5868767510,20260904,gb,BI,business intelligence analyst,1,7,36
gb-5868767517,20260904,gb,BA,business analyst,2,81,1279
gb-5868767517,20260904,gb,BI,business intelligence analyst,1,6,36
gb-5868767519,20260904,gb,BA,business analyst,2,84,1279
gb-5868767560,20260904,gb,BA,business analyst,2,79,1279
gb-5868767582,20260904,gb,BA,business analyst,2,80,1279
gb-5868767667,20260904,gb,DA,data analyst,2,62,742
gb-5868767755,20260904,gb,BA,business analyst,2,77,1279
gb-5868767760,20260904,gb,DA,data analyst,2,63,742
gb-5868767785,20260904,gb,BA,business analyst,2,78,1279
gb-5868767958,20260904,gb,BA,business analyst,2,76,1279
gb-5868767979,20260904,gb,DA,data analyst,2,61,742
gb-5868776956,20260904,gb,BA,business analyst,2,75,1279
gb-5868779114,20260904,gb,DA,data analyst,2,60,742
gb-5868804489,20260904,gb,BA,business analyst,2,74,1279
gb-5868804516,20260904,gb,DA,data analyst,2,59,742
gb-5868804602,20260904,gb,DA,data analyst,2,57,742
gb-5868804623,20260904,gb,DA,data analyst,2,58,742
gb-5868804734,20260904,gb,DA,data analyst,2,55,742
gb-5868804739,20260904,gb,BA,business analyst,2,72,1279
gb-5868804753,20260904,gb,BA,business analyst,2,73,1279
gb-5868804757,20260904,gb,DA,data analyst,2,56,742
gb-5868804964,20260904,gb,BA,business analyst,2,70,1279
gb-5868804972,20260904,gb,DA,data analyst,2,54,742
gb-5868804984,20260904,gb,BA,business analyst,2,71,1279
gb-5868805062,20260904,gb,BA,business analyst,2,69,1279
gb-5868805111,20260904,gb,DA,data analyst,2,53,742
gb-5868805425,20260904,gb,DA,data analyst,2,52,742
gb-5868805430,20260904,gb,BA,business analyst,2,68,1279
gb-5868805681,20260904,gb,BA,business analyst,2,67,1279
gb-5868805681,20260904,gb,DA,data analyst,2,51,742
gb-5868805768,20260904,gb,BA,business analyst,2,66,1279
gb-5868805774,20260904,gb,BA,business analyst,2,65,1279
gb-5868805871,20260904,gb,BA,business analyst,2,64,1279
gb-5868805873,20260904,gb,DA,data analyst,1,50,742
gb-5868805902,20260904,gb,DA,data analyst,1,49,742
gb-5868805944,20260904,gb,BA,business analyst,2,63,1279
gb-5868805944,20260904,gb,BI,business intelligence analyst,1,5,36
gb-5868805982,20260904,gb,BA,business analyst,2,62,1279
gb-5868805982,20260904,gb,BI,business intelligence analyst,1,4,36
gb-5868805982,20260904,gb,DA,data analyst,1,47,742
gb-5868806004,20260904,gb,DA,data analyst,1,48,742
gb-5868813184,20260904,gb,BA,business analyst,2,61,1279
gb-5868813596,20260904,gb,BA,business analyst,2,60,1279
gb-5868891748,20260904,gb,BA,business analyst,2,59,1279
gb-5868891748,20260904,gb,BI,business intelligence analyst,1,3,36
gb-5868906185,20260904,gb,BA,business analyst,2,58,1279
gb-5868906307,20260904,gb,BA,business analyst,2,57,1279
gb-5868909048,20260904,gb,BA,business analyst,2,56,1279
gb-5868909139,20260904,gb,BA,business analyst,2,55,1279
gb-5868913954,20260904,gb,DA,data analyst,1,46,742
gb-5868917250,20260904,gb,BA,business analyst,2,54,1279
gb-5868918352,20260904,gb,DA,data analyst,1,45,742
gb-5868919242,20260904,gb,BA,business analyst,2,53,1279
gb-5868919289,20260904,gb,BA,business analyst,2,52,1279
gb-5868923003,20260904,gb,BA,business analyst,2,51,1279
gb-5868976745,20260904,gb,BA,business analyst,1,50,1279
gb-5868976745,20260904,gb,DA,data analyst,1,44,742
gb-5868984171,20260904,gb,DA,data analyst,1,43,742
gb-5868984224,20260904,gb,BA,business analyst,1,49,1279
gb-5868984242,20260904,gb,BA,business analyst,1,48,1279
gb-5868990973,20260904,gb,DA,data analyst,1,42,742
gb-5869005150,20260904,gb,BA,business analyst,1,47,1279
gb-5869075476,20260904,gb,DA,data analyst,1,41,742
gb-5869085746,20260904,gb,BA,business analyst,1,46,1279
gb-5869105942,20260904,gb,DA,data analyst,1,40,742
gb-5869120196,20260904,gb,BA,business analyst,1,45,1279
gb-5869120401,20260904,gb,BA,business analyst,1,44,1279
gb-5869121529,20260904,gb,BA,business analyst,1,43,1279
gb-5869121529,20260904,gb,DA,data analyst,1,39,742
gb-5869134880,20260904,gb,BA,business analyst,1,42,1279
gb-5869150614,20260904,gb,DA,data analyst,1,38,742
gb-5869150885,20260904,gb,BA,business analyst,1,41,1279
gb-5869151509,20260904,gb,BA,business analyst,1,40,1279
gb-5869152296,20260904,gb,BI,BI analyst,1,3,37
gb-5869155664,20260904,gb,DA,data analyst,1,37,742
gb-5869157546,20260904,gb,BA,business analyst,1,39,1279
gb-5869157666,20260904,gb,DA,data analyst,1,36,742
gb-5869161425,20260904,gb,BA,business analyst,1,38,1279
gb-5869180933,20260904,gb,BI,BI analyst,1,2,37
gb-5869183304,20260904,gb,DA,data analyst,1,35,742
gb-5869193044,20260904,gb,BA,business analyst,1,37,1279
gb-5869196700,20260904,gb,DA,data analyst,1,34,742
gb-5869198302,20260904,gb,DA,data analyst,1,33,742
gb-5869208889,20260904,gb,DA,data analyst,1,32,742
gb-5869213473,20260904,gb,DA,data analyst,1,31,742
gb-5869301662,20260904,gb,DA,data analyst,1,30,742
gb-5869442593,20260904,gb,BA,business analyst,1,36,1279
gb-5869442717,20260904,gb,BA,business analyst,1,35,1279
gb-5869442923,20260904,gb,BA,business analyst,1,34,1279
gb-5869442923,20260904,gb,BI,business intelligence analyst,1,2,36
gb-5869444083,20260904,gb,BA,business analyst,1,33,1279
gb-5869444098,20260904,gb,DA,data analyst,1,28,742
gb-5869444100,20260904,gb,BA,business analyst,1,32,1279
gb-5869444100,20260904,gb,DA,data analyst,1,29,742
gb-5869444112,20260904,gb,BA,business analyst,1,30,1279
gb-5869444118,20260904,gb,BA,business analyst,1,31,1279
gb-5869444118,20260904,gb,DA,data analyst,1,27,742
gb-5869444131,20260904,gb,BA,business analyst,1,29,1279
gb-5869452153,20260904,gb,BA,business analyst,1,28,1279
gb-5869452153,20260904,gb,BI,business intelligence analyst,1,1,36
gb-5869479486,20260904,gb,BA,business analyst,1,27,1279
gb-5869493390,20260904,gb,DA,data analyst,1,26,742
gb-5869493833,20260904,gb,BA,business analyst,1,26,1279
gb-5869508533,20260904,gb,BA,business analyst,1,25,1279
gb-5869519856,20260904,gb,BA,business analyst,1,24,1279
gb-5869520056,20260904,gb,BA,business analyst,1,23,1279
gb-5869520124,20260904,gb,BA,business analyst,1,22,1279
gb-5869544669,20260904,gb,DA,data analyst,1,25,742
gb-5869545079,20260904,gb,DA,data analyst,1,24,742
gb-5869547950,20260904,gb,BA,business analyst,1,21,1279
gb-5869548394,20260904,gb,BA,business analyst,1,20,1279
gb-5869548394,20260904,gb,DA,data analyst,1,23,742
gb-5869549719,20260904,gb,DA,data analyst,1,22,742
gb-5869550457,20260904,gb,BI,BI analyst,1,1,37
gb-5869552149,20260904,gb,BA,business analyst,1,19,1279
gb-5869552162,20260904,gb,DA,data analyst,1,20,742
gb-5869552164,20260904,gb,DA,data analyst,1,21,742
gb-5869554109,20260904,gb,DA,data analyst,1,19,742
gb-5869554110,20260904,gb,BA,business analyst,1,16,1279
gb-5869554111,20260904,gb,BA,business analyst,1,17,1279
gb-5869554114,20260904,gb,BA,business analyst,1,15,1279
gb-5869554116,20260904,gb,BA,business analyst,1,18,1279
gb-5869554876,20260904,gb,BA,business analyst,1,14,1279
gb-5869559727,20260904,gb,BA,business analyst,1,13,1279
gb-5869559762,20260904,gb,DA,data analyst,1,18,742
gb-5869562897,20260904,gb,BA,business analyst,1,12,1279
gb-5869586939,20260904,gb,DA,data analyst,1,17,742
gb-5869594779,20260904,gb,DA,data analyst,1,16,742
gb-5869622912,20260904,gb,DA,data analyst,1,15,742
gb-5869662130,20260904,gb,BA,business analyst,1,11,1279
gb-5869782932,20260904,gb,BA,business analyst,1,10,1279
gb-5869786573,20260904,gb,BA,business analyst,1,9,1279
gb-5869789329,20260904,gb,BA,business analyst,1,8,1279
gb-5869799826,20260904,gb,DA,data analyst,1,14,742
gb-5869804842,20260904,gb,BA,business analyst,1,7,1279
gb-5869804868,20260904,gb,DA,data analyst,1,13,742
gb-5869818354,20260904,gb,BA,business analyst,1,6,1279
gb-5869886950,20260904,gb,DA,data analyst,1,6,742
gb-5869886951,20260904,gb,DA,data analyst,1,12,742
gb-5869886952,20260904,gb,DA,data analyst,1,11,742
gb-5869886953,20260904,gb,DA,data analyst,1,10,742
gb-5869886955,20260904,gb,DA,data analyst,1,9,742
gb-5869886956,20260904,gb,DA,data analyst,1,8,742
gb-5869886957,20260904,gb,DA,data analyst,1,7,742
gb-5869886960,20260904,gb,DA,data analyst,1,5,742
gb-5869942796,20260904,gb,BA,business analyst,1,4,1279
gb-5869942801,20260904,gb,BA,business analyst,1,5,1279
gb-5869964105,20260904,gb,BA,business analyst,1,3,1279
gb-5870167398,20260904,gb,DA,data analyst,1,4,742
gb-5870168290,20260904,gb,DA,data analyst,1,3,742
gb-5870168292,20260904,gb,BA,business analyst,1,2,1279
gb-5870432930,20260904,gb,BA,business analyst,1,1,1279
gb-5870549762,20260904,gb,DA,data analyst,1,2,742
gb-5870597643,20260904,gb,DA,data analyst,1,1,742
ch-4907507246,20260905,ch,BA,business analyst,4,196,196
ch-5049642724,20260905,ch,BA,business analyst,4,195,196
ch-5102286206,20260905,ch,BA,business analyst,4,194,196
ch-5253192882,20260905,ch,BA,business analyst,4,193,196
ch-5415997589,20260905,ch,BA,business analyst,4,192,196
ch-5501296599,20260905,ch,BA,business analyst,4,190,196
ch-5501296602,20260905,ch,BA,business analyst,4,191,196
ch-5544982395,20260905,ch,BA,business analyst,4,189,196
ch-5582074518,20260905,ch,BA,business analyst,4,188,196
ch-5624904803,20260905,ch,BA,business analyst,4,187,196
ch-5662130334,20260905,ch,BA,business analyst,4,186,196
ch-5706900763,20260905,ch,BA,business analyst,4,185,196
ch-5723540051,20260905,ch,BA,business analyst,4,184,196
ch-5723540105,20260905,ch,BA,business analyst,4,183,196
ch-5727378938,20260905,ch,BA,business analyst,4,182,196
ch-5727381173,20260905,ch,BA,business analyst,4,181,196
ch-5728539859,20260905,ch,BA,business analyst,4,180,196
ch-5736527696,20260905,ch,BA,business analyst,4,179,196
ch-5737723571,20260905,ch,BA,business analyst,4,178,196
ch-5751722820,20260905,ch,BA,business analyst,4,177,196
ch-5752476574,20260905,ch,BA,business analyst,4,176,196
ch-5754205825,20260905,ch,BA,business analyst,4,175,196
ch-5763015516,20260905,ch,BA,business analyst,4,174,196
ch-5772045252,20260905,ch,BA,business analyst,4,173,196
ch-5779533751,20260905,ch,BA,business analyst,4,172,196
ch-5781488841,20260905,ch,BA,business analyst,4,171,196
ch-5784532475,20260905,ch,BA,business analyst,4,170,196
ch-5791318020,20260905,ch,BA,business analyst,4,169,196
ch-5795995207,20260905,ch,BA,business analyst,4,168,196
ch-5795995207,20260905,ch,DA,data analyst,1,32,32
ch-5798343353,20260905,ch,BA,business analyst,4,167,196
ch-5799099810,20260905,ch,DA,data analyst,1,31,32
ch-5805053425,20260905,ch,BA,business analyst,4,166,196
ch-5805464955,20260905,ch,BA,business analyst,4,165,196
ch-5805464955,20260905,ch,DA,data analyst,1,30,32
ch-5810001868,20260905,ch,BA,business analyst,4,164,196
ch-5810001868,20260905,ch,DA,data analyst,1,29,32
ch-5811519370,20260905,ch,BA,business analyst,4,163,196
ch-5814610054,20260905,ch,BA,business analyst,4,162,196
ch-5814700994,20260905,ch,BA,business analyst,4,161,196
ch-5814701018,20260905,ch,BA,business analyst,4,160,196
ch-5822720275,20260905,ch,BA,business analyst,4,159,196
ch-5822996836,20260905,ch,BA,business analyst,4,158,196
ch-5822997268,20260905,ch,BA,business analyst,4,157,196
ch-5826138284,20260905,ch,BA,business analyst,4,156,196
ch-5829693990,20260905,ch,BA,business analyst,4,155,196
ch-5830857008,20260905,ch,BA,business analyst,4,154,196
ch-5832285104,20260905,ch,DA,data analyst,1,28,32
ch-5832355656,20260905,ch,BA,business analyst,4,153,196
ch-5832355656,20260905,ch,DA,data analyst,1,27,32
ch-5834044745,20260905,ch,BA,business analyst,4,152,196
ch-5837128521,20260905,ch,BA,business analyst,4,151,196
ch-5840951023,20260905,ch,BA,business analyst,3,150,196
ch-5841638762,20260905,ch,BA,business analyst,3,149,196
ch-5841641655,20260905,ch,BA,business analyst,3,148,196
ch-5841645920,20260905,ch,BA,business analyst,3,147,196
ch-5841647275,20260905,ch,BA,business analyst,3,146,196
ch-5841650730,20260905,ch,BA,business analyst,3,145,196
ch-5841650730,20260905,ch,DA,data analyst,1,26,32
ch-5841656718,20260905,ch,BA,business analyst,3,144,196
ch-5841660097,20260905,ch,BA,business analyst,3,143,196
ch-5841663916,20260905,ch,BA,business analyst,3,141,196
ch-5841664012,20260905,ch,BA,business analyst,3,142,196
ch-5841666061,20260905,ch,BA,business analyst,3,140,196
ch-5841674749,20260905,ch,BA,business analyst,3,139,196
ch-5841677323,20260905,ch,BA,business analyst,3,138,196
ch-5841678642,20260905,ch,BA,business analyst,3,137,196
ch-5842832011,20260905,ch,BA,business analyst,3,136,196
ch-5843423869,20260905,ch,BA,business analyst,3,135,196
ch-5844501683,20260905,ch,BA,business analyst,3,134,196
ch-5844501799,20260905,ch,DA,data analyst,1,25,32
ch-5844661707,20260905,ch,DA,data analyst,1,24,32
ch-5844661743,20260905,ch,BA,business analyst,3,133,196
ch-5844661746,20260905,ch,BA,business analyst,3,132,196
ch-5845481413,20260905,ch,BA,business analyst,3,131,196
ch-5845481413,20260905,ch,BI,business intelligence analyst,1,2,2
ch-5845481413,20260905,ch,DA,data analyst,1,23,32
ch-5846521489,20260905,ch,BA,business analyst,3,130,196
ch-5846526241,20260905,ch,BA,business analyst,3,129,196
ch-5848038718,20260905,ch,BA,business analyst,3,128,196
ch-5848972179,20260905,ch,BA,business analyst,3,127,196
ch-5849618306,20260905,ch,BA,business analyst,3,126,196
ch-5850864273,20260905,ch,BA,business analyst,3,125,196
ch-5851422313,20260905,ch,BA,business analyst,3,124,196
ch-5851683322,20260905,ch,DA,data analyst,1,22,32
ch-5851872574,20260905,ch,BA,business analyst,3,123,196
ch-5852323293,20260905,ch,BA,business analyst,3,122,196
ch-5853039171,20260905,ch,BA,business analyst,3,121,196
ch-5853533474,20260905,ch,BA,business analyst,3,120,196
ch-5853533670,20260905,ch,BA,business analyst,3,119,196
ch-5853593040,20260905,ch,BA,business analyst,3,118,196
ch-5853882183,20260905,ch,DA,data analyst,1,21,32
ch-5853882264,20260905,ch,BA,business analyst,3,116,196
ch-5853882351,20260905,ch,BA,business analyst,3,117,196
ch-5853882472,20260905,ch,DA,data analyst,1,20,32
ch-5853961952,20260905,ch,DA,data analyst,1,19,32
ch-5853962010,20260905,ch,BA,business analyst,3,115,196
ch-5854357121,20260905,ch,BA,business analyst,3,114,196
ch-5854358837,20260905,ch,BA,business analyst,3,113,196
ch-5854361495,20260905,ch,BA,business analyst,3,112,196
ch-5854361611,20260905,ch,DA,data analyst,1,18,32
ch-5854362058,20260905,ch,BA,business analyst,3,111,196
ch-5854362058,20260905,ch,BI,business intelligence analyst,1,1,2
ch-5854362058,20260905,ch,DA,data analyst,1,17,32
ch-5854362105,20260905,ch,BA,business analyst,3,110,196
ch-5854363607,20260905,ch,BA,business analyst,3,109,196
ch-5854383299,20260905,ch,BA,business analyst,3,108,196
ch-5855235962,20260905,ch,BA,business analyst,3,107,196
ch-5855316718,20260905,ch,BA,business analyst,3,106,196
ch-5855319525,20260905,ch,BA,business analyst,3,105,196
ch-5856657226,20260905,ch,BA,business analyst,3,103,196
ch-5856657239,20260905,ch,BA,business analyst,3,104,196
ch-5856657614,20260905,ch,BA,business analyst,3,102,196
ch-5856657772,20260905,ch,BA,business analyst,3,101,196
ch-5856658307,20260905,ch,BA,business analyst,2,99,196
ch-5856658308,20260905,ch,BA,business analyst,2,100,196
ch-5856658308,20260905,ch,DA,data analyst,1,16,32
ch-5856658925,20260905,ch,BA,business analyst,2,98,196
ch-5856659968,20260905,ch,BA,business analyst,2,97,196
ch-5856741570,20260905,ch,BA,business analyst,2,96,196
ch-5856741699,20260905,ch,BA,business analyst,2,95,196
ch-5856742226,20260905,ch,BA,business analyst,2,94,196
ch-5858108261,20260905,ch,BA,business analyst,2,93,196
ch-5858108334,20260905,ch,BA,business analyst,2,92,196
ch-5858108492,20260905,ch,BA,business analyst,2,91,196
ch-5858108772,20260905,ch,BA,business analyst,2,90,196
ch-5858109433,20260905,ch,BA,business analyst,2,89,196
ch-5858109692,20260905,ch,BA,business analyst,2,88,196
ch-5858191100,20260905,ch,BA,business analyst,2,87,196
ch-5858191337,20260905,ch,BA,business analyst,2,86,196
ch-5858191352,20260905,ch,DA,data analyst,1,15,32
ch-5858200279,20260905,ch,BA,business analyst,2,85,196
ch-5858655034,20260905,ch,BA,business analyst,2,83,196
ch-5858655034,20260905,ch,DA,data analyst,1,13,32
ch-5858655041,20260905,ch,BA,business analyst,2,84,196
ch-5858655041,20260905,ch,DA,data analyst,1,14,32
ch-5858699531,20260905,ch,DA,data analyst,1,12,32
ch-5858930041,20260905,ch,BA,business analyst,2,82,196
ch-5858930499,20260905,ch,DA,data analyst,1,11,32
ch-5858930900,20260905,ch,BA,business analyst,2,81,196
ch-5858930900,20260905,ch,DA,data analyst,1,10,32
ch-5858931856,20260905,ch,BA,business analyst,2,80,196
ch-5859562226,20260905,ch,BA,business analyst,2,79,196
ch-5859562509,20260905,ch,BA,business analyst,2,78,196
ch-5859623248,20260905,ch,BA,business analyst,2,77,196
ch-5859625118,20260905,ch,BA,business analyst,2,76,196
ch-5859625414,20260905,ch,BA,business analyst,2,75,196
ch-5859625738,20260905,ch,BA,business analyst,2,74,196
ch-5860025516,20260905,ch,BI,BI analyst,1,3,3
ch-5860025516,20260905,ch,BA,business analyst,2,73,196
ch-5860025567,20260905,ch,BA,business analyst,2,71,196
ch-5860025591,20260905,ch,BA,business analyst,2,72,196
ch-5860025604,20260905,ch,DA,data analyst,1,9,32
ch-5860954532,20260905,ch,BA,business analyst,2,70,196
ch-5861035230,20260905,ch,BA,business analyst,2,69,196
ch-5861038915,20260905,ch,DA,data analyst,1,8,32
ch-5861621182,20260905,ch,DA,data analyst,1,7,32
ch-5861621342,20260905,ch,BA,business analyst,2,68,196
ch-5862206206,20260905,ch,BA,business analyst,2,67,196
ch-5862206270,20260905,ch,DA,data analyst,1,6,32
ch-5862206634,20260905,ch,BA,business analyst,2,66,196
ch-5862212824,20260905,ch,BI,BI analyst,1,2,3
ch-5862212824,20260905,ch,BA,business analyst,2,65,196
ch-5862876803,20260905,ch,BA,business analyst,2,64,196
ch-5862909113,20260905,ch,BA,business analyst,2,63,196
ch-5862911922,20260905,ch,BA,business analyst,2,62,196
ch-5862915600,20260905,ch,BA,business analyst,2,61,196
ch-5863094617,20260905,ch,DA,data analyst,1,5,32
ch-5863591272,20260905,ch,BA,business analyst,2,60,196
ch-5864095581,20260905,ch,BA,business analyst,2,59,196
ch-5864313658,20260905,ch,BA,business analyst,2,58,196
ch-5864317496,20260905,ch,BA,business analyst,2,57,196
ch-5864318861,20260905,ch,DA,data analyst,1,4,32
ch-5864319035,20260905,ch,BA,business analyst,2,56,196
ch-5864521373,20260905,ch,BA,business analyst,2,55,196
ch-5865208172,20260905,ch,BA,business analyst,2,54,196
ch-5865238768,20260905,ch,BA,business analyst,2,53,196
ch-5866723075,20260905,ch,BA,business analyst,2,52,196
ch-5866773861,20260905,ch,BA,business analyst,2,51,196
ch-5866881818,20260905,ch,BA,business analyst,1,50,196
ch-5866883860,20260905,ch,BA,business analyst,1,49,196
ch-5866885100,20260905,ch,BA,business analyst,1,48,196
ch-5866891317,20260905,ch,DA,data analyst,1,3,32
ch-5866893383,20260905,ch,BA,business analyst,1,47,196
ch-5867052084,20260905,ch,BA,business analyst,1,46,196
ch-5867052309,20260905,ch,BA,business analyst,1,45,196
ch-5867053397,20260905,ch,BA,business analyst,1,44,196
ch-5867073213,20260905,ch,BA,business analyst,1,43,196
ch-5867074233,20260905,ch,BA,business analyst,1,42,196
ch-5867075609,20260905,ch,BA,business analyst,1,41,196
ch-5867084032,20260905,ch,BA,business analyst,1,40,196
ch-5867085074,20260905,ch,BA,business analyst,1,39,196
ch-5867624725,20260905,ch,BA,business analyst,1,38,196
ch-5868666197,20260905,ch,BA,business analyst,1,37,196
ch-5868666937,20260905,ch,BA,business analyst,1,36,196
ch-5868667867,20260905,ch,BA,business analyst,1,35,196
ch-5868668405,20260905,ch,BA,business analyst,1,34,196
ch-5868668610,20260905,ch,BA,business analyst,1,33,196
ch-5868880783,20260905,ch,BI,BI analyst,1,1,3
ch-5868880783,20260905,ch,BA,business analyst,1,32,196
ch-5868880944,20260905,ch,DA,data analyst,1,2,32
ch-5868882186,20260905,ch,BA,business analyst,1,31,196
ch-5868886922,20260905,ch,BA,business analyst,1,30,196
ch-5868887400,20260905,ch,BA,business analyst,1,29,196
ch-5868888097,20260905,ch,BA,business analyst,1,28,196
ch-5869532600,20260905,ch,BA,business analyst,1,27,196
ch-5870421670,20260905,ch,BA,business analyst,1,26,196
ch-5870422551,20260905,ch,BA,business analyst,1,25,196
ch-5870422848,20260905,ch,BA,business analyst,1,24,196
ch-5870423336,20260905,ch,BA,business analyst,1,23,196
ch-5870423531,20260905,ch,BA,business analyst,1,22,196
ch-5870580469,20260905,ch,BA,business analyst,1,21,196
ch-5870580585,20260905,ch,BA,business analyst,1,20,196
ch-5870587128,20260905,ch,BA,business analyst,1,19,196
ch-5870588150,20260905,ch,BA,business analyst,1,18,196
ch-5870590169,20260905,ch,BA,business analyst,1,17,196
ch-5870590503,20260905,ch,BA,business analyst,1,16,196
ch-5870592926,20260905,ch,DA,data analyst,1,1,32
ch-5870595035,20260905,ch,BA,business analyst,1,15,196
ch-5870595201,20260905,ch,BA,business analyst,1,14,196
ch-5870595224,20260905,ch,BA,business analyst,1,13,196
ch-5870597130,20260905,ch,BA,business analyst,1,12,196
ch-5870597583,20260905,ch,BA,business analyst,1,11,196
ch-5870599269,20260905,ch,BA,business analyst,1,10,196
ch-5871134674,20260905,ch,BA,business analyst,1,9,196
ch-5871135120,20260905,ch,BA,business analyst,1,8,196
ch-5871135198,20260905,ch,BA,business analyst,1,7,196
ch-5871135545,20260905,ch,BA,business analyst,1,6,196
ch-5871764843,20260905,ch,BA,business analyst,1,5,196
ch-5871765319,20260905,ch,BA,business analyst,1,3,196
ch-5871765321,20260905,ch,BA,business analyst,1,4,196
ch-5871765334,20260905,ch,BA,business analyst,1,2,196
ch-5871766315,20260905,ch,BA,business analyst,1,1,196
de-5330215394,20260905,de,BI,BI analyst,1,21,21
de-5479764604,20260905,de,BI,BI analyst,1,20,21
de-5485143529,20260905,de,DA,datenanalyst,1,37,37
de-5576705961,20260905,de,DA,datenanalyst,1,36,37
de-5622127807,20260905,de,DA,datenanalyst,1,35,37
de-5632671837,20260905,de,DA,datenanalyst,1,34,37
de-5727102241,20260905,de,BI,business intelligence analyst,1,14,14
de-5727297937,20260905,de,BI,BI analyst,1,19,21
de-5746660312,20260905,de,BI,business intelligence analyst,1,13,14
de-5751150763,20260905,de,BI,BI analyst,1,18,21
de-5774396511,20260905,de,BI,BI analyst,1,17,21
de-5780558194,20260905,de,DA,data analyst,5,250,316
de-5780991585,20260905,de,DA,data analyst,5,249,316
de-5782547945,20260905,de,DA,data analyst,5,248,316
de-5784282088,20260905,de,DA,data analyst,5,247,316
de-5786675236,20260905,de,DA,data analyst,5,246,316
de-5786675237,20260905,de,DA,data analyst,5,245,316
de-5786679727,20260905,de,DA,data analyst,5,244,316
de-5787325956,20260905,de,DA,datenanalyst,1,33,37
de-5787618351,20260905,de,DA,data analyst,5,243,316
de-5788489663,20260905,de,DA,data analyst,5,242,316
de-5791613467,20260905,de,DA,data analyst,5,241,316
de-5793217303,20260905,de,DA,datenanalyst,1,32,37
de-5793393035,20260905,de,DA,data analyst,5,240,316
de-5794024968,20260905,de,DA,data analyst,5,239,316
de-5794789776,20260905,de,DA,data analyst,5,238,316
de-5794801891,20260905,de,DA,data analyst,5,237,316
de-5796235359,20260905,de,BI,BI analyst,1,16,21
de-5798313105,20260905,de,DA,data analyst,5,236,316
de-5799974240,20260905,de,DA,data analyst,5,235,316
de-5801823022,20260905,de,DA,data analyst,5,234,316
de-5802935348,20260905,de,DA,data analyst,5,232,316
de-5802935351,20260905,de,DA,data analyst,5,233,316
de-5802941272,20260905,de,DA,data analyst,5,231,316
de-5802961901,20260905,de,BI,BI analyst,1,15,21
de-5802963262,20260905,de,DA,data analyst,5,230,316
de-5802969084,20260905,de,DA,data analyst,5,229,316
de-5802971414,20260905,de,DA,data analyst,5,228,316
de-5802975615,20260905,de,DA,data analyst,5,227,316
de-5802980918,20260905,de,DA,data analyst,5,226,316
de-5802987103,20260905,de,DA,data analyst,5,225,316
de-5803454368,20260905,de,DA,data analyst,5,224,316
de-5803923930,20260905,de,DA,datenanalyst,1,31,37
de-5803943655,20260905,de,DA,data analyst,5,223,316
de-5804545971,20260905,de,DA,data analyst,5,222,316
de-5804553762,20260905,de,BI,BI analyst,1,14,21
de-5804554931,20260905,de,DA,data analyst,5,221,316
de-5805353472,20260905,de,DA,data analyst,5,220,316
de-5806175401,20260905,de,DA,data analyst,5,219,316
de-5808204469,20260905,de,DA,datenanalyst,1,30,37
de-5808545407,20260905,de,DA,data analyst,5,218,316
de-5808554689,20260905,de,DA,data analyst,5,217,316
de-5809361546,20260905,de,DA,datenanalyst,1,29,37
de-5810334767,20260905,de,DA,datenanalyst,1,28,37
de-5810565879,20260905,de,DA,data analyst,5,216,316
de-5811155558,20260905,de,DA,data analyst,5,215,316
de-5811747254,20260905,de,DA,data analyst,5,214,316
de-5812407986,20260905,de,DA,data analyst,5,213,316
de-5812644167,20260905,de,DA,data analyst,5,212,316
de-5813675699,20260905,de,DA,data analyst,5,211,316
de-5816408358,20260905,de,DA,data analyst,5,210,316
de-5816415778,20260905,de,BI,BI analyst,1,13,21
de-5816491278,20260905,de,DA,datenanalyst,1,27,37
de-5821137355,20260905,de,DA,data analyst,5,209,316
de-5821322166,20260905,de,DA,data analyst,5,208,316
de-5825713005,20260905,de,DA,data analyst,5,207,316
de-5825713188,20260905,de,DA,data analyst,5,206,316
de-5825767190,20260905,de,DA,data analyst,5,205,316
de-5825806283,20260905,de,DA,data analyst,5,204,316
de-5827630039,20260905,de,DA,data analyst,5,203,316
de-5828967910,20260905,de,DA,data analyst,5,202,316
de-5829292588,20260905,de,DA,data analyst,5,201,316
de-5830637305,20260905,de,BI,BI analyst,1,12,21
de-5830637305,20260905,de,DA,data analyst,4,200,316
de-5830749157,20260905,de,DA,data analyst,4,199,316
de-5831313567,20260905,de,DA,data analyst,4,198,316
de-5831958852,20260905,de,DA,data analyst,4,197,316
de-5831968659,20260905,de,DA,data analyst,4,196,316
de-5832180650,20260905,de,DA,data analyst,4,195,316
de-5832194729,20260905,de,DA,data analyst,4,194,316
de-5833425418,20260905,de,DA,data analyst,4,193,316
de-5833425456,20260905,de,DA,data analyst,4,192,316
de-5833592056,20260905,de,DA,data analyst,4,191,316
de-5833598668,20260905,de,DA,data analyst,4,190,316
de-5833618547,20260905,de,DA,data analyst,4,189,316
de-5833647960,20260905,de,DA,data analyst,4,188,316
de-5833708491,20260905,de,DA,data analyst,4,187,316
de-5834385116,20260905,de,DA,data analyst,4,186,316
de-5834805252,20260905,de,BI,business intelligence analyst,1,12,14
de-5834805252,20260905,de,DA,data analyst,4,185,316
de-5834806004,20260905,de,BI,BI analyst,1,11,21
de-5834806004,20260905,de,DA,data analyst,4,184,316
de-5835180910,20260905,de,BI,BI analyst,1,10,21
de-5835234446,20260905,de,BI,BI analyst,1,9,21
de-5835493879,20260905,de,DA,datenanalyst,1,26,37
de-5835515492,20260905,de,BI,BI analyst,1,8,21
de-5835557994,20260905,de,BI,BI analyst,1,7,21
de-5835557994,20260905,de,DA,data analyst,4,183,316
de-5835783804,20260905,de,DA,data analyst,4,182,316
de-5835794982,20260905,de,DA,data analyst,4,181,316
de-5835856791,20260905,de,BI,BI analyst,1,6,21
de-5838216392,20260905,de,DA,data analyst,4,180,316
de-5838375932,20260905,de,DA,data analyst,4,179,316
de-5838611141,20260905,de,DA,data analyst,4,178,316
de-5838745256,20260905,de,DA,data analyst,4,177,316
de-5840262921,20260905,de,DA,data analyst,4,176,316
de-5840355044,20260905,de,DA,data analyst,4,175,316
de-5840508797,20260905,de,DA,data analyst,4,174,316
de-5841890799,20260905,de,DA,data analyst,4,173,316
de-5841997634,20260905,de,DA,data analyst,4,172,316
de-5842039733,20260905,de,DA,data analyst,4,171,316
de-5842047732,20260905,de,DA,data analyst,4,170,316
de-5842069766,20260905,de,DA,data analyst,4,169,316
de-5842729684,20260905,de,DA,data analyst,4,168,316
de-5843162084,20260905,de,DA,data analyst,4,167,316
de-5843240583,20260905,de,DA,data analyst,4,166,316
de-5843300954,20260905,de,DA,data analyst,4,165,316
de-5844198313,20260905,de,BI,BI analyst,1,5,21
de-5844372604,20260905,de,DA,data analyst,4,164,316
de-5845778274,20260905,de,DA,data analyst,4,163,316
de-5845897971,20260905,de,DA,data analyst,4,162,316
de-5847068515,20260905,de,DA,data analyst,4,161,316
de-5847435609,20260905,de,DA,datenanalyst,1,25,37
de-5847626132,20260905,de,DA,data analyst,4,160,316
de-5847687462,20260905,de,DA,data analyst,4,159,316
de-5847722529,20260905,de,DA,data analyst,4,158,316
de-5848032631,20260905,de,DA,data analyst,4,157,316
de-5848115620,20260905,de,BI,BI analyst,1,4,21
de-5848115620,20260905,de,DA,data analyst,4,156,316
de-5848128975,20260905,de,DA,data analyst,4,155,316
de-5848232080,20260905,de,DA,data analyst,4,154,316
de-5848345509,20260905,de,DA,data analyst,4,153,316
de-5848496731,20260905,de,DA,data analyst,4,152,316
de-5848533692,20260905,de,DA,data analyst,4,151,316
de-5848586738,20260905,de,DA,data analyst,3,150,316
de-5849082736,20260905,de,DA,datenanalyst,1,24,37
de-5849183765,20260905,de,DA,data analyst,3,149,316
de-5849251398,20260905,de,DA,data analyst,3,148,316
de-5849315005,20260905,de,DA,data analyst,3,147,316
de-5849325391,20260905,de,DA,data analyst,3,146,316
de-5849585787,20260905,de,DA,data analyst,3,145,316
de-5849585790,20260905,de,DA,data analyst,3,144,316
de-5849769507,20260905,de,DA,data analyst,3,143,316
de-5849808301,20260905,de,DA,data analyst,3,142,316
de-5850001762,20260905,de,DA,data analyst,3,141,316
de-5850159030,20260905,de,DA,data analyst,3,140,316
de-5850165033,20260905,de,DA,data analyst,3,139,316
de-5850417363,20260905,de,DA,data analyst,3,138,316
de-5850731785,20260905,de,DA,data analyst,3,137,316
de-5851307364,20260905,de,DA,data analyst,3,136,316
de-5851313135,20260905,de,DA,data analyst,3,135,316
de-5851326698,20260905,de,DA,data analyst,3,134,316
de-5851345939,20260905,de,DA,datenanalyst,1,23,37
de-5851395837,20260905,de,DA,data analyst,3,133,316
de-5852181999,20260905,de,DA,data analyst,3,132,316
de-5852480853,20260905,de,DA,data analyst,3,131,316
de-5852554192,20260905,de,DA,data analyst,3,130,316
de-5852577992,20260905,de,DA,data analyst,3,129,316
de-5852710200,20260905,de,DA,datenanalyst,1,22,37
de-5853561751,20260905,de,DA,datenanalyst,1,21,37
de-5853565462,20260905,de,DA,data analyst,3,128,316
de-5853565462,20260905,de,DA,datenanalyst,1,20,37
de-5853621838,20260905,de,DA,data analyst,3,127,316
de-5853722616,20260905,de,DA,data analyst,3,126,316
de-5854367551,20260905,de,DA,data analyst,3,125,316
de-5854367552,20260905,de,DA,data analyst,3,124,316
de-5854419151,20260905,de,DA,datenanalyst,1,19,37
de-5854422641,20260905,de,DA,data analyst,3,123,316
de-5854692629,20260905,de,DA,data analyst,3,122,316
de-5854821554,20260905,de,DA,data analyst,3,121,316
de-5855327520,20260905,de,DA,data analyst,3,120,316
de-5855434419,20260905,de,DA,data analyst,3,119,316
de-5855591218,20260905,de,BI,business intelligence analyst,1,11,14
de-5855591218,20260905,de,DA,data analyst,3,118,316
de-5855599314,20260905,de,DA,data analyst,3,117,316
de-5856263806,20260905,de,DA,datenanalyst,1,18,37
de-5856263876,20260905,de,BI,BI analyst,1,3,21
de-5856263876,20260905,de,DA,data analyst,3,116,316
de-5856505606,20260905,de,DA,datenanalyst,1,17,37
de-5856676532,20260905,de,DA,data analyst,3,115,316
de-5856974440,20260905,de,DA,data analyst,3,114,316
de-5857113284,20260905,de,DA,data analyst,3,113,316
de-5857315270,20260905,de,DA,data analyst,3,112,316
de-5857319234,20260905,de,DA,data analyst,3,111,316
de-5857626297,20260905,de,DA,data analyst,3,110,316
de-5857805575,20260905,de,DA,data analyst,3,109,316
de-5857993681,20260905,de,DA,data analyst,3,108,316
de-5858005152,20260905,de,BI,business intelligence analyst,1,10,14
de-5858169364,20260905,de,DA,data analyst,3,107,316
de-5858186004,20260905,de,DA,data analyst,3,106,316
de-5858230960,20260905,de,DA,data analyst,3,105,316
de-5858237375,20260905,de,DA,data analyst,3,104,316
de-5858241214,20260905,de,DA,data analyst,3,103,316
de-5858241215,20260905,de,DA,data analyst,2,99,316
de-5858241216,20260905,de,DA,data analyst,2,97,316
de-5858241217,20260905,de,DA,data analyst,2,100,316
de-5858241220,20260905,de,DA,data analyst,2,95,316
de-5858241222,20260905,de,DA,data analyst,2,98,316
de-5858241224,20260905,de,DA,data analyst,3,102,316
de-5858241225,20260905,de,DA,data analyst,2,93,316
de-5858241230,20260905,de,DA,data analyst,3,101,316
de-5858241232,20260905,de,DA,data analyst,2,94,316
de-5858241233,20260905,de,DA,data analyst,2,96,316
de-5858241234,20260905,de,DA,data analyst,2,85,316
de-5858241235,20260905,de,DA,data analyst,2,88,316
de-5858241236,20260905,de,DA,data analyst,2,87,316
de-5858241237,20260905,de,DA,data analyst,2,86,316
de-5858241238,20260905,de,DA,data analyst,2,92,316
de-5858241239,20260905,de,DA,data analyst,2,90,316
de-5858241240,20260905,de,DA,data analyst,2,89,316
de-5858241241,20260905,de,DA,data analyst,2,84,316
de-5858241243,20260905,de,DA,data analyst,2,83,316
de-5858241244,20260905,de,DA,data analyst,2,82,316
de-5858241247,20260905,de,DA,data analyst,2,91,316
de-5858242933,20260905,de,BI,business intelligence analyst,1,9,14
de-5858265769,20260905,de,DA,data analyst,2,81,316
de-5858329815,20260905,de,DA,data analyst,2,80,316
de-5858487962,20260905,de,DA,datenanalyst,1,16,37
de-5858502452,20260905,de,DA,data analyst,2,79,316
de-5858506058,20260905,de,DA,datenanalyst,1,15,37
de-5858512268,20260905,de,DA,data analyst,2,78,316
de-5858577600,20260905,de,BI,business intelligence analyst,1,8,14
de-5858577600,20260905,de,DA,data analyst,2,77,316
de-5858661082,20260905,de,DA,data analyst,2,76,316
de-5858728979,20260905,de,DA,data analyst,2,75,316
de-5858838387,20260905,de,DA,data analyst,2,74,316
de-5858907192,20260905,de,BI,business intelligence analyst,1,7,14
de-5858907192,20260905,de,DA,data analyst,2,73,316
de-5859138453,20260905,de,DA,data analyst,2,72,316
de-5859138618,20260905,de,DA,data analyst,2,71,316
de-5859165714,20260905,de,DA,data analyst,2,70,316
de-5859654609,20260905,de,DA,data analyst,2,67,316
de-5859654610,20260905,de,DA,data analyst,2,68,316
de-5859654611,20260905,de,DA,data analyst,2,69,316
de-5859871991,20260905,de,DA,data analyst,2,66,316
de-5859890717,20260905,de,DA,data analyst,2,65,316
de-5859891409,20260905,de,DA,data analyst,2,64,316
de-5860576256,20260905,de,DA,data analyst,2,63,316
de-5860672349,20260905,de,DA,data analyst,2,62,316
de-5860798575,20260905,de,DA,data analyst,2,61,316
de-5861202126,20260905,de,DA,data analyst,2,60,316
de-5861225956,20260905,de,DA,datenanalyst,1,14,37
de-5861307583,20260905,de,DA,data analyst,2,59,316
de-5861314826,20260905,de,DA,data analyst,2,58,316
de-5861994844,20260905,de,DA,data analyst,2,56,316
de-5861994845,20260905,de,DA,data analyst,2,57,316
de-5861994868,20260905,de,DA,data analyst,2,55,316
de-5862103183,20260905,de,DA,data analyst,2,54,316
de-5862118873,20260905,de,DA,data analyst,2,53,316
de-5862125839,20260905,de,DA,datenanalyst,1,13,37
de-5862806951,20260905,de,DA,data analyst,2,52,316
de-5862980652,20260905,de,BA,business analyst,5,250,925
de-5863094623,20260905,de,DA,data analyst,2,51,316
de-5863125365,20260905,de,BA,business analyst,5,249,925
de-5863125463,20260905,de,BA,business analyst,5,248,925
de-5863142101,20260905,de,BA,business analyst,5,247,925
de-5863612058,20260905,de,BA,business analyst,5,246,925
de-5863612058,20260905,de,DA,data analyst,1,50,316
de-5863750862,20260905,de,BA,business analyst,5,245,925
de-5863811463,20260905,de,DA,data analyst,1,49,316
de-5864048150,20260905,de,DA,data analyst,1,48,316
de-5864048151,20260905,de,DA,data analyst,1,46,316
de-5864048154,20260905,de,DA,data analyst,1,47,316
de-5864048165,20260905,de,BA,business analyst,5,244,925
de-5864048178,20260905,de,BA,business analyst,5,243,925
de-5864048207,20260905,de,BA,business analyst,5,242,925
de-5864048209,20260905,de,BA,business analyst,5,241,925
de-5864096691,20260905,de,BA,business analyst,5,240,925
de-5864593761,20260905,de,DA,data analyst,1,45,316
de-5864749736,20260905,de,BA,business analyst,5,238,925
de-5864749737,20260905,de,BA,business analyst,5,239,925
de-5864749745,20260905,de,BA,business analyst,5,233,925
de-5864749751,20260905,de,BA,business analyst,5,234,925
de-5864749756,20260905,de,BA,business analyst,5,237,925
de-5864749772,20260905,de,BA,business analyst,5,232,925
de-5864749782,20260905,de,BA,business analyst,5,236,925
de-5864749788,20260905,de,BA,business analyst,5,235,925
de-5864751829,20260905,de,DA,data analyst,1,44,316
de-5864752274,20260905,de,BA,business analyst,5,231,925
de-5864752337,20260905,de,BA,business analyst,5,230,925
de-5864752337,20260905,de,DA,data analyst,1,43,316
de-5864753942,20260905,de,BA,business analyst,5,229,925
de-5864754317,20260905,de,BA,business analyst,5,226,925
de-5864754326,20260905,de,BA,business analyst,5,227,925
de-5864754327,20260905,de,BA,business analyst,5,225,925
de-5864754340,20260905,de,BA,business analyst,5,228,925
de-5864754347,20260905,de,BA,business analyst,5,224,925
de-5864754351,20260905,de,BA,business analyst,5,212,925
de-5864754352,20260905,de,BA,business analyst,5,213,925
de-5864754355,20260905,de,BA,business analyst,5,223,925
de-5864754356,20260905,de,BA,business analyst,5,215,925
de-5864754357,20260905,de,BA,business analyst,5,219,925
de-5864754360,20260905,de,BA,business analyst,5,217,925
de-5864754361,20260905,de,BA,business analyst,5,218,925
de-5864754368,20260905,de,BA,business analyst,5,221,925
de-5864754374,20260905,de,BA,business analyst,5,214,925
de-5864754377,20260905,de,BA,business analyst,5,216,925
de-5864754379,20260905,de,BA,business analyst,5,222,925
de-5864754412,20260905,de,BA,business analyst,5,220,925
de-5864754493,20260905,de,BA,business analyst,5,211,925
de-5864754539,20260905,de,BA,business analyst,5,210,925
de-5864785135,20260905,de,BA,business analyst,5,209,925
de-5864795879,20260905,de,DA,datenanalyst,1,12,37
de-5864798580,20260905,de,BA,business analyst,5,208,925
de-5864807023,20260905,de,BA,business analyst,5,207,925
de-5865026942,20260905,de,BA,business analyst,5,206,925
de-5865037184,20260905,de,BA,business analyst,5,205,925
de-5865131385,20260905,de,BA,business analyst,5,204,925
de-5865131791,20260905,de,BA,business analyst,5,203,925
de-5865131899,20260905,de,BA,business analyst,5,202,925
de-5865132455,20260905,de,DA,data analyst,1,42,316
de-5865133388,20260905,de,DA,data analyst,1,41,316
de-5865134979,20260905,de,BA,business analyst,5,201,925
de-5865136526,20260905,de,BA,business analyst,4,200,925
de-5865242906,20260905,de,BA,business analyst,4,199,925
de-5865808146,20260905,de,BA,business analyst,4,198,925
de-5865808878,20260905,de,BA,business analyst,4,197,925
de-5865823718,20260905,de,BA,business analyst,4,196,925
de-5865823718,20260905,de,BI,business intelligence analyst,1,6,14
de-5865994095,20260905,de,BA,business analyst,4,195,925
de-5866020234,20260905,de,BA,business analyst,4,194,925
de-5866120252,20260905,de,BA,business analyst,4,193,925
de-5866229420,20260905,de,BA,business analyst,4,192,925
de-5866285263,20260905,de,BA,business analyst,4,191,925
de-5866320361,20260905,de,BA,business analyst,4,190,925
de-5866342213,20260905,de,BA,business analyst,4,189,925
de-5866572896,20260905,de,BA,business analyst,4,188,925
de-5866676670,20260905,de,BA,business analyst,4,186,925
de-5866676672,20260905,de,BA,business analyst,4,187,925
de-5866676779,20260905,de,BA,business analyst,4,184,925
de-5866676782,20260905,de,BA,business analyst,4,185,925
de-5866676789,20260905,de,BA,business analyst,4,183,925
de-5866676790,20260905,de,BA,business analyst,4,182,925
de-5866676792,20260905,de,BA,business analyst,4,181,925
de-5866676799,20260905,de,BA,business analyst,4,179,925
de-5866676803,20260905,de,BA,business analyst,4,180,925
de-5866676853,20260905,de,BA,business analyst,4,178,925
de-5866676876,20260905,de,BA,business analyst,4,177,925
de-5866677108,20260905,de,BA,business analyst,4,176,925
de-5866677158,20260905,de,BA,business analyst,4,175,925
de-5866919183,20260905,de,BA,business analyst,4,174,925
de-5866919499,20260905,de,BA,business analyst,4,173,925
de-5866943465,20260905,de,BA,business analyst,4,172,925
de-5867004154,20260905,de,DA,data analyst,1,40,316
de-5867040194,20260905,de,BA,business analyst,4,171,925
de-5867067715,20260905,de,BA,business analyst,4,170,925
de-5867100794,20260905,de,BA,business analyst,4,169,925
de-5867100988,20260905,de,BA,business analyst,4,168,925
de-5867128805,20260905,de,DA,data analyst,1,39,316
de-5867197926,20260905,de,BA,business analyst,4,167,925
de-5867197926,20260905,de,DA,data analyst,1,38,316
de-5867219861,20260905,de,BA,business analyst,4,166,925
de-5867225687,20260905,de,BA,business analyst,4,165,925
de-5867235006,20260905,de,BA,business analyst,4,164,925
de-5867251090,20260905,de,BA,business analyst,4,163,925
de-5867259205,20260905,de,BA,business analyst,4,162,925
de-5867276716,20260905,de,DA,data analyst,1,37,316
de-5867280962,20260905,de,BA,business analyst,4,161,925
de-5867283266,20260905,de,BA,business analyst,4,160,925
de-5867307429,20260905,de,DA,data analyst,1,36,316
de-5867424176,20260905,de,BA,business analyst,4,159,925
de-5867425265,20260905,de,BA,business analyst,4,158,925
de-5867425839,20260905,de,BA,business analyst,4,157,925
de-5867425839,20260905,de,DA,data analyst,1,35,316
de-5867426501,20260905,de,BA,business analyst,4,156,925
de-5867429706,20260905,de,BA,business analyst,4,155,925
de-5867436476,20260905,de,BA,business analyst,4,154,925
de-5867471986,20260905,de,BA,business analyst,4,153,925
de-5867625023,20260905,de,BA,business analyst,4,152,925
de-5867754936,20260905,de,BA,business analyst,4,151,925
de-5867799719,20260905,de,BA,business analyst,3,150,925
de-5867875799,20260905,de,BA,business analyst,3,149,925
de-5868095631,20260905,de,BA,business analyst,3,148,925
de-5868096405,20260905,de,BA,business analyst,3,147,925
de-5868154580,20260905,de,BA,business analyst,3,146,925
de-5868154596,20260905,de,BI,BI analyst,1,2,21
de-5868154596,20260905,de,BA,business analyst,3,145,925
de-5868154596,20260905,de,DA,data analyst,1,34,316
de-5868157312,20260905,de,BA,business analyst,3,144,925
de-5868158056,20260905,de,DA,data analyst,1,33,316
de-5868413775,20260905,de,BA,business analyst,3,142,925
de-5868413877,20260905,de,BA,business analyst,3,143,925
de-5868413976,20260905,de,BA,business analyst,3,141,925
de-5868414016,20260905,de,BA,business analyst,3,139,925
de-5868414052,20260905,de,BA,business analyst,3,140,925
de-5868414177,20260905,de,BA,business analyst,3,137,925
de-5868414256,20260905,de,BA,business analyst,3,138,925
de-5868438277,20260905,de,BA,business analyst,3,136,925
de-5868439002,20260905,de,BA,business analyst,3,135,925
de-5868510508,20260905,de,BA,business analyst,3,134,925
de-5868510509,20260905,de,BA,business analyst,3,133,925
de-5868510515,20260905,de,BA,business analyst,3,131,925
de-5868510521,20260905,de,BA,business analyst,3,132,925
de-5868510591,20260905,de,BA,business analyst,3,130,925
de-5868510699,20260905,de,DA,data analyst,1,32,316
de-5868510978,20260905,de,BA,business analyst,3,128,925
de-5868510981,20260905,de,BA,business analyst,3,129,925
de-5868544356,20260905,de,DA,data analyst,1,31,316
de-5868544357,20260905,de,BA,business analyst,3,127,925
de-5868866830,20260905,de,BA,business analyst,3,126,925
de-5868889250,20260905,de,BA,business analyst,3,125,925
de-5868892953,20260905,de,DA,data analyst,1,30,316
de-5869038599,20260905,de,BA,business analyst,3,124,925
de-5869038924,20260905,de,BA,business analyst,3,123,925
de-5869039336,20260905,de,BA,business analyst,3,122,925
de-5869065953,20260905,de,BA,business analyst,3,121,925
de-5869066507,20260905,de,DA,data analyst,1,29,316
de-5869069622,20260905,de,BA,business analyst,3,120,925
de-5869074778,20260905,de,BA,business analyst,3,119,925
de-5869076623,20260905,de,BI,BI analyst,1,1,21
de-5869077840,20260905,de,BA,business analyst,3,118,925
de-5869106663,20260905,de,BA,business analyst,3,117,925
de-5869149600,20260905,de,DA,datenanalyst,1,11,37
de-5869154698,20260905,de,BA,business analyst,3,116,925
de-5869210764,20260905,de,BA,business analyst,3,115,925
de-5869212189,20260905,de,DA,data analyst,1,28,316
de-5869219989,20260905,de,BA,business analyst,3,114,925
de-5869221531,20260905,de,BA,business analyst,3,113,925
de-5869226460,20260905,de,BA,business analyst,3,112,925
de-5869245425,20260905,de,BA,business analyst,3,111,925
de-5869245425,20260905,de,BI,business intelligence analyst,1,5,14
de-5869253554,20260905,de,BA,business analyst,3,110,925
de-5869272970,20260905,de,BA,business analyst,3,109,925
de-5869282795,20260905,de,BA,business analyst,3,108,925
de-5869297065,20260905,de,BA,business analyst,3,107,925
de-5869315725,20260905,de,DA,data analyst,1,27,316
de-5869328958,20260905,de,BA,business analyst,3,106,925
de-5869335341,20260905,de,BA,business analyst,3,105,925
de-5869350809,20260905,de,DA,datenanalyst,1,10,37
de-5869352706,20260905,de,BA,business analyst,3,104,925
de-5869355095,20260905,de,BA,business analyst,3,103,925
de-5869358608,20260905,de,BA,business analyst,3,102,925
de-5869384550,20260905,de,BA,business analyst,3,101,925
de-5869476112,20260905,de,BA,business analyst,2,100,925
de-5869477364,20260905,de,BA,business analyst,2,99,925
de-5869477484,20260905,de,BA,business analyst,2,98,925
de-5869478320,20260905,de,BA,business analyst,2,97,925
de-5869478700,20260905,de,BA,business analyst,2,96,925
de-5869545707,20260905,de,BA,business analyst,2,95,925
de-5869551157,20260905,de,BA,business analyst,2,94,925
de-5869566040,20260905,de,BA,business analyst,2,93,925
de-5869665297,20260905,de,BA,business analyst,2,92,925
de-5869665297,20260905,de,BI,business intelligence analyst,1,4,14
de-5869665493,20260905,de,BA,business analyst,2,91,925
de-5869782567,20260905,de,BA,business analyst,2,90,925
de-5869898325,20260905,de,BA,business analyst,2,89,925
de-5869898326,20260905,de,BA,business analyst,2,88,925
de-5869899249,20260905,de,BA,business analyst,2,87,925
de-5869911785,20260905,de,BA,business analyst,2,86,925
de-5869911804,20260905,de,BA,business analyst,2,85,925
de-5869912761,20260905,de,BA,business analyst,2,84,925
de-5869925486,20260905,de,BA,business analyst,2,83,925
de-5869931289,20260905,de,DA,data analyst,1,26,316
de-5869943105,20260905,de,DA,datenanalyst,1,9,37
de-5869972504,20260905,de,DA,data analyst,1,25,316
de-5869977676,20260905,de,BA,business analyst,2,82,925
de-5869980836,20260905,de,BA,business analyst,2,81,925
de-5870114373,20260905,de,BA,business analyst,2,80,925
de-5870114579,20260905,de,BA,business analyst,2,79,925
de-5870126336,20260905,de,BA,business analyst,2,78,925
de-5870222007,20260905,de,BA,business analyst,2,77,925
de-5870222049,20260905,de,BA,business analyst,2,76,925
de-5870222082,20260905,de,BA,business analyst,2,75,925
de-5870222099,20260905,de,BA,business analyst,2,73,925
de-5870222121,20260905,de,BA,business analyst,2,74,925
de-5870222306,20260905,de,BA,business analyst,2,68,925
de-5870222309,20260905,de,BA,business analyst,2,71,925
de-5870222311,20260905,de,BA,business analyst,2,72,925
de-5870222312,20260905,de,BA,business analyst,2,67,925
de-5870222313,20260905,de,BA,business analyst,2,66,925
de-5870222315,20260905,de,BA,business analyst,2,69,925
de-5870222316,20260905,de,BA,business analyst,2,70,925
de-5870222323,20260905,de,BA,business analyst,2,65,925
de-5870250836,20260905,de,BA,business analyst,2,64,925
de-5870289753,20260905,de,BA,business analyst,2,63,925
de-5870289757,20260905,de,BA,business analyst,2,62,925
de-5870289757,20260905,de,DA,data analyst,1,24,316
de-5870290226,20260905,de,BA,business analyst,2,61,925
de-5870290699,20260905,de,BA,business analyst,2,59,925
de-5870290701,20260905,de,BA,business analyst,2,60,925
de-5870290798,20260905,de,BA,business analyst,2,58,925
de-5870291091,20260905,de,BA,business analyst,2,57,925
de-5870291131,20260905,de,BA,business analyst,2,56,925
de-5870291262,20260905,de,BA,business analyst,2,55,925
de-5870291416,20260905,de,DA,data analyst,1,23,316
de-5870292880,20260905,de,BA,business analyst,2,54,925
de-5870293111,20260905,de,BA,business analyst,2,53,925
de-5870293240,20260905,de,BA,business analyst,2,52,925
de-5870460928,20260905,de,DA,data analyst,1,22,316
de-5870466679,20260905,de,BA,business analyst,2,51,925
de-5870557331,20260905,de,BA,business analyst,1,50,925
de-5870575451,20260905,de,BA,business analyst,1,49,925
de-5870609930,20260905,de,BA,business analyst,1,48,925
de-5870610068,20260905,de,DA,data analyst,1,21,316
de-5870610138,20260905,de,BA,business analyst,1,47,925
de-5870610378,20260905,de,BA,business analyst,1,44,925
de-5870610380,20260905,de,BA,business analyst,1,45,925
de-5870610381,20260905,de,BA,business analyst,1,46,925
de-5870636941,20260905,de,BA,business analyst,1,43,925
de-5870673286,20260905,de,BA,business analyst,1,42,925
de-5870677259,20260905,de,BA,business analyst,1,41,925
de-5870692683,20260905,de,DA,data analyst,1,20,316
de-5870692683,20260905,de,DA,datenanalyst,1,8,37
de-5870692692,20260905,de,BA,business analyst,1,40,925
de-5870692904,20260905,de,DA,data analyst,1,19,316
de-5870695330,20260905,de,DA,data analyst,1,18,316
de-5870731845,20260905,de,BA,business analyst,1,39,925
de-5870732293,20260905,de,BA,business analyst,1,38,925
de-5870732293,20260905,de,BI,business intelligence analyst,1,3,14
de-5870733527,20260905,de,DA,datenanalyst,1,7,37
de-5870733637,20260905,de,DA,data analyst,1,17,316
de-5870737057,20260905,de,BA,business analyst,1,37,925
de-5870740760,20260905,de,DA,data analyst,1,16,316
de-5870751059,20260905,de,BA,business analyst,1,36,925
de-5870755630,20260905,de,BA,business analyst,1,35,925
de-5870764188,20260905,de,DA,datenanalyst,1,6,37
de-5870766278,20260905,de,BA,business analyst,1,34,925
de-5870800132,20260905,de,BA,business analyst,1,33,925
de-5870800132,20260905,de,DA,data analyst,1,15,316
de-5870831277,20260905,de,DA,data analyst,1,14,316
de-5870850264,20260905,de,DA,data analyst,1,13,316
de-5870917557,20260905,de,BA,business analyst,1,32,925
de-5870917718,20260905,de,DA,data analyst,1,12,316
de-5870918317,20260905,de,BA,business analyst,1,31,925
de-5870918317,20260905,de,BI,business intelligence analyst,1,2,14
de-5870919212,20260905,de,BA,business analyst,1,30,925
de-5870919268,20260905,de,BA,business analyst,1,29,925
de-5871007388,20260905,de,BA,business analyst,1,28,925
de-5871008983,20260905,de,BA,business analyst,1,27,925
de-5871070053,20260905,de,DA,data analyst,1,11,316
de-5871120602,20260905,de,DA,data analyst,1,10,316
de-5871120602,20260905,de,DA,datenanalyst,1,5,37
de-5871125298,20260905,de,BA,business analyst,1,26,925
de-5871127018,20260905,de,DA,data analyst,1,9,316
de-5871127018,20260905,de,DA,datenanalyst,1,4,37
de-5871128043,20260905,de,BA,business analyst,1,25,925
de-5871135186,20260905,de,BA,business analyst,1,24,925
de-5871142562,20260905,de,BA,business analyst,1,23,925
de-5871152766,20260905,de,BA,business analyst,1,22,925
de-5871174073,20260905,de,BA,business analyst,1,21,925
de-5871177850,20260905,de,BA,business analyst,1,20,925
de-5871179324,20260905,de,BA,business analyst,1,19,925
de-5871180567,20260905,de,BA,business analyst,1,18,925
de-5871183693,20260905,de,BA,business analyst,1,17,925
de-5871186251,20260905,de,BA,business analyst,1,16,925
de-5871205664,20260905,de,DA,data analyst,1,8,316
de-5871265665,20260905,de,BA,business analyst,1,15,925
de-5871337708,20260905,de,DA,data analyst,1,7,316
de-5871350497,20260905,de,BA,business analyst,1,14,925
de-5871367684,20260905,de,BA,business analyst,1,13,925
de-5871367727,20260905,de,BA,business analyst,1,12,925
de-5871368663,20260905,de,BA,business analyst,1,11,925
de-5871369791,20260905,de,BA,business analyst,1,10,925
de-5871371432,20260905,de,BA,business analyst,1,9,925
de-5871377422,20260905,de,BA,business analyst,1,8,925
de-5871377422,20260905,de,BI,business intelligence analyst,1,1,14
de-5871403440,20260905,de,BA,business analyst,1,7,925
de-5871405313,20260905,de,BA,business analyst,1,6,925
de-5871407493,20260905,de,DA,data analyst,1,6,316
de-5871415270,20260905,de,BA,business analyst,1,5,925
de-5871418126,20260905,de,DA,data analyst,1,5,316
de-5871419056,20260905,de,DA,datenanalyst,1,3,37
de-5871419090,20260905,de,BA,business analyst,1,4,925
de-5871419093,20260905,de,BA,business analyst,1,3,925
de-5871419748,20260905,de,BA,business analyst,1,2,925
de-5871420857,20260905,de,DA,data analyst,1,4,316
de-5871426380,20260905,de,DA,data analyst,1,3,316
de-5871509571,20260905,de,BA,business analyst,1,1,925
de-5871557079,20260905,de,DA,data analyst,1,2,316
de-5871557079,20260905,de,DA,datenanalyst,1,2,37
de-5871709115,20260905,de,DA,datenanalyst,1,1,37
de-5871768323,20260905,de,DA,data analyst,1,1,316
es-3913351514,20260905,es,BA,business analyst,4,174,174
es-4338872287,20260905,es,DA,analista de datos,1,29,29
es-4844318797,20260905,es,DA,analista de datos,1,28,29
es-5053523221,20260905,es,DA,data analyst,4,183,183
es-5062368554,20260905,es,DA,data analyst,4,182,183
es-5414439868,20260905,es,BA,business analyst,4,173,174
es-5443261819,20260905,es,DA,data analyst,4,181,183
es-5448239326,20260905,es,BA,business analyst,4,172,174
es-5454305538,20260905,es,DA,data analyst,4,180,183
es-5455470367,20260905,es,DA,data analyst,4,179,183
es-5475582558,20260905,es,BA,business analyst,4,171,174
es-5486939001,20260905,es,BI,BI analyst,1,12,12
es-5486939001,20260905,es,DA,data analyst,4,178,183
es-5488503517,20260905,es,BA,business analyst,4,170,174
es-5542436881,20260905,es,BA,business analyst,4,169,174
es-5549132895,20260905,es,DA,data analyst,4,177,183
es-5552905057,20260905,es,DA,data analyst,4,176,183
es-5556867176,20260905,es,DA,data analyst,4,175,183
es-5584479066,20260905,es,DA,data analyst,4,174,183
es-5584544401,20260905,es,DA,data analyst,4,173,183
es-5602338439,20260905,es,DA,data analyst,4,172,183
es-5605372024,20260905,es,BA,business analyst,4,168,174
es-5638566356,20260905,es,DA,analista de datos,1,27,29
es-5642703201,20260905,es,BA,business analyst,4,166,174
es-5642703202,20260905,es,BA,business analyst,4,167,174
es-5646338521,20260905,es,DA,data analyst,4,171,183
es-5660680567,20260905,es,DA,data analyst,4,170,183
es-5660680575,20260905,es,BA,business analyst,4,165,174
es-5661996002,20260905,es,BA,business analyst,4,164,174
es-5664289290,20260905,es,BA,business analyst,4,163,174
es-5668783933,20260905,es,DA,data analyst,4,169,183
es-5673565699,20260905,es,DA,data analyst,4,168,183
es-5673565897,20260905,es,DA,data analyst,4,167,183
es-5681713155,20260905,es,DA,data analyst,4,166,183
es-5683448359,20260905,es,DA,data analyst,4,165,183
es-5686363415,20260905,es,BA,business analyst,4,162,174
es-5687747590,20260905,es,DA,data analyst,4,164,183
es-5687946036,20260905,es,BA,business analyst,4,161,174
es-5687946036,20260905,es,BI,business intelligence analyst,1,6,6
es-5691444053,20260905,es,BI,analista BI,1,8,8
es-5693810934,20260905,es,BA,business analyst,4,160,174
es-5698322475,20260905,es,DA,data analyst,4,163,183
es-5698322731,20260905,es,BA,business analyst,4,159,174
es-5701907936,20260905,es,BA,business analyst,4,158,174
es-5702619332,20260905,es,DA,data analyst,4,162,183
es-5705383100,20260905,es,BA,business analyst,4,157,174
es-5708767888,20260905,es,DA,data analyst,4,161,183
es-5713960479,20260905,es,DA,data analyst,4,160,183
es-5714273777,20260905,es,DA,data analyst,4,159,183
es-5716298368,20260905,es,BI,BI analyst,1,11,12
es-5716635479,20260905,es,BA,business analyst,4,156,174
es-5716635479,20260905,es,BI,business intelligence analyst,1,5,6
es-5716635479,20260905,es,DA,data analyst,4,158,183
es-5717352370,20260905,es,BA,business analyst,4,155,174
es-5717352370,20260905,es,BI,business intelligence analyst,1,4,6
es-5717352370,20260905,es,DA,data analyst,4,157,183
es-5718777969,20260905,es,BA,business analyst,4,154,174
es-5718777969,20260905,es,DA,data analyst,4,156,183
es-5724647242,20260905,es,DA,data analyst,4,155,183
es-5724649232,20260905,es,DA,data analyst,4,154,183
es-5727385101,20260905,es,BA,analista de negocio,1,8,8
es-5727390046,20260905,es,BA,business analyst,4,153,174
es-5727681262,20260905,es,BI,BI analyst,1,10,12
es-5727681262,20260905,es,DA,data analyst,4,153,183
es-5727802231,20260905,es,DA,analista de datos,1,26,29
es-5728541860,20260905,es,BA,business analyst,4,152,174
es-5728543636,20260905,es,DA,data analyst,4,152,183
es-5729388183,20260905,es,DA,data analyst,4,151,183
es-5729388186,20260905,es,BA,business analyst,4,151,174
es-5729465317,20260905,es,DA,data analyst,3,150,183
es-5733359643,20260905,es,BA,business analyst,3,150,174
es-5733359703,20260905,es,BA,business analyst,3,149,174
es-5741905961,20260905,es,DA,data analyst,3,149,183
es-5742532966,20260905,es,BA,business analyst,3,148,174
es-5743996351,20260905,es,DA,data analyst,3,148,183
es-5745004276,20260905,es,DA,data analyst,3,147,183
es-5748434539,20260905,es,DA,data analyst,3,146,183
es-5749558087,20260905,es,DA,data analyst,3,145,183
es-5749589355,20260905,es,BI,analista BI,1,7,8
es-5751211477,20260905,es,DA,data analyst,3,144,183
es-5751245740,20260905,es,DA,data analyst,3,143,183
es-5752846256,20260905,es,DA,data analyst,3,142,183
es-5752881648,20260905,es,BA,business analyst,3,146,174
es-5752881656,20260905,es,BA,business analyst,3,147,174
es-5752881669,20260905,es,DA,analista de datos,1,25,29
es-5753696198,20260905,es,DA,data analyst,3,141,183
es-5755773151,20260905,es,DA,data analyst,3,140,183
es-5755773975,20260905,es,BI,BI analyst,1,9,12
es-5756959457,20260905,es,BA,business analyst,3,145,174
es-5756959460,20260905,es,BA,business analyst,3,144,174
es-5757176860,20260905,es,BA,business analyst,3,143,174
es-5757435367,20260905,es,DA,data analyst,3,139,183
es-5757544454,20260905,es,DA,data analyst,3,138,183
es-5758393861,20260905,es,DA,analista de datos,1,24,29
es-5759182288,20260905,es,DA,data analyst,3,137,183
es-5759700087,20260905,es,BA,business analyst,3,142,174
es-5761078609,20260905,es,DA,data analyst,3,136,183
es-5761078622,20260905,es,BA,business analyst,3,141,174
es-5761853071,20260905,es,BA,business analyst,3,140,174
es-5763015185,20260905,es,BA,business analyst,3,139,174
es-5763016291,20260905,es,BA,business analyst,3,138,174
es-5764608267,20260905,es,BA,business analyst,3,137,174
es-5768404746,20260905,es,DA,data analyst,3,135,183
es-5769095161,20260905,es,DA,analista de datos,1,23,29
es-5769095161,20260905,es,DA,data analyst,3,134,183
es-5769095240,20260905,es,BA,analista de negocio,1,7,8
es-5769205031,20260905,es,BA,business analyst,3,136,174
es-5769875538,20260905,es,BA,business analyst,3,135,174
es-5770246172,20260905,es,BA,business analyst,3,134,174
es-5772801320,20260905,es,BA,business analyst,3,133,174
es-5772801320,20260905,es,DA,data analyst,3,133,183
es-5772822358,20260905,es,DA,data analyst,3,132,183
es-5772841708,20260905,es,DA,data analyst,3,131,183
es-5773204123,20260905,es,DA,data analyst,3,130,183
es-5775499094,20260905,es,BA,business analyst,3,132,174
es-5775801242,20260905,es,BA,business analyst,3,131,174
es-5775849278,20260905,es,BA,business analyst,3,130,174
es-5775903592,20260905,es,BA,business analyst,3,129,174
es-5776910376,20260905,es,BA,business analyst,3,128,174
es-5777371432,20260905,es,BI,analista BI,1,6,8
es-5777371432,20260905,es,DA,analista de datos,1,22,29
es-5777371435,20260905,es,DA,analista de datos,1,21,29
es-5777371447,20260905,es,BA,business analyst,3,127,174
es-5777582600,20260905,es,DA,data analyst,3,129,183
es-5778317579,20260905,es,BA,business analyst,3,126,174
es-5779525202,20260905,es,DA,data analyst,3,128,183
es-5779525298,20260905,es,DA,analista de datos,1,20,29
es-5779542422,20260905,es,BA,business analyst,3,125,174
es-5781090243,20260905,es,DA,data analyst,3,127,183
es-5781890023,20260905,es,BI,BI analyst,1,8,12
es-5782656178,20260905,es,DA,data analyst,3,126,183
es-5784531003,20260905,es,DA,data analyst,3,125,183
es-5785454418,20260905,es,BA,business analyst,3,124,174
es-5787322539,20260905,es,DA,data analyst,3,124,183
es-5788549885,20260905,es,BA,business analyst,3,123,174
es-5788550130,20260905,es,DA,data analyst,3,123,183
es-5788551290,20260905,es,BA,business analyst,3,122,174
es-5789442565,20260905,es,BA,business analyst,3,121,174
es-5790240184,20260905,es,DA,analista de datos,1,19,29
es-5790240230,20260905,es,BI,BI analyst,1,7,12
es-5790240230,20260905,es,BA,business analyst,3,120,174
es-5790664903,20260905,es,BA,business analyst,3,119,174
es-5790664925,20260905,es,BI,BI analyst,1,6,12
es-5790664925,20260905,es,DA,data analyst,3,122,183
es-5792261645,20260905,es,DA,data analyst,3,121,183
es-5793794799,20260905,es,DA,data analyst,3,120,183
es-5794830031,20260905,es,BA,business analyst,3,118,174
es-5794830031,20260905,es,BI,business intelligence analyst,1,3,6
es-5795133088,20260905,es,BA,business analyst,3,117,174
es-5795188847,20260905,es,BA,business analyst,3,116,174
es-5795188848,20260905,es,DA,data analyst,3,119,183
es-5795188858,20260905,es,DA,analista de datos,1,18,29
es-5795188874,20260905,es,BA,business analyst,3,115,174
es-5796275001,20260905,es,BA,business analyst,3,114,174
es-5796276181,20260905,es,DA,data analyst,3,118,183
es-5798345034,20260905,es,DA,data analyst,3,117,183
es-5798605394,20260905,es,DA,data analyst,3,116,183
es-5801923689,20260905,es,DA,data analyst,3,115,183
es-5801930193,20260905,es,DA,data analyst,3,114,183
es-5802304797,20260905,es,BA,business analyst,3,113,174
es-5802390840,20260905,es,DA,data analyst,3,113,183
es-5802409104,20260905,es,BI,BI analyst,1,5,12
es-5802409104,20260905,es,DA,data analyst,3,112,183
es-5804096726,20260905,es,BA,business analyst,3,112,174
es-5804102715,20260905,es,DA,data analyst,3,111,183
es-5804499903,20260905,es,BA,business analyst,3,110,174
es-5804499903,20260905,es,DA,data analyst,3,107,183
es-5804499904,20260905,es,DA,data analyst,3,109,183
es-5804499906,20260905,es,DA,data analyst,3,108,183
es-5804499911,20260905,es,BA,business analyst,3,111,174
es-5804499912,20260905,es,DA,data analyst,3,110,183
es-5804499919,20260905,es,DA,data analyst,3,106,183
es-5804499920,20260905,es,BA,business analyst,3,108,174
es-5804499921,20260905,es,BA,business analyst,3,109,174
es-5805218141,20260905,es,DA,data analyst,3,105,183
es-5805256753,20260905,es,DA,data analyst,3,104,183
es-5805466910,20260905,es,DA,data analyst,3,103,183
es-5805845515,20260905,es,BA,business analyst,3,107,174
es-5805845815,20260905,es,BA,business analyst,3,106,174
es-5805910251,20260905,es,DA,data analyst,3,102,183
es-5806611926,20260905,es,BA,business analyst,3,105,174
es-5806932448,20260905,es,BA,business analyst,3,104,174
es-5807567705,20260905,es,DA,analista de datos,1,17,29
es-5807567789,20260905,es,BA,business analyst,3,103,174
es-5807568221,20260905,es,BA,business analyst,3,102,174
es-5807568381,20260905,es,DA,data analyst,3,101,183
es-5808917016,20260905,es,DA,data analyst,2,100,183
es-5809366771,20260905,es,BA,business analyst,3,101,174
es-5811212058,20260905,es,BA,business analyst,2,100,174
es-5811218534,20260905,es,DA,data analyst,2,99,183
es-5811519298,20260905,es,DA,analista de datos,1,16,29
es-5811519595,20260905,es,DA,data analyst,2,98,183
es-5811523003,20260905,es,DA,data analyst,2,97,183
es-5811523768,20260905,es,BA,business analyst,2,99,174
es-5811672920,20260905,es,BA,business analyst,2,98,174
es-5812739545,20260905,es,BA,business analyst,2,97,174
es-5812975128,20260905,es,BA,business analyst,2,96,174
es-5813471620,20260905,es,BA,business analyst,2,95,174
es-5813471622,20260905,es,BA,business analyst,2,94,174
es-5814612643,20260905,es,DA,data analyst,2,96,183
es-5814614706,20260905,es,DA,data analyst,2,95,183
es-5815003253,20260905,es,BA,business analyst,2,93,174
es-5815067896,20260905,es,DA,data analyst,2,94,183
es-5815897769,20260905,es,BA,business analyst,2,92,174
es-5815899015,20260905,es,DA,data analyst,2,93,183
es-5816882064,20260905,es,DA,data analyst,2,92,183
es-5816886466,20260905,es,DA,data analyst,2,91,183
es-5816887070,20260905,es,DA,data analyst,2,90,183
es-5816888575,20260905,es,DA,analista de datos,1,15,29
es-5816888575,20260905,es,BA,analista de negocio,1,6,8
es-5816889149,20260905,es,DA,data analyst,2,89,183
es-5817668350,20260905,es,DA,data analyst,2,88,183
es-5818054313,20260905,es,DA,analista de datos,1,14,29
es-5819155335,20260905,es,BA,business analyst,2,91,174
es-5819525301,20260905,es,BA,business analyst,2,90,174
es-5819735866,20260905,es,BA,business analyst,2,89,174
es-5820783942,20260905,es,DA,data analyst,2,87,183
es-5820880710,20260905,es,DA,data analyst,2,86,183
es-5821484196,20260905,es,BA,business analyst,2,88,174
es-5822105505,20260905,es,DA,analista de datos,1,13,29
es-5822105512,20260905,es,BA,business analyst,2,87,174
es-5822105517,20260905,es,DA,data analyst,2,85,183
es-5822105536,20260905,es,BI,analista BI,1,5,8
es-5822127039,20260905,es,BA,business analyst,2,86,174
es-5822127039,20260905,es,DA,data analyst,2,84,183
es-5822127739,20260905,es,DA,data analyst,2,83,183
es-5822582301,20260905,es,DA,data analyst,2,82,183
es-5823528096,20260905,es,BA,business analyst,2,85,174
es-5823530887,20260905,es,BA,business analyst,2,84,174
es-5825429896,20260905,es,BA,business analyst,2,83,174
es-5825429896,20260905,es,BI,business intelligence analyst,1,2,6
es-5826399292,20260905,es,DA,analista de datos,1,12,29
es-5826930088,20260905,es,BA,business analyst,2,81,174
es-5826930123,20260905,es,BA,business analyst,2,82,174
es-5827420415,20260905,es,BA,business analyst,2,80,174
es-5827484280,20260905,es,BA,analista de negocio,1,5,8
es-5827489363,20260905,es,BA,business analyst,2,79,174
es-5828841183,20260905,es,DA,data analyst,2,81,183
es-5828841240,20260905,es,DA,data analyst,2,80,183
es-5829212079,20260905,es,DA,data analyst,2,79,183
es-5830168260,20260905,es,BA,business analyst,2,78,174
es-5831007196,20260905,es,DA,data analyst,2,78,183
es-5831622577,20260905,es,BA,business analyst,2,77,174
es-5831622821,20260905,es,BA,business analyst,2,76,174
es-5831663786,20260905,es,DA,data analyst,2,75,183
es-5831663787,20260905,es,DA,data analyst,2,76,183
es-5831663790,20260905,es,DA,data analyst,2,77,183
es-5831663808,20260905,es,BA,analista de negocio,1,4,8
es-5831682141,20260905,es,BA,business analyst,2,75,174
es-5831947917,20260905,es,BI,BI analyst,1,4,12
es-5831947917,20260905,es,BA,business analyst,2,74,174
es-5831947917,20260905,es,DA,data analyst,2,74,183
es-5831947933,20260905,es,DA,data analyst,2,73,183
es-5832297089,20260905,es,DA,data analyst,2,72,183
es-5833078922,20260905,es,BA,business analyst,2,73,174
es-5833173127,20260905,es,BI,analista BI,1,4,8
es-5833175641,20260905,es,DA,data analyst,2,71,183
es-5833175918,20260905,es,DA,data analyst,2,70,183
es-5833180127,20260905,es,BA,business analyst,2,72,174
es-5833180196,20260905,es,DA,data analyst,2,69,183
es-5833183483,20260905,es,DA,data analyst,2,68,183
es-5834448734,20260905,es,BA,business analyst,2,71,174
es-5834449339,20260905,es,BA,business analyst,2,70,174
es-5834450385,20260905,es,BI,BI analyst,1,3,12
es-5834452055,20260905,es,DA,data analyst,2,67,183
es-5834452112,20260905,es,BA,analista de negocio,1,3,8
es-5835329603,20260905,es,BA,business analyst,2,69,174
es-5835351026,20260905,es,BA,business analyst,2,68,174
es-5835351268,20260905,es,DA,data analyst,2,66,183
es-5835846461,20260905,es,BA,business analyst,2,67,174
es-5836460035,20260905,es,DA,data analyst,2,65,183
es-5836461020,20260905,es,DA,data analyst,2,64,183
es-5837896345,20260905,es,DA,data analyst,2,63,183
es-5838199216,20260905,es,BA,business analyst,2,66,174
es-5838725798,20260905,es,BA,business analyst,2,65,174
es-5839930698,20260905,es,BA,business analyst,2,64,174
es-5840002498,20260905,es,BA,business analyst,2,63,174
es-5840003172,20260905,es,DA,analista de datos,1,11,29
es-5840004496,20260905,es,BA,business analyst,2,62,174
es-5840008267,20260905,es,BA,business analyst,2,61,174
es-5840008880,20260905,es,DA,data analyst,2,62,183
es-5841410469,20260905,es,BA,business analyst,2,60,174
es-5841477025,20260905,es,DA,analista de datos,1,8,29
es-5841477028,20260905,es,DA,analista de datos,1,9,29
es-5841477029,20260905,es,DA,data analyst,2,61,183
es-5841477041,20260905,es,DA,analista de datos,1,10,29
es-5841481504,20260905,es,BA,business analyst,2,59,174
es-5841483165,20260905,es,BA,business analyst,2,58,174
es-5841483670,20260905,es,BA,business analyst,2,57,174
es-5842845523,20260905,es,DA,data analyst,2,60,183
es-5842845776,20260905,es,DA,data analyst,2,59,183
es-5842845804,20260905,es,DA,data analyst,2,58,183
es-5842846465,20260905,es,DA,data analyst,2,56,183
es-5842846466,20260905,es,DA,data analyst,2,57,183
es-5842846655,20260905,es,DA,data analyst,2,55,183
es-5844045073,20260905,es,DA,data analyst,2,54,183
es-5845483674,20260905,es,DA,data analyst,2,53,183
es-5845483714,20260905,es,BA,business analyst,2,56,174
es-5846288432,20260905,es,BA,business analyst,2,55,174
es-5846295281,20260905,es,BI,analista BI,1,3,8
es-5846566085,20260905,es,BA,business analyst,2,54,174
es-5846566085,20260905,es,DA,data analyst,2,52,183
es-5846769007,20260905,es,BA,business analyst,2,53,174
es-5847858891,20260905,es,BA,business analyst,2,52,174
es-5847858891,20260905,es,DA,data analyst,2,51,183
es-5847928313,20260905,es,BA,business analyst,2,51,174
es-5847928313,20260905,es,DA,data analyst,1,50,183
es-5848696994,20260905,es,BI,analista BI,1,2,8
es-5849310743,20260905,es,BA,business analyst,1,50,174
es-5849364519,20260905,es,BA,business analyst,1,49,174
es-5849618350,20260905,es,BA,business analyst,1,48,174
es-5849618350,20260905,es,DA,data analyst,1,49,183
es-5849713446,20260905,es,DA,data analyst,1,48,183
es-5850719036,20260905,es,BA,business analyst,1,47,174
es-5850719037,20260905,es,DA,analista de datos,1,6,29
es-5850719041,20260905,es,DA,analista de datos,1,7,29
es-5852180548,20260905,es,BA,business analyst,1,46,174
es-5852211253,20260905,es,DA,data analyst,1,47,183
es-5852212327,20260905,es,DA,data analyst,1,46,183
es-5853440777,20260905,es,DA,data analyst,1,45,183
es-5853440938,20260905,es,BA,business analyst,1,45,174
es-5853441056,20260905,es,BA,analista de negocio,1,2,8
es-5853441347,20260905,es,DA,data analyst,1,44,183
es-5853441702,20260905,es,DA,data analyst,1,43,183
es-5854610741,20260905,es,BA,business analyst,1,44,174
es-5854612154,20260905,es,DA,data analyst,1,42,183
es-5855789317,20260905,es,BA,business analyst,1,43,174
es-5855789317,20260905,es,BI,business intelligence analyst,1,1,6
es-5855789317,20260905,es,DA,data analyst,1,41,183
es-5856423548,20260905,es,BI,BI analyst,1,2,12
es-5856423548,20260905,es,DA,data analyst,1,40,183
es-5856690559,20260905,es,DA,analista de datos,1,5,29
es-5857251291,20260905,es,BA,business analyst,1,42,174
es-5857251293,20260905,es,BA,business analyst,1,41,174
es-5857298502,20260905,es,DA,data analyst,1,39,183
es-5857315544,20260905,es,BA,business analyst,1,40,174
es-5858021855,20260905,es,BA,business analyst,1,39,174
es-5858022178,20260905,es,BA,business analyst,1,38,174
es-5858113036,20260905,es,BA,business analyst,1,37,174
es-5859470325,20260905,es,BI,analista BI,1,1,8
es-5859470325,20260905,es,DA,analista de datos,1,4,29
es-5859470328,20260905,es,BA,business analyst,1,36,174
es-5859470330,20260905,es,DA,analista de datos,1,3,29
es-5859486123,20260905,es,DA,data analyst,1,38,183
es-5860792312,20260905,es,DA,data analyst,1,37,183
es-5860793667,20260905,es,BA,business analyst,1,35,174
es-5860876076,20260905,es,BA,business analyst,1,34,174
es-5860876260,20260905,es,BA,business analyst,1,33,174
es-5860876510,20260905,es,BA,business analyst,1,32,174
es-5860876693,20260905,es,BA,business analyst,1,31,174
es-5860876702,20260905,es,BA,business analyst,1,30,174
es-5860876784,20260905,es,DA,data analyst,1,36,183
es-5860876791,20260905,es,DA,data analyst,1,35,183
es-5860877226,20260905,es,BA,business analyst,1,29,174
es-5860877511,20260905,es,DA,data analyst,1,34,183
es-5861953952,20260905,es,DA,data analyst,1,33,183
es-5862004925,20260905,es,BA,business analyst,1,28,174
es-5862803275,20260905,es,DA,data analyst,1,32,183
es-5863094494,20260905,es,DA,data analyst,1,31,183
es-5863165497,20260905,es,BA,business analyst,1,27,174
es-5863165538,20260905,es,DA,data analyst,1,30,183
es-5863173131,20260905,es,BA,business analyst,1,26,174
es-5863174231,20260905,es,DA,data analyst,1,29,183
es-5864029874,20260905,es,BA,business analyst,1,24,174
es-5864029875,20260905,es,BA,business analyst,1,25,174
es-5865208293,20260905,es,BA,business analyst,1,23,174
es-5866597031,20260905,es,BA,business analyst,1,22,174
es-5866702428,20260905,es,BA,business analyst,1,21,174
es-5866704344,20260905,es,BA,business analyst,1,20,174
es-5866754797,20260905,es,DA,analista de datos,1,2,29
es-5867624531,20260905,es,BA,business analyst,1,17,174
es-5867624534,20260905,es,BA,business analyst,1,19,174
es-5867624537,20260905,es,BA,business analyst,1,18,174
es-5867624580,20260905,es,BA,business analyst,1,16,174
es-5868522660,20260905,es,DA,data analyst,1,28,183
es-5868522682,20260905,es,BA,business analyst,1,15,174
es-5868523115,20260905,es,DA,data analyst,1,27,183
es-5868523147,20260905,es,BA,business analyst,1,14,174
es-5868523535,20260905,es,DA,data analyst,1,26,183
es-5868523889,20260905,es,BA,business analyst,1,13,174
es-5868523893,20260905,es,DA,data analyst,1,25,183
es-5868545064,20260905,es,BA,business analyst,1,12,174
es-5869595049,20260905,es,DA,data analyst,1,24,183
es-5869595148,20260905,es,DA,data analyst,1,23,183
es-5869595194,20260905,es,BA,business analyst,1,10,174
es-5869595232,20260905,es,BA,business analyst,1,11,174
es-5869595355,20260905,es,DA,data analyst,1,22,183
es-5869595514,20260905,es,DA,data analyst,1,21,183
es-5869596412,20260905,es,BA,business analyst,1,9,174
es-5869596703,20260905,es,DA,data analyst,1,20,183
es-5869596957,20260905,es,DA,data analyst,1,19,183
es-5869620929,20260905,es,DA,data analyst,1,18,183
es-5869800024,20260905,es,DA,data analyst,1,17,183
es-5870124651,20260905,es,DA,data analyst,1,16,183
es-5870124759,20260905,es,BA,business analyst,1,8,174
es-5870227666,20260905,es,DA,analista de datos,1,1,29
es-5870227709,20260905,es,BA,business analyst,1,7,174
es-5870237059,20260905,es,DA,data analyst,1,15,183
es-5870237775,20260905,es,BA,analista de negocio,1,1,8
es-5870238152,20260905,es,BA,business analyst,1,6,174
es-5870238555,20260905,es,BA,business analyst,1,5,174
es-5870238555,20260905,es,DA,data analyst,1,14,183
es-5870238699,20260905,es,DA,data analyst,1,13,183
es-5870239214,20260905,es,DA,data analyst,1,12,183
es-5870239690,20260905,es,DA,data analyst,1,11,183
es-5870239815,20260905,es,BA,business analyst,1,4,174
es-5870528418,20260905,es,BI,BI analyst,1,1,12
es-5871053623,20260905,es,DA,data analyst,1,10,183
es-5871053764,20260905,es,DA,data analyst,1,9,183
es-5871053865,20260905,es,BA,business analyst,1,3,174
es-5871053922,20260905,es,DA,data analyst,1,7,183
es-5871053973,20260905,es,DA,data analyst,1,8,183
es-5871053976,20260905,es,DA,data analyst,1,6,183
es-5871054219,20260905,es,DA,data analyst,1,4,183
es-5871054262,20260905,es,DA,data analyst,1,5,183
es-5871277020,20260905,es,BA,business analyst,1,2,174
es-5871535777,20260905,es,DA,data analyst,1,3,183
es-5871536068,20260905,es,BA,business analyst,1,1,174
es-5871678533,20260905,es,DA,data analyst,1,2,183
es-5871678935,20260905,es,DA,data analyst,1,1,183
gb-5210480123,20260905,gb,BI,BI analyst,1,39,39
gb-5663621960,20260905,gb,BI,business intelligence analyst,1,38,38
gb-5748978694,20260905,gb,BI,BI analyst,1,38,39
gb-5761909402,20260905,gb,BI,business intelligence analyst,1,37,38
gb-5780349070,20260905,gb,BI,business intelligence analyst,1,36,38
gb-5795609519,20260905,gb,BI,BI analyst,1,37,39
gb-5795617519,20260905,gb,BI,BI analyst,1,36,39
gb-5802870387,20260905,gb,BI,BI analyst,1,35,39
gb-5810688125,20260905,gb,BI,business intelligence analyst,1,35,38
gb-5812625608,20260905,gb,BI,business intelligence analyst,1,34,38
gb-5814771693,20260905,gb,BI,BI analyst,1,34,39
gb-5816502339,20260905,gb,BI,business intelligence analyst,1,33,38
gb-5816506157,20260905,gb,BI,business intelligence analyst,1,32,38
gb-5820085655,20260905,gb,BI,business intelligence analyst,1,31,38
gb-5822578744,20260905,gb,BI,BI analyst,1,33,39
gb-5827485642,20260905,gb,BI,BI analyst,1,32,39
gb-5828022787,20260905,gb,BI,BI analyst,1,31,39
gb-5828402671,20260905,gb,BI,BI analyst,1,30,39
gb-5829404077,20260905,gb,BI,business intelligence analyst,1,30,38
gb-5829818220,20260905,gb,BI,business intelligence analyst,1,29,38
gb-5835737479,20260905,gb,BI,business intelligence analyst,1,28,38
gb-5838730541,20260905,gb,BI,business intelligence analyst,1,27,38
gb-5839572817,20260905,gb,BI,business intelligence analyst,1,26,38
gb-5840649326,20260905,gb,BI,BI analyst,1,29,39
gb-5843072790,20260905,gb,BI,BI analyst,1,28,39
gb-5845658880,20260905,gb,BI,business intelligence analyst,1,25,38
gb-5846046384,20260905,gb,BI,BI analyst,1,27,39
gb-5847255298,20260905,gb,BI,BI analyst,1,26,39
gb-5851016025,20260905,gb,BI,business intelligence analyst,1,24,38
gb-5852576301,20260905,gb,BI,business intelligence analyst,1,23,38
gb-5854310824,20260905,gb,BI,BI analyst,1,25,39
gb-5854951538,20260905,gb,BI,business intelligence analyst,1,22,38
gb-5855328200,20260905,gb,BI,BI analyst,1,24,39
gb-5855373744,20260905,gb,BI,BI analyst,1,23,39
gb-5855373969,20260905,gb,BI,business intelligence analyst,1,21,38
gb-5855373983,20260905,gb,BI,BI analyst,1,22,39
gb-5855375864,20260905,gb,BI,BI analyst,1,21,39
gb-5855377743,20260905,gb,BI,BI analyst,1,20,39
gb-5855381953,20260905,gb,BI,BI analyst,1,19,39
gb-5855716317,20260905,gb,BI,BI analyst,1,18,39
gb-5856135808,20260905,gb,BI,business intelligence analyst,1,20,38
gb-5857174948,20260905,gb,BI,business intelligence analyst,1,19,38
gb-5857216253,20260905,gb,BI,business intelligence analyst,1,18,38
gb-5857221137,20260905,gb,BI,BI analyst,1,16,39
gb-5857221143,20260905,gb,BI,BI analyst,1,17,39
gb-5858177274,20260905,gb,BI,BI analyst,1,15,39
gb-5858200065,20260905,gb,BI,BI analyst,1,14,39
gb-5858220107,20260905,gb,BI,BI analyst,1,13,39
gb-5858371998,20260905,gb,DA,data analyst,5,250,772
gb-5858373645,20260905,gb,DA,data analyst,5,249,772
gb-5858374336,20260905,gb,BI,business intelligence analyst,1,17,38
gb-5858377515,20260905,gb,BI,BI analyst,1,12,39
gb-5858377515,20260905,gb,DA,data analyst,5,248,772
gb-5858384691,20260905,gb,DA,data analyst,5,247,772
gb-5858387092,20260905,gb,DA,data analyst,5,246,772
gb-5858390325,20260905,gb,DA,data analyst,5,245,772
gb-5858404920,20260905,gb,BI,business intelligence analyst,1,16,38
gb-5858411950,20260905,gb,DA,data analyst,5,244,772
gb-5858587375,20260905,gb,DA,data analyst,5,242,772
gb-5858587406,20260905,gb,DA,data analyst,5,243,772
gb-5858625182,20260905,gb,DA,data analyst,5,241,772
gb-5858627464,20260905,gb,DA,data analyst,5,240,772
gb-5858627587,20260905,gb,DA,data analyst,5,239,772
gb-5858627677,20260905,gb,DA,data analyst,5,238,772
gb-5858628580,20260905,gb,DA,data analyst,5,237,772
gb-5858904718,20260905,gb,DA,data analyst,5,236,772
gb-5858906124,20260905,gb,DA,data analyst,5,235,772
gb-5858907743,20260905,gb,DA,data analyst,5,234,772
gb-5859057516,20260905,gb,DA,data analyst,5,233,772
gb-5859060098,20260905,gb,DA,data analyst,5,232,772
gb-5859161524,20260905,gb,DA,data analyst,5,231,772
gb-5859492510,20260905,gb,DA,data analyst,5,230,772
gb-5859614908,20260905,gb,DA,data analyst,5,229,772
gb-5859619578,20260905,gb,DA,data analyst,5,228,772
gb-5859643902,20260905,gb,DA,data analyst,5,227,772
gb-5859656397,20260905,gb,BI,BI analyst,1,11,39
gb-5859656830,20260905,gb,DA,data analyst,5,226,772
gb-5859746013,20260905,gb,DA,data analyst,5,225,772
gb-5859757634,20260905,gb,DA,data analyst,5,224,772
gb-5859761219,20260905,gb,DA,data analyst,5,223,772
gb-5859761566,20260905,gb,DA,data analyst,5,222,772
gb-5859763673,20260905,gb,DA,data analyst,5,221,772
gb-5859769677,20260905,gb,DA,data analyst,5,220,772
gb-5859770298,20260905,gb,DA,data analyst,5,219,772
gb-5859795918,20260905,gb,DA,data analyst,5,218,772
gb-5859795949,20260905,gb,DA,data analyst,5,217,772
gb-5859809944,20260905,gb,DA,data analyst,5,216,772
gb-5859974794,20260905,gb,DA,data analyst,5,215,772
gb-5859990443,20260905,gb,DA,data analyst,5,214,772
gb-5859992488,20260905,gb,DA,data analyst,5,213,772
gb-5859992645,20260905,gb,DA,data analyst,5,211,772
gb-5859992676,20260905,gb,DA,data analyst,5,212,772
gb-5859994642,20260905,gb,DA,data analyst,5,210,772
gb-5859994646,20260905,gb,DA,data analyst,5,209,772
gb-5859994652,20260905,gb,DA,data analyst,5,208,772
gb-5859994674,20260905,gb,DA,data analyst,5,207,772
gb-5860066671,20260905,gb,DA,data analyst,5,206,772
gb-5860066687,20260905,gb,DA,data analyst,5,205,772
gb-5860751563,20260905,gb,DA,data analyst,5,204,772
gb-5861182353,20260905,gb,DA,data analyst,5,203,772
gb-5861222704,20260905,gb,DA,data analyst,5,202,772
gb-5861234016,20260905,gb,DA,data analyst,5,201,772
gb-5861242326,20260905,gb,DA,data analyst,4,200,772
gb-5861397280,20260905,gb,DA,data analyst,4,199,772
gb-5861428762,20260905,gb,DA,data analyst,4,198,772
gb-5861733142,20260905,gb,DA,data analyst,4,197,772
gb-5861761607,20260905,gb,DA,data analyst,4,196,772
gb-5861792243,20260905,gb,DA,data analyst,4,195,772
gb-5862276870,20260905,gb,DA,data analyst,4,194,772
gb-5862284826,20260905,gb,DA,data analyst,4,193,772
gb-5862688235,20260905,gb,DA,data analyst,4,192,772
gb-5862989176,20260905,gb,DA,data analyst,4,191,772
gb-5863109993,20260905,gb,DA,data analyst,4,190,772
gb-5863132806,20260905,gb,DA,data analyst,4,189,772
gb-5863586463,20260905,gb,DA,data analyst,4,188,772
gb-5864040627,20260905,gb,DA,data analyst,4,187,772
gb-5864147983,20260905,gb,DA,data analyst,4,185,772
gb-5864147992,20260905,gb,DA,data analyst,4,186,772
gb-5864528638,20260905,gb,BI,BI analyst,1,10,39
gb-5864528638,20260905,gb,DA,data analyst,4,184,772
gb-5864528709,20260905,gb,DA,data analyst,4,183,772
gb-5864590561,20260905,gb,DA,data analyst,4,182,772
gb-5864671247,20260905,gb,DA,data analyst,4,181,772
gb-5864677608,20260905,gb,DA,data analyst,4,180,772
gb-5864728782,20260905,gb,DA,data analyst,4,179,772
gb-5864792047,20260905,gb,DA,data analyst,4,178,772
gb-5864834295,20260905,gb,DA,data analyst,4,177,772
gb-5864882328,20260905,gb,DA,data analyst,4,176,772
gb-5864981083,20260905,gb,DA,data analyst,4,175,772
gb-5865162761,20260905,gb,DA,data analyst,4,174,772
gb-5865190428,20260905,gb,DA,data analyst,4,173,772
gb-5865190429,20260905,gb,DA,data analyst,4,169,772
gb-5865190431,20260905,gb,DA,data analyst,4,172,772
gb-5865190433,20260905,gb,DA,data analyst,4,171,772
gb-5865190456,20260905,gb,DA,data analyst,4,170,772
gb-5865190459,20260905,gb,DA,data analyst,4,168,772
gb-5865190460,20260905,gb,DA,data analyst,4,167,772
gb-5865190461,20260905,gb,DA,data analyst,4,166,772
gb-5865197791,20260905,gb,DA,data analyst,4,165,772
gb-5865261664,20260905,gb,DA,data analyst,4,164,772
gb-5865265463,20260905,gb,DA,data analyst,4,163,772
gb-5865265469,20260905,gb,DA,data analyst,4,161,772
gb-5865265477,20260905,gb,DA,data analyst,4,162,772
gb-5865265519,20260905,gb,DA,data analyst,4,160,772
gb-5865267720,20260905,gb,DA,data analyst,4,159,772
gb-5865267722,20260905,gb,DA,data analyst,4,157,772
gb-5865267724,20260905,gb,DA,data analyst,4,158,772
gb-5865269133,20260905,gb,DA,data analyst,4,156,772
gb-5865273205,20260905,gb,DA,data analyst,4,155,772
gb-5866532943,20260905,gb,DA,data analyst,4,154,772
gb-5866532946,20260905,gb,DA,data analyst,4,153,772
gb-5866718600,20260905,gb,BI,business intelligence analyst,1,15,38
gb-5867043036,20260905,gb,DA,data analyst,4,152,772
gb-5867043351,20260905,gb,BA,business analyst,5,222,1278
gb-5867043352,20260905,gb,BA,business analyst,5,234,1278
gb-5867043353,20260905,gb,BA,business analyst,5,243,1278
gb-5867043354,20260905,gb,BA,business analyst,5,231,1278
gb-5867043356,20260905,gb,BA,business analyst,5,235,1278
gb-5867043359,20260905,gb,BA,business analyst,5,245,1278
gb-5867043360,20260905,gb,BA,business analyst,5,227,1278
gb-5867043361,20260905,gb,BA,business analyst,5,237,1278
gb-5867043364,20260905,gb,BA,business analyst,5,225,1278
gb-5867043366,20260905,gb,BA,business analyst,5,232,1278
gb-5867043367,20260905,gb,BA,business analyst,5,239,1278
gb-5867043369,20260905,gb,BA,business analyst,5,248,1278
gb-5867043371,20260905,gb,BA,business analyst,5,246,1278
gb-5867043372,20260905,gb,BA,business analyst,5,218,1278
gb-5867043375,20260905,gb,BA,business analyst,5,228,1278
gb-5867043380,20260905,gb,BA,business analyst,5,229,1278
gb-5867043384,20260905,gb,BA,business analyst,5,223,1278
gb-5867043386,20260905,gb,BA,business analyst,5,221,1278
gb-5867043388,20260905,gb,BA,business analyst,5,238,1278
gb-5867043391,20260905,gb,BA,business analyst,5,244,1278
gb-5867043397,20260905,gb,BA,business analyst,5,241,1278
gb-5867043398,20260905,gb,BA,business analyst,5,219,1278
gb-5867043399,20260905,gb,BA,business analyst,5,242,1278
gb-5867043401,20260905,gb,BA,business analyst,5,233,1278
gb-5867043402,20260905,gb,BA,business analyst,5,230,1278
gb-5867043403,20260905,gb,BA,business analyst,5,240,1278
gb-5867043404,20260905,gb,BA,business analyst,5,247,1278
gb-5867043406,20260905,gb,BA,business analyst,5,249,1278
gb-5867043408,20260905,gb,BA,business analyst,5,224,1278
gb-5867043409,20260905,gb,BA,business analyst,5,236,1278
gb-5867043411,20260905,gb,BA,business analyst,5,250,1278
gb-5867043413,20260905,gb,BA,business analyst,5,220,1278
gb-5867043415,20260905,gb,BA,business analyst,5,226,1278
gb-5867043418,20260905,gb,BA,business analyst,5,206,1278
gb-5867043419,20260905,gb,BA,business analyst,4,200,1278
gb-5867043420,20260905,gb,BA,business analyst,5,212,1278
gb-5867043422,20260905,gb,BA,business analyst,5,209,1278
gb-5867043424,20260905,gb,BA,business analyst,5,205,1278
gb-5867043426,20260905,gb,BA,business analyst,5,201,1278
gb-5867043427,20260905,gb,BA,business analyst,4,199,1278
gb-5867043428,20260905,gb,BA,business analyst,5,208,1278
gb-5867043431,20260905,gb,BA,business analyst,5,202,1278
gb-5867043433,20260905,gb,BA,business analyst,5,207,1278
gb-5867043435,20260905,gb,BA,business analyst,5,217,1278
gb-5867043436,20260905,gb,BA,business analyst,4,194,1278
gb-5867043437,20260905,gb,BA,business analyst,5,213,1278
gb-5867043440,20260905,gb,BA,business analyst,4,196,1278
gb-5867043441,20260905,gb,BA,business analyst,5,216,1278
gb-5867043442,20260905,gb,BA,business analyst,5,211,1278
gb-5867043443,20260905,gb,BA,business analyst,5,203,1278
gb-5867043444,20260905,gb,BA,business analyst,5,204,1278
gb-5867043445,20260905,gb,BA,business analyst,5,214,1278
gb-5867043446,20260905,gb,BA,business analyst,4,198,1278
gb-5867043448,20260905,gb,BA,business analyst,5,215,1278
gb-5867043449,20260905,gb,BA,business analyst,5,210,1278
gb-5867043450,20260905,gb,BA,business analyst,4,195,1278
gb-5867043452,20260905,gb,BA,business analyst,4,197,1278
gb-5867043462,20260905,gb,BA,business analyst,4,192,1278
gb-5867043466,20260905,gb,BA,business analyst,4,193,1278
gb-5867061975,20260905,gb,DA,data analyst,4,151,772
gb-5867110693,20260905,gb,BA,business analyst,4,191,1278
gb-5867151553,20260905,gb,BI,BI analyst,1,9,39
gb-5867151553,20260905,gb,DA,data analyst,3,150,772
gb-5867181562,20260905,gb,BA,business analyst,4,190,1278
gb-5867187726,20260905,gb,DA,data analyst,3,149,772
gb-5867187859,20260905,gb,DA,data analyst,3,148,772
gb-5867188589,20260905,gb,DA,data analyst,3,147,772
gb-5867228167,20260905,gb,BA,business analyst,4,189,1278
gb-5867228952,20260905,gb,BA,business analyst,4,188,1278
gb-5867235621,20260905,gb,DA,data analyst,3,146,772
gb-5867236624,20260905,gb,DA,data analyst,3,145,772
gb-5867237314,20260905,gb,DA,data analyst,3,144,772
gb-5867244023,20260905,gb,BA,business analyst,4,187,1278
gb-5867249007,20260905,gb,BA,business analyst,4,186,1278
gb-5867249007,20260905,gb,BI,business intelligence analyst,1,14,38
gb-5867249869,20260905,gb,DA,data analyst,3,143,772
gb-5867251190,20260905,gb,DA,data analyst,3,142,772
gb-5867251978,20260905,gb,DA,data analyst,3,141,772
gb-5867274265,20260905,gb,BA,business analyst,4,185,1278
gb-5867274435,20260905,gb,BA,business analyst,4,184,1278
gb-5867279261,20260905,gb,BA,business analyst,4,183,1278
gb-5867279771,20260905,gb,BA,business analyst,4,182,1278
gb-5867282858,20260905,gb,DA,data analyst,3,140,772
gb-5867305091,20260905,gb,BA,business analyst,4,181,1278
gb-5867306037,20260905,gb,DA,data analyst,3,139,772
gb-5867316849,20260905,gb,DA,data analyst,3,138,772
gb-5867333398,20260905,gb,BA,business analyst,4,180,1278
gb-5867338630,20260905,gb,DA,data analyst,3,137,772
gb-5867414466,20260905,gb,DA,data analyst,3,136,772
gb-5867507447,20260905,gb,DA,data analyst,3,135,772
gb-5867515337,20260905,gb,BA,business analyst,4,179,1278
gb-5867515337,20260905,gb,BI,business intelligence analyst,1,13,38
gb-5867530033,20260905,gb,DA,data analyst,3,134,772
gb-5867562617,20260905,gb,BA,business analyst,4,178,1278
gb-5867626094,20260905,gb,BA,business analyst,4,177,1278
gb-5867641417,20260905,gb,BA,business analyst,4,176,1278
gb-5867642296,20260905,gb,BA,business analyst,4,175,1278
gb-5867643019,20260905,gb,DA,data analyst,3,133,772
gb-5867643027,20260905,gb,DA,data analyst,3,132,772
gb-5867644630,20260905,gb,BA,business analyst,4,174,1278
gb-5867645588,20260905,gb,BA,business analyst,4,172,1278
gb-5867645591,20260905,gb,BA,business analyst,4,171,1278
gb-5867645592,20260905,gb,BA,business analyst,4,173,1278
gb-5867645763,20260905,gb,BA,business analyst,4,170,1278
gb-5867645767,20260905,gb,BA,business analyst,4,167,1278
gb-5867645768,20260905,gb,BA,business analyst,4,169,1278
gb-5867645768,20260905,gb,BI,business intelligence analyst,1,12,38
gb-5867645772,20260905,gb,DA,data analyst,3,131,772
gb-5867645773,20260905,gb,BA,business analyst,4,168,1278
gb-5867702477,20260905,gb,DA,data analyst,3,130,772
gb-5867726461,20260905,gb,BI,BI analyst,1,8,39
gb-5867727563,20260905,gb,BA,business analyst,4,166,1278
gb-5867727691,20260905,gb,BA,business analyst,4,165,1278
gb-5867727691,20260905,gb,BI,business intelligence analyst,1,11,38
gb-5867730506,20260905,gb,DA,data analyst,3,129,772
gb-5867756173,20260905,gb,BA,business analyst,4,164,1278
gb-5867756760,20260905,gb,DA,data analyst,3,128,772
gb-5867757879,20260905,gb,BA,business analyst,4,163,1278
gb-5868077100,20260905,gb,BA,business analyst,4,162,1278
gb-5868099172,20260905,gb,BA,business analyst,4,161,1278
gb-5868151937,20260905,gb,BA,business analyst,4,160,1278
gb-5868152267,20260905,gb,BA,business analyst,4,159,1278
gb-5868292468,20260905,gb,DA,data analyst,3,127,772
gb-5868301226,20260905,gb,BA,business analyst,4,158,1278
gb-5868301591,20260905,gb,BA,business analyst,4,157,1278
gb-5868417643,20260905,gb,BA,business analyst,4,156,1278
gb-5868457217,20260905,gb,BA,business analyst,4,155,1278
gb-5868457878,20260905,gb,DA,data analyst,3,125,772
gb-5868457898,20260905,gb,DA,data analyst,3,126,772
gb-5868542800,20260905,gb,BA,business analyst,4,154,1278
gb-5868766842,20260905,gb,BA,business analyst,4,151,1278
gb-5868766893,20260905,gb,BA,business analyst,4,152,1278
gb-5868766897,20260905,gb,BA,business analyst,4,153,1278
gb-5868767089,20260905,gb,BA,business analyst,3,150,1278
gb-5868767157,20260905,gb,BA,business analyst,3,149,1278
gb-5868767169,20260905,gb,BA,business analyst,3,148,1278
gb-5868767174,20260905,gb,DA,data analyst,3,124,772
gb-5868767297,20260905,gb,BA,business analyst,3,147,1278
gb-5868767667,20260905,gb,DA,data analyst,3,122,772
gb-5868767755,20260905,gb,BA,business analyst,3,145,1278
gb-5868767760,20260905,gb,DA,data analyst,3,123,772
gb-5868767785,20260905,gb,BA,business analyst,3,146,1278
gb-5868767979,20260905,gb,DA,data analyst,3,121,772
gb-5868776956,20260905,gb,BA,business analyst,3,144,1278
gb-5868779114,20260905,gb,DA,data analyst,3,120,772
gb-5868804236,20260905,gb,BA,business analyst,3,143,1278
gb-5868804241,20260905,gb,DA,data analyst,3,119,772
gb-5868804489,20260905,gb,BA,business analyst,3,142,1278
gb-5868804516,20260905,gb,DA,data analyst,3,118,772
gb-5868804602,20260905,gb,DA,data analyst,3,117,772
gb-5868804623,20260905,gb,DA,data analyst,3,116,772
gb-5868804734,20260905,gb,DA,data analyst,3,115,772
gb-5868804736,20260905,gb,BA,business analyst,3,140,1278
gb-5868804739,20260905,gb,BA,business analyst,3,139,1278
gb-5868804753,20260905,gb,BA,business analyst,3,141,1278
gb-5868804757,20260905,gb,DA,data analyst,3,114,772
gb-5868804868,20260905,gb,BI,BI analyst,1,7,39
gb-5868804868,20260905,gb,DA,data analyst,3,113,772
gb-5868804972,20260905,gb,DA,data analyst,3,112,772
gb-5868804984,20260905,gb,BA,business analyst,3,138,1278
gb-5868805062,20260905,gb,BA,business analyst,3,137,1278
gb-5868805111,20260905,gb,DA,data analyst,3,111,772
gb-5868805413,20260905,gb,BA,business analyst,3,135,1278
gb-5868805425,20260905,gb,DA,data analyst,3,110,772
gb-5868805430,20260905,gb,BA,business analyst,3,136,1278
gb-5868805681,20260905,gb,BA,business analyst,3,134,1278
gb-5868805681,20260905,gb,DA,data analyst,3,109,772
gb-5868805768,20260905,gb,BA,business analyst,3,133,1278
gb-5868805774,20260905,gb,BA,business analyst,3,132,1278
gb-5868805871,20260905,gb,BA,business analyst,3,131,1278
gb-5868805873,20260905,gb,DA,data analyst,3,108,772
gb-5868805902,20260905,gb,DA,data analyst,3,107,772
gb-5868805944,20260905,gb,BA,business analyst,3,130,1278
gb-5868805944,20260905,gb,BI,business intelligence analyst,1,10,38
gb-5868805982,20260905,gb,BA,business analyst,3,129,1278
gb-5868805982,20260905,gb,BI,business intelligence analyst,1,9,38
gb-5868805982,20260905,gb,DA,data analyst,3,106,772
gb-5868813184,20260905,gb,BA,business analyst,3,128,1278
gb-5868813596,20260905,gb,BA,business analyst,3,127,1278
gb-5868891748,20260905,gb,BA,business analyst,3,126,1278
gb-5868891748,20260905,gb,BI,business intelligence analyst,1,8,38
gb-5868906185,20260905,gb,BA,business analyst,3,125,1278
gb-5868906307,20260905,gb,BA,business analyst,3,124,1278
gb-5868909048,20260905,gb,BA,business analyst,3,123,1278
gb-5868909139,20260905,gb,BA,business analyst,3,122,1278
gb-5868913954,20260905,gb,DA,data analyst,3,105,772
gb-5868917250,20260905,gb,BA,business analyst,3,121,1278
gb-5868918352,20260905,gb,DA,data analyst,3,104,772
gb-5868919242,20260905,gb,BA,business analyst,3,120,1278
gb-5868923003,20260905,gb,BA,business analyst,3,119,1278
gb-5868976745,20260905,gb,BA,business analyst,3,118,1278
gb-5868976745,20260905,gb,DA,data analyst,3,103,772
gb-5868984171,20260905,gb,DA,data analyst,3,102,772
gb-5868984224,20260905,gb,BA,business analyst,3,116,1278
gb-5868984242,20260905,gb,BA,business analyst,3,117,1278
gb-5868990922,20260905,gb,BA,business analyst,3,115,1278
gb-5868990973,20260905,gb,DA,data analyst,3,101,772
gb-5869005150,20260905,gb,BA,business analyst,3,114,1278
gb-5869075476,20260905,gb,DA,data analyst,2,100,772
gb-5869105942,20260905,gb,DA,data analyst,2,99,772
gb-5869120196,20260905,gb,BA,business analyst,3,113,1278
gb-5869120401,20260905,gb,BA,business analyst,3,112,1278
gb-5869121529,20260905,gb,BA,business analyst,3,111,1278
gb-5869121529,20260905,gb,DA,data analyst,2,98,772
gb-5869134880,20260905,gb,BA,business analyst,3,110,1278
gb-5869150614,20260905,gb,DA,data analyst,2,97,772
gb-5869150885,20260905,gb,BA,business analyst,3,109,1278
gb-5869151509,20260905,gb,BA,business analyst,3,108,1278
gb-5869152296,20260905,gb,BI,BI analyst,1,6,39
gb-5869155664,20260905,gb,DA,data analyst,2,96,772
gb-5869157546,20260905,gb,BA,business analyst,3,107,1278
gb-5869157666,20260905,gb,DA,data analyst,2,95,772
gb-5869161425,20260905,gb,BA,business analyst,3,106,1278
gb-5869180933,20260905,gb,BI,BI analyst,1,5,39
gb-5869183304,20260905,gb,DA,data analyst,2,94,772
gb-5869193044,20260905,gb,BA,business analyst,3,105,1278
gb-5869196700,20260905,gb,DA,data analyst,2,93,772
gb-5869198302,20260905,gb,DA,data analyst,2,92,772
gb-5869208889,20260905,gb,DA,data analyst,2,91,772
gb-5869213473,20260905,gb,DA,data analyst,2,90,772
gb-5869301662,20260905,gb,DA,data analyst,2,89,772
gb-5869442593,20260905,gb,BA,business analyst,3,104,1278
gb-5869442717,20260905,gb,BA,business analyst,3,103,1278
gb-5869442923,20260905,gb,BA,business analyst,3,102,1278
gb-5869442923,20260905,gb,BI,business intelligence analyst,1,7,38
gb-5869444083,20260905,gb,BA,business analyst,3,101,1278
gb-5869444098,20260905,gb,DA,data analyst,2,87,772
gb-5869444100,20260905,gb,BA,business analyst,2,100,1278
gb-5869444100,20260905,gb,DA,data analyst,2,88,772
gb-5869444112,20260905,gb,BA,business analyst,2,98,1278
gb-5869444118,20260905,gb,BA,business analyst,2,99,1278
gb-5869444118,20260905,gb,DA,data analyst,2,86,772
gb-5869444131,20260905,gb,BA,business analyst,2,97,1278
gb-5869452153,20260905,gb,BA,business analyst,2,96,1278
gb-5869452153,20260905,gb,BI,business intelligence analyst,1,6,38
gb-5869479486,20260905,gb,BA,business analyst,2,95,1278
gb-5869493390,20260905,gb,DA,data analyst,2,85,772
gb-5869493833,20260905,gb,BA,business analyst,2,94,1278
gb-5869508533,20260905,gb,BA,business analyst,2,93,1278
gb-5869519856,20260905,gb,BA,business analyst,2,92,1278
gb-5869520056,20260905,gb,BA,business analyst,2,91,1278
gb-5869520124,20260905,gb,BA,business analyst,2,90,1278
gb-5869544669,20260905,gb,DA,data analyst,2,84,772
gb-5869545079,20260905,gb,DA,data analyst,2,83,772
gb-5869547950,20260905,gb,BA,business analyst,2,89,1278
gb-5869548394,20260905,gb,BA,business analyst,2,88,1278
gb-5869548394,20260905,gb,DA,data analyst,2,82,772
gb-5869549719,20260905,gb,DA,data analyst,2,81,772
gb-5869549725,20260905,gb,BA,business analyst,2,87,1278
gb-5869550457,20260905,gb,BI,BI analyst,1,4,39
gb-5869552162,20260905,gb,DA,data analyst,2,79,772
gb-5869552164,20260905,gb,DA,data analyst,2,80,772
gb-5869554109,20260905,gb,DA,data analyst,2,78,772
gb-5869554110,20260905,gb,BA,business analyst,2,83,1278
gb-5869554111,20260905,gb,BA,business analyst,2,85,1278
gb-5869554114,20260905,gb,BA,business analyst,2,86,1278
gb-5869554116,20260905,gb,BA,business analyst,2,84,1278
gb-5869554876,20260905,gb,BA,business analyst,2,82,1278
gb-5869559727,20260905,gb,BA,business analyst,2,81,1278
gb-5869559762,20260905,gb,DA,data analyst,2,77,772
gb-5869562897,20260905,gb,BA,business analyst,2,80,1278
gb-5869586939,20260905,gb,DA,data analyst,2,76,772
gb-5869594779,20260905,gb,DA,data analyst,2,75,772
gb-5869622912,20260905,gb,DA,data analyst,2,74,772
gb-5869662130,20260905,gb,BA,business analyst,2,79,1278
gb-5869782932,20260905,gb,BA,business analyst,2,78,1278
gb-5869786573,20260905,gb,BA,business analyst,2,77,1278
gb-5869789329,20260905,gb,BA,business analyst,2,76,1278
gb-5869799826,20260905,gb,DA,data analyst,2,73,772
gb-5869804842,20260905,gb,BA,business analyst,2,75,1278
gb-5869804868,20260905,gb,DA,data analyst,2,72,772
gb-5869818354,20260905,gb,BA,business analyst,2,74,1278
gb-5869942796,20260905,gb,BA,business analyst,2,72,1278
gb-5869942801,20260905,gb,BA,business analyst,2,73,1278
gb-5869964105,20260905,gb,BA,business analyst,2,71,1278
gb-5870168290,20260905,gb,DA,data analyst,2,71,772
gb-5870432930,20260905,gb,BA,business analyst,2,70,1278
gb-5870549762,20260905,gb,DA,data analyst,2,70,772
gb-5870597643,20260905,gb,DA,data analyst,2,69,772
gb-5870618225,20260905,gb,BA,business analyst,2,69,1278
gb-5870618232,20260905,gb,BA,business analyst,2,68,1278
gb-5870624631,20260905,gb,BA,business analyst,2,67,1278
gb-5870624715,20260905,gb,BA,business analyst,2,66,1278
gb-5870624724,20260905,gb,BA,business analyst,2,65,1278
gb-5870625840,20260905,gb,BA,business analyst,2,64,1278
gb-5870625973,20260905,gb,BA,business analyst,2,63,1278
gb-5870628588,20260905,gb,DA,data analyst,2,68,772
gb-5870638972,20260905,gb,BA,business analyst,2,62,1278
gb-5870639008,20260905,gb,BA,business analyst,2,61,1278
gb-5870675843,20260905,gb,BA,business analyst,2,60,1278
gb-5870713316,20260905,gb,BA,business analyst,2,59,1278
gb-5870713848,20260905,gb,DA,data analyst,2,67,772
gb-5870730539,20260905,gb,DA,data analyst,2,66,772
gb-5870741084,20260905,gb,BA,business analyst,2,58,1278
gb-5870741084,20260905,gb,BI,business intelligence analyst,1,5,38
gb-5870741984,20260905,gb,BA,business analyst,2,57,1278
gb-5870744917,20260905,gb,BA,business analyst,2,56,1278
gb-5870746875,20260905,gb,BA,business analyst,2,55,1278
gb-5870748752,20260905,gb,BA,business analyst,2,54,1278
gb-5870749603,20260905,gb,DA,data analyst,2,65,772
gb-5870752713,20260905,gb,BA,business analyst,2,53,1278
gb-5870753152,20260905,gb,BA,business analyst,2,52,1278
gb-5870753215,20260905,gb,BA,business analyst,2,51,1278
gb-5870755983,20260905,gb,BA,business analyst,1,50,1278
gb-5870758339,20260905,gb,DA,data analyst,2,64,772
gb-5870759329,20260905,gb,DA,data analyst,2,63,772
gb-5870760707,20260905,gb,BA,business analyst,1,49,1278
gb-5870761386,20260905,gb,BA,business analyst,1,48,1278
gb-5870766110,20260905,gb,BA,business analyst,1,47,1278
gb-5870766610,20260905,gb,DA,data analyst,2,62,772
gb-5870770143,20260905,gb,BA,business analyst,1,46,1278
gb-5870770812,20260905,gb,BA,business analyst,1,45,1278
gb-5870773212,20260905,gb,BA,business analyst,1,44,1278
gb-5870776356,20260905,gb,BA,business analyst,1,42,1278
gb-5870776358,20260905,gb,BA,business analyst,1,43,1278
gb-5870797719,20260905,gb,BA,business analyst,1,40,1278
gb-5870797720,20260905,gb,BA,business analyst,1,41,1278
gb-5870815876,20260905,gb,DA,data analyst,2,61,772
gb-5870816065,20260905,gb,DA,data analyst,2,60,772
gb-5870816322,20260905,gb,DA,data analyst,2,58,772
gb-5870816364,20260905,gb,DA,data analyst,2,59,772
gb-5870820707,20260905,gb,DA,data analyst,2,57,772
gb-5870822091,20260905,gb,DA,data analyst,2,55,772
gb-5870822105,20260905,gb,DA,data analyst,2,56,772
gb-5870822566,20260905,gb,BA,business analyst,1,39,1278
gb-5870822566,20260905,gb,BI,business intelligence analyst,1,4,38
gb-5870822993,20260905,gb,DA,data analyst,2,54,772
gb-5870823227,20260905,gb,BA,business analyst,1,38,1278
gb-5870828489,20260905,gb,DA,data analyst,2,53,772
gb-5870884518,20260905,gb,BA,business analyst,1,37,1278
gb-5870884752,20260905,gb,BA,business analyst,1,36,1278
gb-5870922540,20260905,gb,BA,business analyst,1,35,1278
gb-5871005369,20260905,gb,BA,business analyst,1,34,1278
gb-5871005401,20260905,gb,DA,data analyst,2,52,772
gb-5871005544,20260905,gb,DA,data analyst,2,51,772
gb-5871011188,20260905,gb,DA,data analyst,1,50,772
gb-5871014147,20260905,gb,DA,data analyst,1,49,772
gb-5871014203,20260905,gb,BA,business analyst,1,33,1278
gb-5871014203,20260905,gb,DA,data analyst,1,48,772
gb-5871014207,20260905,gb,BA,business analyst,1,32,1278
gb-5871014210,20260905,gb,DA,data analyst,1,47,772
gb-5871023051,20260905,gb,BA,business analyst,1,31,1278
gb-5871028594,20260905,gb,BI,BI analyst,1,3,39
gb-5871029053,20260905,gb,BA,business analyst,1,30,1278
gb-5871029118,20260905,gb,DA,data analyst,1,46,772
gb-5871030865,20260905,gb,DA,data analyst,1,45,772
gb-5871033540,20260905,gb,BA,business analyst,1,29,1278
gb-5871043916,20260905,gb,DA,data analyst,1,44,772
gb-5871044050,20260905,gb,BA,business analyst,1,28,1278
gb-5871135754,20260905,gb,BA,business analyst,1,27,1278
gb-5871241488,20260905,gb,DA,data analyst,1,43,772
gb-5871242766,20260905,gb,BA,business analyst,1,26,1278
gb-5871243065,20260905,gb,BA,business analyst,1,25,1278
gb-5871261504,20260905,gb,DA,data analyst,1,42,772
gb-5871261748,20260905,gb,BA,business analyst,1,24,1278
gb-5871306012,20260905,gb,BA,business analyst,1,23,1278
gb-5871306230,20260905,gb,DA,data analyst,1,41,772
gb-5871328915,20260905,gb,BA,business analyst,1,22,1278
gb-5871339130,20260905,gb,BA,business analyst,1,21,1278
gb-5871409621,20260905,gb,BA,business analyst,1,20,1278
gb-5871611701,20260905,gb,DA,data analyst,1,39,772
gb-5871611702,20260905,gb,DA,data analyst,1,40,772
gb-5871611706,20260905,gb,DA,data analyst,1,38,772
gb-5871611722,20260905,gb,DA,data analyst,1,37,772
gb-5871614418,20260905,gb,DA,data analyst,1,32,772
gb-5871614422,20260905,gb,DA,data analyst,1,34,772
gb-5871614424,20260905,gb,DA,data analyst,1,35,772
gb-5871614428,20260905,gb,DA,data analyst,1,33,772
gb-5871614438,20260905,gb,DA,data analyst,1,36,772
gb-5871617311,20260905,gb,DA,data analyst,1,31,772
gb-5871617319,20260905,gb,BA,business analyst,1,19,1278
gb-5871776402,20260905,gb,BA,business analyst,1,18,1278
gb-5871776444,20260905,gb,BA,business analyst,1,17,1278
gb-5871776512,20260905,gb,BA,business analyst,1,16,1278
gb-5871838727,20260905,gb,DA,data analyst,1,30,772
gb-5871838730,20260905,gb,BA,business analyst,1,15,1278
gb-5871839107,20260905,gb,DA,data analyst,1,29,772
gb-5871839379,20260905,gb,BA,business analyst,1,14,1278
gb-5871839450,20260905,gb,BA,business analyst,1,13,1278
gb-5871839450,20260905,gb,DA,data analyst,1,27,772
gb-5871839519,20260905,gb,DA,data analyst,1,28,772
gb-5871839535,20260905,gb,BA,business analyst,1,12,1278
gb-5871839535,20260905,gb,BI,business intelligence analyst,1,3,38
gb-5871839535,20260905,gb,DA,data analyst,1,25,772
gb-5871839600,20260905,gb,DA,data analyst,1,26,772
gb-5871839713,20260905,gb,DA,data analyst,1,24,772
gb-5871839762,20260905,gb,DA,data analyst,1,23,772
gb-5871839919,20260905,gb,DA,data analyst,1,22,772
gb-5871839972,20260905,gb,BA,business analyst,1,11,1278
gb-5871839972,20260905,gb,BI,business intelligence analyst,1,2,38
gb-5871840218,20260905,gb,DA,data analyst,1,21,772
gb-5871840791,20260905,gb,DA,data analyst,1,20,772
gb-5871840814,20260905,gb,DA,data analyst,1,19,772
gb-5871840836,20260905,gb,BI,BI analyst,1,2,39
gb-5871840937,20260905,gb,BI,BI analyst,1,1,39
gb-5871840963,20260905,gb,BA,business analyst,1,10,1278
gb-5871840969,20260905,gb,BA,business analyst,1,9,1278
gb-5871840995,20260905,gb,BA,business analyst,1,7,1278
gb-5871841001,20260905,gb,BA,business analyst,1,8,1278
gb-5871841006,20260905,gb,DA,data analyst,1,17,772
gb-5871841062,20260905,gb,DA,data analyst,1,18,772
gb-5871841154,20260905,gb,DA,data analyst,1,15,772
gb-5871841199,20260905,gb,DA,data analyst,1,14,772
gb-5871841210,20260905,gb,DA,data analyst,1,16,772
gb-5871841344,20260905,gb,DA,data analyst,1,13,772
gb-5871841413,20260905,gb,DA,data analyst,1,11,772
gb-5871841422,20260905,gb,BA,business analyst,1,5,1278
gb-5871841463,20260905,gb,DA,data analyst,1,10,772
gb-5871841485,20260905,gb,BA,business analyst,1,4,1278
gb-5871841485,20260905,gb,BI,business intelligence analyst,1,1,38
gb-5871841492,20260905,gb,BA,business analyst,1,6,1278
gb-5871841514,20260905,gb,DA,data analyst,1,12,772
gb-5871841612,20260905,gb,DA,data analyst,1,9,772
gb-5871841648,20260905,gb,DA,data analyst,1,8,772
gb-5871841708,20260905,gb,DA,data analyst,1,7,772
gb-5871841772,20260905,gb,BA,business analyst,1,3,1278
gb-5871841772,20260905,gb,DA,data analyst,1,5,772
gb-5871841854,20260905,gb,DA,data analyst,1,6,772
gb-5871841893,20260905,gb,DA,data analyst,1,2,772
gb-5871841901,20260905,gb,DA,data analyst,1,3,772
gb-5871841920,20260905,gb,BA,business analyst,1,2,1278
gb-5871841920,20260905,gb,DA,data analyst,1,4,772
gb-5871887766,20260905,gb,BA,business analyst,1,1,1278
gb-5871887901,20260905,gb,DA,data analyst,1,1,772
ch-5253192882,20260906,ch,BA,business analyst,4,200,203
ch-5415997589,20260906,ch,BA,business analyst,4,199,203
ch-5501296599,20260906,ch,BA,business analyst,4,197,203
ch-5501296602,20260906,ch,BA,business analyst,4,198,203
ch-5544982395,20260906,ch,BA,business analyst,4,196,203
ch-5582074518,20260906,ch,BA,business analyst,4,195,203
ch-5624904803,20260906,ch,BA,business analyst,4,194,203
ch-5662130334,20260906,ch,BA,business analyst,4,193,203
ch-5706900763,20260906,ch,BA,business analyst,4,192,203
ch-5723540051,20260906,ch,BA,business analyst,4,191,203
ch-5723540105,20260906,ch,BA,business analyst,4,190,203
ch-5727378938,20260906,ch,BA,business analyst,4,189,203
ch-5727381173,20260906,ch,BA,business analyst,4,188,203
ch-5728539859,20260906,ch,BA,business analyst,4,187,203
ch-5736527696,20260906,ch,BA,business analyst,4,186,203
ch-5737723571,20260906,ch,BA,business analyst,4,185,203
ch-5751722820,20260906,ch,BA,business analyst,4,184,203
ch-5752476574,20260906,ch,BA,business analyst,4,183,203
ch-5754205825,20260906,ch,BA,business analyst,4,182,203
ch-5763015516,20260906,ch,BA,business analyst,4,181,203
ch-5772045252,20260906,ch,BA,business analyst,4,180,203
ch-5779533751,20260906,ch,BA,business analyst,4,179,203
ch-5781488841,20260906,ch,BA,business analyst,4,178,203
ch-5784532475,20260906,ch,BA,business analyst,4,177,203
ch-5791318020,20260906,ch,BA,business analyst,4,176,203
ch-5795995207,20260906,ch,BA,business analyst,4,175,203
ch-5795995207,20260906,ch,DA,data analyst,1,35,35
ch-5798343353,20260906,ch,BA,business analyst,4,174,203
ch-5799099810,20260906,ch,DA,data analyst,1,34,35
ch-5805053425,20260906,ch,BA,business analyst,4,173,203
ch-5805464955,20260906,ch,BA,business analyst,4,172,203
ch-5805464955,20260906,ch,DA,data analyst,1,33,35
ch-5810001868,20260906,ch,BA,business analyst,4,171,203
ch-5810001868,20260906,ch,DA,data analyst,1,32,35
ch-5811519370,20260906,ch,BA,business analyst,4,170,203
ch-5814610054,20260906,ch,BA,business analyst,4,169,203
ch-5814700994,20260906,ch,BA,business analyst,4,168,203
ch-5814701018,20260906,ch,BA,business analyst,4,167,203
ch-5822720275,20260906,ch,BA,business analyst,4,166,203
ch-5822996836,20260906,ch,BA,business analyst,4,165,203
ch-5822997268,20260906,ch,BA,business analyst,4,164,203
ch-5826138284,20260906,ch,BA,business analyst,4,163,203
ch-5829693990,20260906,ch,BA,business analyst,4,162,203
ch-5830857008,20260906,ch,BA,business analyst,4,161,203
ch-5832285104,20260906,ch,DA,data analyst,1,31,35
ch-5832355656,20260906,ch,BA,business analyst,4,160,203
ch-5832355656,20260906,ch,DA,data analyst,1,30,35
ch-5834044745,20260906,ch,BA,business analyst,4,159,203
ch-5837128521,20260906,ch,BA,business analyst,4,158,203
ch-5840951023,20260906,ch,BA,business analyst,4,157,203
ch-5841638762,20260906,ch,BA,business analyst,4,156,203
ch-5841641655,20260906,ch,BA,business analyst,4,155,203
ch-5841645920,20260906,ch,BA,business analyst,4,154,203
ch-5841647275,20260906,ch,BA,business analyst,3,150,203
ch-5841650730,20260906,ch,BA,business analyst,3,149,203
ch-5841650730,20260906,ch,DA,data analyst,1,29,35
ch-5841656718,20260906,ch,BA,business analyst,3,148,203
ch-5841660097,20260906,ch,BA,business analyst,3,147,203
ch-5841663916,20260906,ch,BA,business analyst,3,145,203
ch-5841664012,20260906,ch,BA,business analyst,3,146,203
ch-5841666061,20260906,ch,BA,business analyst,3,144,203
ch-5841674749,20260906,ch,BA,business analyst,3,143,203
ch-5841677323,20260906,ch,BA,business analyst,3,142,203
ch-5841678642,20260906,ch,BA,business analyst,3,141,203
ch-5842832011,20260906,ch,BA,business analyst,3,140,203
ch-5843423869,20260906,ch,BA,business analyst,3,139,203
ch-5844501683,20260906,ch,BA,business analyst,3,138,203
ch-5844501799,20260906,ch,DA,data analyst,1,28,35
ch-5844661707,20260906,ch,DA,data analyst,1,27,35
ch-5844661743,20260906,ch,BA,business analyst,3,137,203
ch-5844661746,20260906,ch,BA,business analyst,3,136,203
ch-5845481413,20260906,ch,BA,business analyst,3,135,203
ch-5845481413,20260906,ch,BI,business intelligence analyst,1,2,2
ch-5845481413,20260906,ch,DA,data analyst,1,26,35
ch-5846521489,20260906,ch,BA,business analyst,3,134,203
ch-5846526241,20260906,ch,BA,business analyst,3,133,203
ch-5848038718,20260906,ch,BA,business analyst,3,132,203
ch-5848972179,20260906,ch,BA,business analyst,3,131,203
ch-5849618306,20260906,ch,BA,business analyst,3,130,203
ch-5850864273,20260906,ch,BA,business analyst,3,129,203
ch-5851422313,20260906,ch,BA,business analyst,3,128,203
ch-5851683322,20260906,ch,DA,data analyst,1,25,35
ch-5851872574,20260906,ch,BA,business analyst,3,127,203
ch-5852323293,20260906,ch,BA,business analyst,3,126,203
ch-5853039171,20260906,ch,BA,business analyst,3,125,203
ch-5853533474,20260906,ch,BA,business analyst,3,124,203
ch-5853533670,20260906,ch,BA,business analyst,3,123,203
ch-5853882183,20260906,ch,DA,data analyst,1,24,35
ch-5853882264,20260906,ch,BA,business analyst,3,121,203
ch-5853882351,20260906,ch,BA,business analyst,3,122,203
ch-5853882472,20260906,ch,DA,data analyst,1,23,35
ch-5853961952,20260906,ch,DA,data analyst,1,22,35
ch-5853962010,20260906,ch,BA,business analyst,3,120,203
ch-5854357121,20260906,ch,BA,business analyst,3,119,203
ch-5854358837,20260906,ch,BA,business analyst,3,118,203
ch-5854361495,20260906,ch,BA,business analyst,3,117,203
ch-5854361611,20260906,ch,DA,data analyst,1,21,35
ch-5854362058,20260906,ch,BA,business analyst,3,116,203
ch-5854362058,20260906,ch,BI,business intelligence analyst,1,1,2
ch-5854362058,20260906,ch,DA,data analyst,1,20,35
ch-5854362105,20260906,ch,BA,business analyst,3,115,203
ch-5854363607,20260906,ch,BA,business analyst,3,114,203
ch-5854383299,20260906,ch,BA,business analyst,3,113,203
ch-5855235962,20260906,ch,BA,business analyst,3,112,203
ch-5855316718,20260906,ch,BA,business analyst,3,111,203
ch-5855319525,20260906,ch,BA,business analyst,3,110,203
ch-5856657239,20260906,ch,BA,business analyst,3,109,203
ch-5856657614,20260906,ch,BA,business analyst,3,108,203
ch-5856657772,20260906,ch,BA,business analyst,3,107,203
ch-5856658307,20260906,ch,BA,business analyst,3,105,203
ch-5856658308,20260906,ch,BA,business analyst,3,106,203
ch-5856658308,20260906,ch,DA,data analyst,1,19,35
ch-5856658925,20260906,ch,BA,business analyst,3,104,203
ch-5856659968,20260906,ch,BA,business analyst,3,103,203
ch-5856741570,20260906,ch,BA,business analyst,3,102,203
ch-5856741699,20260906,ch,BA,business analyst,3,101,203
ch-5858108261,20260906,ch,BA,business analyst,2,100,203
ch-5858108334,20260906,ch,BA,business analyst,2,99,203
ch-5858108492,20260906,ch,BA,business analyst,2,98,203
ch-5858108772,20260906,ch,BA,business analyst,2,97,203
ch-5858109433,20260906,ch,BA,business analyst,2,96,203
ch-5858109692,20260906,ch,BA,business analyst,2,95,203
ch-5858191100,20260906,ch,BA,business analyst,2,94,203
ch-5858191337,20260906,ch,BA,business analyst,2,93,203
ch-5858191352,20260906,ch,DA,data analyst,1,18,35
ch-5858200279,20260906,ch,BA,business analyst,2,92,203
ch-5858655034,20260906,ch,BA,business analyst,2,90,203
ch-5858655034,20260906,ch,DA,data analyst,1,16,35
ch-5858655041,20260906,ch,BA,business analyst,2,91,203
ch-5858655041,20260906,ch,DA,data analyst,1,17,35
ch-5858699531,20260906,ch,DA,data analyst,1,15,35
ch-5858930041,20260906,ch,BA,business analyst,2,89,203
ch-5858930499,20260906,ch,DA,data analyst,1,14,35
ch-5858930900,20260906,ch,BA,business analyst,2,88,203
ch-5858930900,20260906,ch,DA,data analyst,1,13,35
ch-5858931856,20260906,ch,BA,business analyst,2,87,203
ch-5859562226,20260906,ch,BA,business analyst,2,86,203
ch-5859562509,20260906,ch,BA,business analyst,2,85,203
ch-5859623248,20260906,ch,BA,business analyst,2,84,203
ch-5859625118,20260906,ch,BA,business analyst,2,83,203
ch-5859625414,20260906,ch,BA,business analyst,2,82,203
ch-5859625738,20260906,ch,BA,business analyst,2,81,203
ch-5860025516,20260906,ch,BI,BI analyst,1,3,3
ch-5860025516,20260906,ch,BA,business analyst,2,80,203
ch-5860025567,20260906,ch,BA,business analyst,2,78,203
ch-5860025591,20260906,ch,BA,business analyst,2,79,203
ch-5860025604,20260906,ch,DA,data analyst,1,12,35
ch-5860954532,20260906,ch,BA,business analyst,2,77,203
ch-5861035230,20260906,ch,BA,business analyst,2,76,203
ch-5861038915,20260906,ch,DA,data analyst,1,11,35
ch-5861621182,20260906,ch,DA,data analyst,1,10,35
ch-5861621342,20260906,ch,BA,business analyst,2,75,203
ch-5862206206,20260906,ch,BA,business analyst,2,74,203
ch-5862206270,20260906,ch,DA,data analyst,1,9,35
ch-5862206634,20260906,ch,BA,business analyst,2,73,203
ch-5862212824,20260906,ch,BI,BI analyst,1,2,3
ch-5862212824,20260906,ch,BA,business analyst,2,72,203
ch-5862876803,20260906,ch,BA,business analyst,2,71,203
ch-5862909113,20260906,ch,BA,business analyst,2,70,203
ch-5862911922,20260906,ch,BA,business analyst,2,69,203
ch-5862915600,20260906,ch,BA,business analyst,2,68,203
ch-5863094617,20260906,ch,DA,data analyst,1,8,35
ch-5863591272,20260906,ch,BA,business analyst,2,67,203
ch-5864095581,20260906,ch,BA,business analyst,2,66,203
ch-5864313658,20260906,ch,BA,business analyst,2,65,203
ch-5864317496,20260906,ch,BA,business analyst,2,64,203
ch-5864318861,20260906,ch,DA,data analyst,1,7,35
ch-5864319035,20260906,ch,BA,business analyst,2,63,203
ch-5864521373,20260906,ch,BA,business analyst,2,62,203
ch-5865208172,20260906,ch,BA,business analyst,2,61,203
ch-5865238768,20260906,ch,BA,business analyst,2,60,203
ch-5866723075,20260906,ch,BA,business analyst,2,59,203
ch-5866773861,20260906,ch,BA,business analyst,2,58,203
ch-5866881818,20260906,ch,BA,business analyst,2,57,203
ch-5866883860,20260906,ch,BA,business analyst,2,56,203
ch-5866885100,20260906,ch,BA,business analyst,2,55,203
ch-5866891317,20260906,ch,DA,data analyst,1,6,35
ch-5866893383,20260906,ch,BA,business analyst,2,54,203
ch-5867052084,20260906,ch,BA,business analyst,2,53,203
ch-5867052309,20260906,ch,BA,business analyst,2,52,203
ch-5867053397,20260906,ch,BA,business analyst,2,51,203
ch-5867074233,20260906,ch,BA,business analyst,1,50,203
ch-5867075609,20260906,ch,BA,business analyst,1,49,203
ch-5867084032,20260906,ch,BA,business analyst,1,48,203
ch-5867085074,20260906,ch,BA,business analyst,1,47,203
ch-5867624725,20260906,ch,BA,business analyst,1,46,203
ch-5868666197,20260906,ch,BA,business analyst,1,45,203
ch-5868666937,20260906,ch,BA,business analyst,1,44,203
ch-5868667867,20260906,ch,BA,business analyst,1,43,203
ch-5868668405,20260906,ch,BA,business analyst,1,42,203
ch-5868668610,20260906,ch,BA,business analyst,1,41,203
ch-5868880783,20260906,ch,BI,BI analyst,1,1,3
ch-5868880783,20260906,ch,BA,business analyst,1,40,203
ch-5868880944,20260906,ch,DA,data analyst,1,5,35
ch-5868882186,20260906,ch,BA,business analyst,1,39,203
ch-5868886922,20260906,ch,BA,business analyst,1,38,203
ch-5868887400,20260906,ch,BA,business analyst,1,37,203
ch-5868888097,20260906,ch,BA,business analyst,1,36,203
ch-5869532600,20260906,ch,BA,business analyst,1,35,203
ch-5870421670,20260906,ch,BA,business analyst,1,34,203
ch-5870422551,20260906,ch,BA,business analyst,1,33,203
ch-5870422848,20260906,ch,BA,business analyst,1,32,203
ch-5870423336,20260906,ch,BA,business analyst,1,31,203
ch-5870423531,20260906,ch,BA,business analyst,1,30,203
ch-5870580469,20260906,ch,BA,business analyst,1,29,203
ch-5870580585,20260906,ch,BA,business analyst,1,28,203
ch-5870587128,20260906,ch,BA,business analyst,1,27,203
ch-5870588150,20260906,ch,BA,business analyst,1,26,203
ch-5870590169,20260906,ch,BA,business analyst,1,25,203
ch-5870590503,20260906,ch,BA,business analyst,1,24,203
ch-5870592926,20260906,ch,DA,data analyst,1,4,35
ch-5870595035,20260906,ch,BA,business analyst,1,23,203
ch-5870595201,20260906,ch,BA,business analyst,1,22,203
ch-5870595224,20260906,ch,BA,business analyst,1,21,203
ch-5870597130,20260906,ch,BA,business analyst,1,20,203
ch-5870597583,20260906,ch,BA,business analyst,1,19,203
ch-5870599269,20260906,ch,BA,business analyst,1,18,203
ch-5871134674,20260906,ch,BA,business analyst,1,17,203
ch-5871135120,20260906,ch,BA,business analyst,1,16,203
ch-5871135198,20260906,ch,BA,business analyst,1,15,203
ch-5871135545,20260906,ch,BA,business analyst,1,14,203
ch-5871764575,20260906,ch,BA,business analyst,1,13,203
ch-5871764843,20260906,ch,BA,business analyst,1,12,203
ch-5871765319,20260906,ch,BA,business analyst,1,10,203
ch-5871765321,20260906,ch,BA,business analyst,1,11,203
ch-5871765334,20260906,ch,BA,business analyst,1,9,203
ch-5871765710,20260906,ch,BA,business analyst,1,8,203
ch-5871765764,20260906,ch,BA,business analyst,1,7,203
ch-5871766315,20260906,ch,BA,business analyst,1,6,203
ch-5871766533,20260906,ch,BA,business analyst,1,5,203
ch-5871969399,20260906,ch,DA,data analyst,1,3,35
ch-5871981354,20260906,ch,BA,business analyst,1,4,203
ch-5871981944,20260906,ch,BA,business analyst,1,3,203
ch-5871982189,20260906,ch,BA,business analyst,1,2,203
ch-5872314605,20260906,ch,BA,business analyst,1,1,203
ch-5872391554,20260906,ch,DA,data analyst,1,2,35
ch-5872391566,20260906,ch,DA,data analyst,1,1,35
de-5330215394,20260906,de,BI,BI analyst,1,21,21
de-5479764604,20260906,de,BI,BI analyst,1,20,21
de-5485143529,20260906,de,DA,datenanalyst,1,29,29
de-5576705961,20260906,de,DA,datenanalyst,1,28,29
de-5622127807,20260906,de,DA,datenanalyst,1,27,29
de-5632671837,20260906,de,DA,datenanalyst,1,26,29
de-5727102241,20260906,de,BI,business intelligence analyst,1,12,12
de-5727297937,20260906,de,BI,BI analyst,1,19,21
de-5746660312,20260906,de,BI,business intelligence analyst,1,11,12
de-5751150763,20260906,de,BI,BI analyst,1,18,21
de-5766006398,20260906,de,DA,data analyst,5,250,307
de-5767220946,20260906,de,DA,data analyst,5,249,307
de-5767410711,20260906,de,DA,data analyst,5,248,307
de-5770486747,20260906,de,DA,data analyst,5,247,307
de-5771981727,20260906,de,DA,data analyst,5,246,307
de-5774396511,20260906,de,BI,BI analyst,1,17,21
de-5775234210,20260906,de,DA,data analyst,5,245,307
de-5780538507,20260906,de,DA,data analyst,5,244,307
de-5780558194,20260906,de,DA,data analyst,5,243,307
de-5780991585,20260906,de,DA,data analyst,5,242,307
de-5782547945,20260906,de,DA,data analyst,5,241,307
de-5784282088,20260906,de,DA,data analyst,5,240,307
de-5786675236,20260906,de,DA,data analyst,5,239,307
de-5786675237,20260906,de,DA,data analyst,5,238,307
de-5786679727,20260906,de,DA,data analyst,5,237,307
de-5787325956,20260906,de,DA,datenanalyst,1,25,29
de-5787618351,20260906,de,DA,data analyst,5,236,307
de-5788489663,20260906,de,DA,data analyst,5,235,307
de-5791613467,20260906,de,DA,data analyst,5,234,307
de-5793217303,20260906,de,DA,datenanalyst,1,24,29
de-5793393035,20260906,de,DA,data analyst,5,233,307
de-5794024968,20260906,de,DA,data analyst,5,232,307
de-5794789776,20260906,de,DA,data analyst,5,231,307
de-5794801891,20260906,de,DA,data analyst,5,230,307
de-5796235359,20260906,de,BI,BI analyst,1,16,21
de-5798313105,20260906,de,DA,data analyst,5,229,307
de-5799974240,20260906,de,DA,data analyst,5,228,307
de-5801823022,20260906,de,DA,data analyst,5,227,307
de-5802935348,20260906,de,DA,data analyst,5,225,307
de-5802935351,20260906,de,DA,data analyst,5,226,307
de-5802941272,20260906,de,DA,data analyst,5,224,307
de-5802961901,20260906,de,BI,BI analyst,1,15,21
de-5802963262,20260906,de,DA,data analyst,5,223,307
de-5802969084,20260906,de,DA,data analyst,5,222,307
de-5802971414,20260906,de,DA,data analyst,5,221,307
de-5802975615,20260906,de,DA,data analyst,5,220,307
de-5802980918,20260906,de,DA,data analyst,5,219,307
de-5802987103,20260906,de,DA,data analyst,5,218,307
de-5803454368,20260906,de,DA,data analyst,5,217,307
de-5803923930,20260906,de,DA,datenanalyst,1,23,29
de-5803943655,20260906,de,DA,data analyst,5,216,307
de-5804545971,20260906,de,DA,data analyst,5,215,307
de-5804553762,20260906,de,BI,BI analyst,1,14,21
de-5804554931,20260906,de,DA,data analyst,5,214,307
de-5805353472,20260906,de,DA,data analyst,5,213,307
de-5806175401,20260906,de,DA,data analyst,5,212,307
de-5808204469,20260906,de,DA,datenanalyst,1,22,29
de-5808554689,20260906,de,DA,data analyst,5,211,307
de-5809361546,20260906,de,DA,datenanalyst,1,21,29
de-5810334767,20260906,de,DA,datenanalyst,1,20,29
de-5810565879,20260906,de,DA,data analyst,5,210,307
de-5811155558,20260906,de,DA,data analyst,5,209,307
de-5811747254,20260906,de,DA,data analyst,5,208,307
de-5812407986,20260906,de,DA,data analyst,5,207,307
de-5812644167,20260906,de,DA,data analyst,5,206,307
de-5813675699,20260906,de,DA,data analyst,5,205,307
de-5816408358,20260906,de,DA,data analyst,5,204,307
de-5816415778,20260906,de,BI,BI analyst,1,13,21
de-5816491278,20260906,de,DA,datenanalyst,1,19,29
de-5821137355,20260906,de,DA,data analyst,5,203,307
de-5821322166,20260906,de,DA,data analyst,5,202,307
de-5825713005,20260906,de,DA,data analyst,5,201,307
de-5825713188,20260906,de,DA,data analyst,4,200,307
de-5825767190,20260906,de,DA,data analyst,4,199,307
de-5825806283,20260906,de,DA,data analyst,4,198,307
de-5827630039,20260906,de,DA,data analyst,4,197,307
de-5829292588,20260906,de,DA,data analyst,4,196,307
de-5830637305,20260906,de,BI,BI analyst,1,12,21
de-5830637305,20260906,de,DA,data analyst,4,195,307
de-5830749157,20260906,de,DA,data analyst,4,194,307
de-5831313567,20260906,de,DA,data analyst,4,193,307
de-5831968659,20260906,de,DA,data analyst,4,192,307
de-5832180650,20260906,de,DA,data analyst,4,191,307
de-5832194729,20260906,de,DA,data analyst,4,190,307
de-5833425418,20260906,de,DA,data analyst,4,189,307
de-5833425456,20260906,de,DA,data analyst,4,188,307
de-5833592056,20260906,de,DA,data analyst,4,187,307
de-5833598668,20260906,de,DA,data analyst,4,186,307
de-5833618547,20260906,de,DA,data analyst,4,185,307
de-5833647960,20260906,de,DA,data analyst,4,184,307
de-5833708491,20260906,de,DA,data analyst,4,183,307
de-5834385116,20260906,de,DA,data analyst,4,182,307
de-5834806004,20260906,de,BI,BI analyst,1,11,21
de-5834806004,20260906,de,DA,data analyst,4,181,307
de-5835180910,20260906,de,BI,BI analyst,1,10,21
de-5835234446,20260906,de,BI,BI analyst,1,9,21
de-5835493879,20260906,de,DA,datenanalyst,1,18,29
de-5835515492,20260906,de,BI,BI analyst,1,8,21
de-5835557994,20260906,de,BI,BI analyst,1,7,21
de-5835557994,20260906,de,DA,data analyst,4,180,307
de-5835783804,20260906,de,DA,data analyst,4,179,307
de-5835794982,20260906,de,DA,data analyst,4,178,307
de-5835856791,20260906,de,BI,BI analyst,1,6,21
de-5838216392,20260906,de,DA,data analyst,4,177,307
de-5838375932,20260906,de,DA,data analyst,4,176,307
de-5840262921,20260906,de,DA,data analyst,4,175,307
de-5840355044,20260906,de,DA,data analyst,4,174,307
de-5840508797,20260906,de,DA,data analyst,4,173,307
de-5841890799,20260906,de,DA,data analyst,4,172,307
de-5841997634,20260906,de,DA,data analyst,4,171,307
de-5842039733,20260906,de,DA,data analyst,4,170,307
de-5842047732,20260906,de,DA,data analyst,4,169,307
de-5842069766,20260906,de,DA,data analyst,4,168,307
de-5842729684,20260906,de,DA,data analyst,4,167,307
de-5843162084,20260906,de,DA,data analyst,4,166,307
de-5843240583,20260906,de,DA,data analyst,4,165,307
de-5843300954,20260906,de,DA,data analyst,4,164,307
de-5844198313,20260906,de,BI,BI analyst,1,5,21
de-5844372604,20260906,de,DA,data analyst,4,163,307
de-5845778274,20260906,de,DA,data analyst,4,162,307
de-5845897971,20260906,de,DA,data analyst,4,161,307
de-5847068515,20260906,de,DA,data analyst,4,160,307
de-5847435609,20260906,de,DA,datenanalyst,1,17,29
de-5847626132,20260906,de,DA,data analyst,4,159,307
de-5847687462,20260906,de,DA,data analyst,4,158,307
de-5847722529,20260906,de,DA,data analyst,4,157,307
de-5848032631,20260906,de,DA,data analyst,4,156,307
de-5848115620,20260906,de,BI,BI analyst,1,4,21
de-5848115620,20260906,de,DA,data analyst,4,155,307
de-5848128975,20260906,de,DA,data analyst,4,154,307
de-5848232080,20260906,de,DA,data analyst,4,153,307
de-5848496731,20260906,de,DA,data analyst,4,152,307
de-5848533692,20260906,de,DA,data analyst,4,151,307
de-5848586738,20260906,de,DA,data analyst,3,150,307
de-5849082736,20260906,de,DA,datenanalyst,1,16,29
de-5849251398,20260906,de,DA,data analyst,3,149,307
de-5849315005,20260906,de,DA,data analyst,3,148,307
de-5849325391,20260906,de,DA,data analyst,3,147,307
de-5849585787,20260906,de,DA,data analyst,3,146,307
de-5849585790,20260906,de,DA,data analyst,3,145,307
de-5849769507,20260906,de,DA,data analyst,3,144,307
de-5849808301,20260906,de,DA,data analyst,3,143,307
de-5850001762,20260906,de,DA,data analyst,3,142,307
de-5850159030,20260906,de,DA,data analyst,3,141,307
de-5850165033,20260906,de,DA,data analyst,3,140,307
de-5850417363,20260906,de,DA,data analyst,3,139,307
de-5850731785,20260906,de,DA,data analyst,3,138,307
de-5851307364,20260906,de,DA,data analyst,3,137,307
de-5851313135,20260906,de,DA,data analyst,3,136,307
de-5851326698,20260906,de,DA,data analyst,3,135,307
de-5851345939,20260906,de,DA,datenanalyst,1,15,29
de-5851395837,20260906,de,DA,data analyst,3,134,307
de-5852181999,20260906,de,DA,data analyst,3,133,307
de-5852480853,20260906,de,DA,data analyst,3,132,307
de-5852577992,20260906,de,DA,data analyst,3,131,307
de-5852710200,20260906,de,DA,datenanalyst,1,14,29
de-5853561751,20260906,de,DA,datenanalyst,1,13,29
de-5853565462,20260906,de,DA,data analyst,3,130,307
de-5853565462,20260906,de,DA,datenanalyst,1,12,29
de-5853722616,20260906,de,DA,data analyst,3,129,307
de-5854367551,20260906,de,DA,data analyst,3,128,307
de-5854367552,20260906,de,DA,data analyst,3,127,307
de-5854419273,20260906,de,DA,data analyst,3,126,307
de-5854422641,20260906,de,DA,data analyst,3,125,307
de-5854692629,20260906,de,DA,data analyst,3,124,307
de-5854821554,20260906,de,DA,data analyst,3,123,307
de-5855327520,20260906,de,DA,data analyst,3,122,307
de-5855434419,20260906,de,DA,data analyst,3,121,307
de-5855591218,20260906,de,BI,business intelligence analyst,1,10,12
de-5855591218,20260906,de,DA,data analyst,3,120,307
de-5855599314,20260906,de,DA,data analyst,3,119,307
de-5856084517,20260906,de,DA,data analyst,3,118,307
de-5856263806,20260906,de,DA,datenanalyst,1,11,29
de-5856263876,20260906,de,BI,BI analyst,1,3,21
de-5856263876,20260906,de,DA,data analyst,3,117,307
de-5856505606,20260906,de,DA,datenanalyst,1,10,29
de-5856676532,20260906,de,DA,data analyst,3,116,307
de-5856974440,20260906,de,DA,data analyst,3,115,307
de-5857113284,20260906,de,DA,data analyst,3,114,307
de-5857315270,20260906,de,DA,data analyst,3,113,307
de-5857319234,20260906,de,DA,data analyst,3,112,307
de-5857626297,20260906,de,DA,data analyst,3,111,307
de-5857692590,20260906,de,DA,data analyst,3,110,307
de-5857805575,20260906,de,DA,data analyst,3,109,307
de-5857993681,20260906,de,DA,data analyst,3,108,307
de-5858169364,20260906,de,DA,data analyst,3,107,307
de-5858186004,20260906,de,DA,data analyst,3,106,307
de-5858230960,20260906,de,DA,data analyst,3,105,307
de-5858237375,20260906,de,DA,data analyst,3,104,307
de-5858241214,20260906,de,DA,data analyst,2,94,307
de-5858241216,20260906,de,DA,data analyst,2,99,307
de-5858241217,20260906,de,DA,data analyst,3,101,307
de-5858241220,20260906,de,DA,data analyst,2,97,307
de-5858241222,20260906,de,DA,data analyst,2,100,307
de-5858241224,20260906,de,DA,data analyst,3,103,307
de-5858241225,20260906,de,DA,data analyst,2,95,307
de-5858241230,20260906,de,DA,data analyst,3,102,307
de-5858241232,20260906,de,DA,data analyst,2,96,307
de-5858241233,20260906,de,DA,data analyst,2,98,307
de-5858241234,20260906,de,DA,data analyst,2,86,307
de-5858241235,20260906,de,DA,data analyst,2,89,307
de-5858241236,20260906,de,DA,data analyst,2,88,307
de-5858241237,20260906,de,DA,data analyst,2,87,307
de-5858241238,20260906,de,DA,data analyst,2,93,307
de-5858241239,20260906,de,DA,data analyst,2,91,307
de-5858241240,20260906,de,DA,data analyst,2,90,307
de-5858241241,20260906,de,DA,data analyst,2,85,307
de-5858241243,20260906,de,DA,data analyst,2,84,307
de-5858241244,20260906,de,DA,data analyst,2,83,307
de-5858241247,20260906,de,DA,data analyst,2,92,307
de-5858242933,20260906,de,BI,business intelligence analyst,1,9,12
de-5858265769,20260906,de,DA,data analyst,2,82,307
de-5858329815,20260906,de,DA,data analyst,2,81,307
de-5858487962,20260906,de,DA,datenanalyst,1,9,29
de-5858502452,20260906,de,DA,data analyst,2,80,307
de-5858512268,20260906,de,DA,data analyst,2,79,307
de-5858577600,20260906,de,BI,business intelligence analyst,1,8,12
de-5858577600,20260906,de,DA,data analyst,2,78,307
de-5858661082,20260906,de,DA,data analyst,2,77,307
de-5858728979,20260906,de,DA,data analyst,2,76,307
de-5858838387,20260906,de,DA,data analyst,2,75,307
de-5858907192,20260906,de,BI,business intelligence analyst,1,7,12
de-5858907192,20260906,de,DA,data analyst,2,74,307
de-5859138453,20260906,de,DA,data analyst,2,73,307
de-5859138618,20260906,de,DA,data analyst,2,72,307
de-5859165714,20260906,de,DA,data analyst,2,71,307
de-5859654609,20260906,de,DA,data analyst,2,68,307
de-5859654610,20260906,de,DA,data analyst,2,69,307
de-5859654611,20260906,de,DA,data analyst,2,70,307
de-5859871991,20260906,de,DA,data analyst,2,67,307
de-5859891409,20260906,de,DA,data analyst,2,66,307
de-5860576256,20260906,de,DA,data analyst,2,65,307
de-5860672349,20260906,de,DA,data analyst,2,64,307
de-5860798575,20260906,de,DA,data analyst,2,63,307
de-5861202126,20260906,de,DA,data analyst,2,62,307
de-5861225956,20260906,de,DA,datenanalyst,1,8,29
de-5861307583,20260906,de,DA,data analyst,2,61,307
de-5861314826,20260906,de,DA,data analyst,2,60,307
de-5861994844,20260906,de,DA,data analyst,2,58,307
de-5861994845,20260906,de,DA,data analyst,2,59,307
de-5861994868,20260906,de,DA,data analyst,2,57,307
de-5862103183,20260906,de,DA,data analyst,2,56,307
de-5862118873,20260906,de,DA,data analyst,2,55,307
de-5862125839,20260906,de,DA,datenanalyst,1,7,29
de-5862806951,20260906,de,DA,data analyst,2,54,307
de-5863094623,20260906,de,DA,data analyst,2,53,307
de-5863612058,20260906,de,DA,data analyst,2,52,307
de-5863811463,20260906,de,DA,data analyst,2,51,307
de-5864048150,20260906,de,DA,data analyst,1,50,307
de-5864048151,20260906,de,DA,data analyst,1,48,307
de-5864048154,20260906,de,DA,data analyst,1,49,307
de-5864048209,20260906,de,BA,business analyst,5,250,927
de-5864096691,20260906,de,BA,business analyst,5,249,927
de-5864593761,20260906,de,DA,data analyst,1,47,307
de-5864749736,20260906,de,BA,business analyst,5,247,927
de-5864749737,20260906,de,BA,business analyst,5,248,927
de-5864749745,20260906,de,BA,business analyst,5,242,927
de-5864749751,20260906,de,BA,business analyst,5,243,927
de-5864749756,20260906,de,BA,business analyst,5,246,927
de-5864749772,20260906,de,BA,business analyst,5,241,927
de-5864749782,20260906,de,BA,business analyst,5,245,927
de-5864749788,20260906,de,BA,business analyst,5,244,927
de-5864751829,20260906,de,DA,data analyst,1,46,307
de-5864752274,20260906,de,BA,business analyst,5,240,927
de-5864752337,20260906,de,BA,business analyst,5,239,927
de-5864752337,20260906,de,DA,data analyst,1,45,307
de-5864753942,20260906,de,BA,business analyst,5,238,927
de-5864754317,20260906,de,BA,business analyst,5,235,927
de-5864754326,20260906,de,BA,business analyst,5,236,927
de-5864754327,20260906,de,BA,business analyst,5,234,927
de-5864754340,20260906,de,BA,business analyst,5,237,927
de-5864754347,20260906,de,BA,business analyst,5,233,927
de-5864754351,20260906,de,BA,business analyst,5,221,927
de-5864754352,20260906,de,BA,business analyst,5,222,927
de-5864754355,20260906,de,BA,business analyst,5,232,927
de-5864754356,20260906,de,BA,business analyst,5,224,927
de-5864754357,20260906,de,BA,business analyst,5,228,927
de-5864754360,20260906,de,BA,business analyst,5,226,927
de-5864754361,20260906,de,BA,business analyst,5,227,927
de-5864754368,20260906,de,BA,business analyst,5,230,927
de-5864754374,20260906,de,BA,business analyst,5,223,927
de-5864754377,20260906,de,BA,business analyst,5,225,927
de-5864754379,20260906,de,BA,business analyst,5,231,927
de-5864754412,20260906,de,BA,business analyst,5,229,927
de-5864754493,20260906,de,BA,business analyst,5,220,927
de-5864754539,20260906,de,BA,business analyst,5,219,927
de-5864785135,20260906,de,BA,business analyst,5,218,927
de-5864798580,20260906,de,BA,business analyst,5,217,927
de-5864807023,20260906,de,BA,business analyst,5,216,927
de-5865026942,20260906,de,BA,business analyst,5,215,927
de-5865037184,20260906,de,BA,business analyst,5,214,927
de-5865131385,20260906,de,BA,business analyst,5,213,927
de-5865131791,20260906,de,BA,business analyst,5,212,927
de-5865131899,20260906,de,BA,business analyst,5,211,927
de-5865132455,20260906,de,DA,data analyst,1,44,307
de-5865133388,20260906,de,DA,data analyst,1,43,307
de-5865134979,20260906,de,BA,business analyst,5,210,927
de-5865136526,20260906,de,BA,business analyst,5,209,927
de-5865242906,20260906,de,BA,business analyst,5,208,927
de-5865808146,20260906,de,BA,business analyst,5,207,927
de-5865808878,20260906,de,BA,business analyst,5,206,927
de-5865994095,20260906,de,BA,business analyst,5,205,927
de-5866020234,20260906,de,BA,business analyst,5,204,927
de-5866120252,20260906,de,BA,business analyst,5,203,927
de-5866221111,20260906,de,BA,business analyst,5,202,927
de-5866229420,20260906,de,BA,business analyst,5,201,927
de-5866676779,20260906,de,BA,business analyst,4,199,927
de-5866676782,20260906,de,BA,business analyst,4,200,927
de-5866676789,20260906,de,BA,business analyst,4,198,927
de-5866676790,20260906,de,BA,business analyst,4,196,927
de-5866676792,20260906,de,BA,business analyst,4,197,927
de-5866676799,20260906,de,BA,business analyst,4,194,927
de-5866676803,20260906,de,BA,business analyst,4,195,927
de-5866676853,20260906,de,BA,business analyst,4,193,927
de-5866676876,20260906,de,BA,business analyst,4,192,927
de-5866677108,20260906,de,BA,business analyst,4,191,927
de-5866677158,20260906,de,BA,business analyst,4,190,927
de-5866919183,20260906,de,BA,business analyst,4,189,927
de-5866919499,20260906,de,BA,business analyst,4,188,927
de-5866943465,20260906,de,BA,business analyst,4,187,927
de-5867004154,20260906,de,DA,data analyst,1,42,307
de-5867040194,20260906,de,BA,business analyst,4,186,927
de-5867067715,20260906,de,BA,business analyst,4,185,927
de-5867100794,20260906,de,BA,business analyst,4,184,927
de-5867100988,20260906,de,BA,business analyst,4,183,927
de-5867128805,20260906,de,DA,data analyst,1,41,307
de-5867197926,20260906,de,BA,business analyst,4,182,927
de-5867197926,20260906,de,DA,data analyst,1,40,307
de-5867219861,20260906,de,BA,business analyst,4,181,927
de-5867225687,20260906,de,BA,business analyst,4,180,927
de-5867235006,20260906,de,BA,business analyst,4,179,927
de-5867251090,20260906,de,BA,business analyst,4,178,927
de-5867259205,20260906,de,BA,business analyst,4,177,927
de-5867276716,20260906,de,DA,data analyst,1,39,307
de-5867307429,20260906,de,DA,data analyst,1,38,307
de-5867424176,20260906,de,BA,business analyst,4,176,927
de-5867425265,20260906,de,BA,business analyst,4,175,927
de-5867425839,20260906,de,BA,business analyst,4,174,927
de-5867425839,20260906,de,DA,data analyst,1,37,307
de-5867426501,20260906,de,BA,business analyst,4,173,927
de-5867429706,20260906,de,BA,business analyst,4,172,927
de-5867436476,20260906,de,BA,business analyst,4,171,927
de-5867625023,20260906,de,BA,business analyst,4,170,927
de-5867754936,20260906,de,BA,business analyst,4,169,927
de-5867799719,20260906,de,BA,business analyst,4,168,927
de-5867875799,20260906,de,BA,business analyst,4,167,927
de-5868095631,20260906,de,BA,business analyst,4,166,927
de-5868096405,20260906,de,BA,business analyst,4,165,927
de-5868154580,20260906,de,BA,business analyst,4,164,927
de-5868154596,20260906,de,BI,BI analyst,1,2,21
de-5868154596,20260906,de,BA,business analyst,4,163,927
de-5868154596,20260906,de,DA,data analyst,1,36,307
de-5868157312,20260906,de,BA,business analyst,4,162,927
de-5868158056,20260906,de,DA,data analyst,1,35,307
de-5868413877,20260906,de,BA,business analyst,4,161,927
de-5868413976,20260906,de,BA,business analyst,4,159,927
de-5868414016,20260906,de,BA,business analyst,4,158,927
de-5868414052,20260906,de,BA,business analyst,4,160,927
de-5868414177,20260906,de,BA,business analyst,3,149,927
de-5868414256,20260906,de,BA,business analyst,3,150,927
de-5868438277,20260906,de,BA,business analyst,3,148,927
de-5868439002,20260906,de,BA,business analyst,3,147,927
de-5868510508,20260906,de,BA,business analyst,3,146,927
de-5868510509,20260906,de,BA,business analyst,3,145,927
de-5868510515,20260906,de,BA,business analyst,3,143,927
de-5868510521,20260906,de,BA,business analyst,3,144,927
de-5868510591,20260906,de,BA,business analyst,3,142,927
de-5868510699,20260906,de,DA,data analyst,1,34,307
de-5868510978,20260906,de,BA,business analyst,3,140,927
de-5868510981,20260906,de,BA,business analyst,3,141,927
de-5868544356,20260906,de,DA,data analyst,1,33,307
de-5868544357,20260906,de,BA,business analyst,3,139,927
de-5868866830,20260906,de,BA,business analyst,3,138,927
de-5868889250,20260906,de,BA,business analyst,3,137,927
de-5868892953,20260906,de,DA,data analyst,1,32,307
de-5869038599,20260906,de,BA,business analyst,3,136,927
de-5869038924,20260906,de,BA,business analyst,3,135,927
de-5869039336,20260906,de,BA,business analyst,3,134,927
de-5869065953,20260906,de,BA,business analyst,3,133,927
de-5869066507,20260906,de,DA,data analyst,1,31,307
de-5869069622,20260906,de,BA,business analyst,3,132,927
de-5869074477,20260906,de,BA,business analyst,3,131,927
de-5869074778,20260906,de,BA,business analyst,3,130,927
de-5869076623,20260906,de,BI,BI analyst,1,1,21
de-5869077840,20260906,de,BA,business analyst,3,129,927
de-5869097811,20260906,de,BA,business analyst,3,128,927
de-5869099656,20260906,de,BA,business analyst,3,127,927
de-5869103021,20260906,de,BA,business analyst,3,126,927
de-5869104255,20260906,de,DA,data analyst,1,30,307
de-5869106663,20260906,de,BA,business analyst,3,125,927
de-5869114486,20260906,de,DA,data analyst,1,29,307
de-5869154698,20260906,de,BA,business analyst,3,124,927
de-5869210764,20260906,de,BA,business analyst,3,123,927
de-5869212189,20260906,de,DA,data analyst,1,28,307
de-5869219989,20260906,de,BA,business analyst,3,122,927
de-5869221531,20260906,de,BA,business analyst,3,121,927
de-5869226460,20260906,de,BA,business analyst,3,120,927
de-5869245425,20260906,de,BA,business analyst,3,119,927
de-5869245425,20260906,de,BI,business intelligence analyst,1,6,12
de-5869253554,20260906,de,BA,business analyst,3,118,927
de-5869267602,20260906,de,DA,data analyst,1,27,307
de-5869272970,20260906,de,BA,business analyst,3,117,927
de-5869282795,20260906,de,BA,business analyst,3,116,927
de-5869297065,20260906,de,BA,business analyst,3,115,927
de-5869315725,20260906,de,DA,data analyst,1,26,307
de-5869321600,20260906,de,BA,business analyst,3,114,927
de-5869324328,20260906,de,BA,business analyst,3,113,927
de-5869328958,20260906,de,BA,business analyst,3,112,927
de-5869335341,20260906,de,BA,business analyst,3,111,927
de-5869358608,20260906,de,BA,business analyst,3,110,927
de-5869384550,20260906,de,BA,business analyst,3,109,927
de-5869476112,20260906,de,BA,business analyst,3,108,927
de-5869477364,20260906,de,BA,business analyst,3,107,927
de-5869477484,20260906,de,BA,business analyst,3,106,927
de-5869478320,20260906,de,BA,business analyst,3,105,927
de-5869545707,20260906,de,BA,business analyst,3,104,927
de-5869551157,20260906,de,BA,business analyst,3,103,927
de-5869566040,20260906,de,BA,business analyst,3,102,927
de-5869665297,20260906,de,BA,business analyst,3,101,927
de-5869665297,20260906,de,BI,business intelligence analyst,1,5,12
de-5869925486,20260906,de,BA,business analyst,2,100,927
de-5869931289,20260906,de,DA,data analyst,1,25,307
de-5869940907,20260906,de,BA,business analyst,2,99,927
de-5869948843,20260906,de,BA,business analyst,2,98,927
de-5869977676,20260906,de,BA,business analyst,2,97,927
de-5870114373,20260906,de,BA,business analyst,2,96,927
de-5870114579,20260906,de,BA,business analyst,2,95,927
de-5870126336,20260906,de,BA,business analyst,2,94,927
de-5870222007,20260906,de,BA,business analyst,2,93,927
de-5870222049,20260906,de,BA,business analyst,2,92,927
de-5870222082,20260906,de,BA,business analyst,2,91,927
de-5870222099,20260906,de,BA,business analyst,2,89,927
de-5870222121,20260906,de,BA,business analyst,2,90,927
de-5870222306,20260906,de,BA,business analyst,2,82,927
de-5870222309,20260906,de,BA,business analyst,2,88,927
de-5870222311,20260906,de,BA,business analyst,2,83,927
de-5870222312,20260906,de,BA,business analyst,2,85,927
de-5870222313,20260906,de,BA,business analyst,2,84,927
de-5870222315,20260906,de,BA,business analyst,2,86,927
de-5870222316,20260906,de,BA,business analyst,2,87,927
de-5870222323,20260906,de,BA,business analyst,2,81,927
de-5870250836,20260906,de,BA,business analyst,2,80,927
de-5870289753,20260906,de,BA,business analyst,2,78,927
de-5870289757,20260906,de,BA,business analyst,2,79,927
de-5870289757,20260906,de,DA,data analyst,1,24,307
de-5870290226,20260906,de,BA,business analyst,2,77,927
de-5870290699,20260906,de,BA,business analyst,2,76,927
de-5870290701,20260906,de,BA,business analyst,2,75,927
de-5870290798,20260906,de,BA,business analyst,2,74,927
de-5870291091,20260906,de,BA,business analyst,2,72,927
de-5870291131,20260906,de,BA,business analyst,2,73,927
de-5870291262,20260906,de,BA,business analyst,2,71,927
de-5870291416,20260906,de,DA,data analyst,1,23,307
de-5870292880,20260906,de,BA,business analyst,2,70,927
de-5870293111,20260906,de,BA,business analyst,2,69,927
de-5870293240,20260906,de,BA,business analyst,2,68,927
de-5870460928,20260906,de,DA,data analyst,1,22,307
de-5870466679,20260906,de,BA,business analyst,2,67,927
de-5870557331,20260906,de,BA,business analyst,2,66,927
de-5870575451,20260906,de,BA,business analyst,2,65,927
de-5870609930,20260906,de,BA,business analyst,2,64,927
de-5870610068,20260906,de,DA,data analyst,1,21,307
de-5870610138,20260906,de,BA,business analyst,2,63,927
de-5870636941,20260906,de,BA,business analyst,2,62,927
de-5870673286,20260906,de,BA,business analyst,2,61,927
de-5870692683,20260906,de,DA,data analyst,1,20,307
de-5870692683,20260906,de,DA,datenanalyst,1,6,29
de-5870692692,20260906,de,BA,business analyst,2,60,927
de-5870692904,20260906,de,DA,data analyst,1,19,307
de-5870695330,20260906,de,DA,data analyst,1,18,307
de-5870731845,20260906,de,BA,business analyst,2,59,927
de-5870732293,20260906,de,BA,business analyst,2,58,927
de-5870732293,20260906,de,BI,business intelligence analyst,1,4,12
de-5870733527,20260906,de,DA,datenanalyst,1,5,29
de-5870737057,20260906,de,BA,business analyst,2,57,927
de-5870740760,20260906,de,DA,data analyst,1,17,307
de-5870751059,20260906,de,BA,business analyst,2,56,927
de-5870755630,20260906,de,BA,business analyst,2,55,927
de-5870764188,20260906,de,DA,datenanalyst,1,4,29
de-5870766278,20260906,de,BA,business analyst,2,54,927
de-5870800132,20260906,de,BA,business analyst,2,53,927
de-5870800132,20260906,de,DA,data analyst,1,16,307
de-5870850264,20260906,de,DA,data analyst,1,15,307
de-5870917557,20260906,de,BA,business analyst,2,52,927
de-5870918317,20260906,de,BA,business analyst,2,51,927
de-5870918317,20260906,de,BI,business intelligence analyst,1,3,12
de-5870919212,20260906,de,BA,business analyst,1,50,927
de-5870919268,20260906,de,BA,business analyst,1,49,927
de-5871007388,20260906,de,BA,business analyst,1,48,927
de-5871008983,20260906,de,BA,business analyst,1,47,927
de-5871070053,20260906,de,DA,data analyst,1,14,307
de-5871120602,20260906,de,DA,data analyst,1,13,307
de-5871120602,20260906,de,DA,datenanalyst,1,3,29
de-5871125298,20260906,de,BA,business analyst,1,46,927
de-5871128043,20260906,de,BA,business analyst,1,45,927
de-5871135186,20260906,de,BA,business analyst,1,44,927
de-5871265665,20260906,de,BA,business analyst,1,43,927
de-5871337708,20260906,de,DA,data analyst,1,12,307
de-5871350497,20260906,de,BA,business analyst,1,42,927
de-5871367684,20260906,de,BA,business analyst,1,41,927
de-5871367727,20260906,de,BA,business analyst,1,40,927
de-5871368663,20260906,de,BA,business analyst,1,39,927
de-5871369791,20260906,de,BA,business analyst,1,38,927
de-5871371432,20260906,de,BA,business analyst,1,37,927
de-5871377422,20260906,de,BA,business analyst,1,36,927
de-5871377422,20260906,de,BI,business intelligence analyst,1,2,12
de-5871403440,20260906,de,BA,business analyst,1,35,927
de-5871405313,20260906,de,BA,business analyst,1,34,927
de-5871407493,20260906,de,DA,data analyst,1,11,307
de-5871419056,20260906,de,DA,datenanalyst,1,2,29
de-5871419090,20260906,de,BA,business analyst,1,32,927
de-5871419093,20260906,de,BA,business analyst,1,33,927
de-5871419748,20260906,de,BA,business analyst,1,31,927
de-5871420857,20260906,de,DA,data analyst,1,10,307
de-5871426380,20260906,de,DA,data analyst,1,9,307
de-5871509571,20260906,de,BA,business analyst,1,30,927
de-5871768323,20260906,de,DA,data analyst,1,8,307
de-5871980875,20260906,de,DA,data analyst,1,7,307
de-5871980933,20260906,de,DA,data analyst,1,6,307
de-5871983352,20260906,de,BA,business analyst,1,29,927
de-5872103859,20260906,de,BA,business analyst,1,28,927
de-5872106832,20260906,de,BA,business analyst,1,27,927
de-5872119603,20260906,de,BA,business analyst,1,26,927
de-5872119603,20260906,de,BI,business intelligence analyst,1,1,12
de-5872128372,20260906,de,BA,business analyst,1,25,927
de-5872133269,20260906,de,BA,business analyst,1,24,927
de-5872133872,20260906,de,BA,business analyst,1,23,927
de-5872135025,20260906,de,BA,business analyst,1,22,927
de-5872141470,20260906,de,BA,business analyst,1,21,927
de-5872142852,20260906,de,BA,business analyst,1,20,927
de-5872143059,20260906,de,BA,business analyst,1,19,927
de-5872145888,20260906,de,BA,business analyst,1,18,927
de-5872157565,20260906,de,BA,business analyst,1,17,927
de-5872157982,20260906,de,DA,data analyst,1,5,307
de-5872158455,20260906,de,BA,business analyst,1,16,927
de-5872158617,20260906,de,BA,business analyst,1,15,927
de-5872158981,20260906,de,BA,business analyst,1,14,927
de-5872159873,20260906,de,BA,business analyst,1,13,927
de-5872161808,20260906,de,BA,business analyst,1,12,927
de-5872189453,20260906,de,DA,data analyst,1,4,307
de-5872196310,20260906,de,DA,data analyst,1,3,307
de-5872254045,20260906,de,DA,data analyst,1,2,307
de-5872414417,20260906,de,BA,business analyst,1,11,927
de-5872431121,20260906,de,BA,business analyst,1,10,927
de-5872477317,20260906,de,DA,datenanalyst,1,1,29
de-5872671396,20260906,de,BA,business analyst,1,9,927
de-5872711289,20260906,de,BA,business analyst,1,8,927
de-5872717074,20260906,de,BA,business analyst,1,7,927
de-5872718161,20260906,de,BA,business analyst,1,6,927
de-5872718464,20260906,de,DA,data analyst,1,1,307
de-5872869059,20260906,de,BA,business analyst,1,5,927
de-5872869306,20260906,de,BA,business analyst,1,4,927
de-5872869321,20260906,de,BA,business analyst,1,2,927
de-5872869324,20260906,de,BA,business analyst,1,1,927
de-5872869325,20260906,de,BA,business analyst,1,3,927
es-3913351514,20260906,es,BA,business analyst,4,178,174
es-4338872287,20260906,es,DA,analista de datos,1,31,31
es-4844318797,20260906,es,DA,analista de datos,1,30,31
es-5053523221,20260906,es,DA,data analyst,4,185,185
es-5062368554,20260906,es,DA,data analyst,4,184,185
es-5414439868,20260906,es,BA,business analyst,4,177,174
es-5443261819,20260906,es,DA,data analyst,4,183,185
es-5448239326,20260906,es,BA,business analyst,4,176,174
es-5454305538,20260906,es,DA,data analyst,4,182,185
es-5455470367,20260906,es,DA,data analyst,4,181,185
es-5475582558,20260906,es,BA,business analyst,4,175,174
es-5486939001,20260906,es,BI,BI analyst,1,13,13
es-5486939001,20260906,es,DA,data analyst,4,180,185
es-5488503517,20260906,es,BA,business analyst,4,174,174
es-5542436881,20260906,es,BA,business analyst,4,173,174
es-5549132895,20260906,es,DA,data analyst,4,179,185
es-5552905057,20260906,es,DA,data analyst,4,178,185
es-5556867176,20260906,es,DA,data analyst,4,177,185
es-5584479066,20260906,es,DA,data analyst,4,176,185
es-5584544401,20260906,es,DA,data analyst,4,175,185
es-5602338439,20260906,es,DA,data analyst,4,174,185
es-5605372024,20260906,es,BA,business analyst,4,172,174
es-5638566356,20260906,es,DA,analista de datos,1,29,31
es-5642703201,20260906,es,BA,business analyst,4,171,174
es-5642703202,20260906,es,BA,business analyst,4,170,174
es-5646338521,20260906,es,DA,data analyst,4,173,185
es-5660680567,20260906,es,DA,data analyst,4,172,185
es-5660680575,20260906,es,BA,business analyst,4,169,174
es-5661996002,20260906,es,BA,business analyst,4,168,174
es-5664289290,20260906,es,BA,business analyst,4,167,174
es-5668783933,20260906,es,DA,data analyst,4,171,185
es-5673565699,20260906,es,DA,data analyst,4,170,185
es-5673565897,20260906,es,DA,data analyst,4,169,185
es-5681713155,20260906,es,DA,data analyst,4,168,185
es-5683448359,20260906,es,DA,data analyst,4,167,185
es-5686363415,20260906,es,BA,business analyst,4,166,174
es-5687747590,20260906,es,DA,data analyst,4,166,185
es-5687946036,20260906,es,BA,business analyst,4,165,174
es-5687946036,20260906,es,BI,business intelligence analyst,1,6,4
es-5691444053,20260906,es,BI,analista BI,1,8,8
es-5693810934,20260906,es,BA,business analyst,4,164,174
es-5698322475,20260906,es,DA,data analyst,4,165,185
es-5698322731,20260906,es,BA,business analyst,4,163,174
es-5701907936,20260906,es,BA,business analyst,4,162,174
es-5702619332,20260906,es,DA,data analyst,4,164,185
es-5705383100,20260906,es,BA,business analyst,4,161,174
es-5708767888,20260906,es,DA,data analyst,4,163,185
es-5713960479,20260906,es,DA,data analyst,4,162,185
es-5714273777,20260906,es,DA,data analyst,4,161,185
es-5716635479,20260906,es,BA,business analyst,4,160,174
es-5716635479,20260906,es,BI,business intelligence analyst,1,5,4
es-5716635479,20260906,es,DA,data analyst,4,160,185
es-5717352370,20260906,es,BA,business analyst,4,159,174
es-5717352370,20260906,es,BI,business intelligence analyst,1,4,4
es-5718777969,20260906,es,BA,business analyst,4,158,174
es-5718777969,20260906,es,DA,data analyst,4,159,185
es-5724647242,20260906,es,DA,data analyst,4,158,185
es-5724649232,20260906,es,DA,data analyst,4,157,185
es-5727385101,20260906,es,BA,analista de negocio,1,7,8
es-5727390046,20260906,es,BA,business analyst,4,157,174
es-5727681262,20260906,es,BI,BI analyst,1,12,13
es-5727681262,20260906,es,DA,data analyst,4,156,185
es-5727802231,20260906,es,DA,analista de datos,1,28,31
es-5728541860,20260906,es,BA,business analyst,4,156,174
es-5728543636,20260906,es,DA,data analyst,4,155,185
es-5729388183,20260906,es,DA,data analyst,4,154,185
es-5729388186,20260906,es,BA,business analyst,4,155,174
es-5729465317,20260906,es,DA,data analyst,4,153,185
es-5733359643,20260906,es,BA,business analyst,4,153,174
es-5733359703,20260906,es,BA,business analyst,4,154,174
es-5741905961,20260906,es,DA,data analyst,4,152,185
es-5742532966,20260906,es,BA,business analyst,3,150,174
es-5743996351,20260906,es,DA,data analyst,4,151,185
es-5745004276,20260906,es,DA,data analyst,3,150,185
es-5748434539,20260906,es,DA,data analyst,3,149,185
es-5749558087,20260906,es,DA,data analyst,3,148,185
es-5749589355,20260906,es,BI,analista BI,1,7,8
es-5751211477,20260906,es,DA,data analyst,3,147,185
es-5751245740,20260906,es,DA,data analyst,3,146,185
es-5752846256,20260906,es,DA,data analyst,3,145,185
es-5752881648,20260906,es,BA,business analyst,3,148,174
es-5752881656,20260906,es,BA,business analyst,3,149,174
es-5752881669,20260906,es,DA,analista de datos,1,27,31
es-5753696198,20260906,es,DA,data analyst,3,144,185
es-5755773975,20260906,es,BI,BI analyst,1,11,13
es-5756959457,20260906,es,BA,business analyst,3,147,174
es-5756959460,20260906,es,BA,business analyst,3,146,174
es-5757176860,20260906,es,BA,business analyst,3,145,174
es-5757435367,20260906,es,DA,data analyst,3,143,185
es-5757544454,20260906,es,DA,data analyst,3,142,185
es-5758393861,20260906,es,DA,analista de datos,1,26,31
es-5759700087,20260906,es,BA,business analyst,3,144,174
es-5761078609,20260906,es,DA,data analyst,3,141,185
es-5761078622,20260906,es,BA,business analyst,3,143,174
es-5761853071,20260906,es,BA,business analyst,3,142,174
es-5763015185,20260906,es,BA,business analyst,3,141,174
es-5764608267,20260906,es,BA,business analyst,3,140,174
es-5768404746,20260906,es,DA,data analyst,3,140,185
es-5769095161,20260906,es,DA,analista de datos,1,25,31
es-5769095161,20260906,es,DA,data analyst,3,139,185
es-5769095240,20260906,es,BA,analista de negocio,1,6,8
es-5769205031,20260906,es,BA,business analyst,3,139,174
es-5770246172,20260906,es,BA,business analyst,3,138,174
es-5772801320,20260906,es,BA,business analyst,3,137,174
es-5772801320,20260906,es,DA,data analyst,3,138,185
es-5772822358,20260906,es,DA,data analyst,3,137,185
es-5772841708,20260906,es,DA,data analyst,3,136,185
es-5773204123,20260906,es,DA,data analyst,3,135,185
es-5775499094,20260906,es,BA,business analyst,3,136,174
es-5775801242,20260906,es,BA,business analyst,3,135,174
es-5775849278,20260906,es,BA,business analyst,3,134,174
es-5775903592,20260906,es,BA,business analyst,3,133,174
es-5777371432,20260906,es,BI,analista BI,1,6,8
es-5777371432,20260906,es,DA,analista de datos,1,24,31
es-5777371435,20260906,es,DA,analista de datos,1,23,31
es-5777371447,20260906,es,BA,business analyst,3,132,174
es-5777582600,20260906,es,DA,data analyst,3,134,185
es-5778317579,20260906,es,BA,business analyst,3,131,174
es-5779525202,20260906,es,DA,data analyst,3,133,185
es-5779525298,20260906,es,DA,analista de datos,1,22,31
es-5779542422,20260906,es,BA,business analyst,3,130,174
es-5781090243,20260906,es,DA,data analyst,3,132,185
es-5781890023,20260906,es,BI,BI analyst,1,10,13
es-5782656178,20260906,es,DA,data analyst,3,131,185
es-5784531003,20260906,es,DA,data analyst,3,130,185
es-5785454418,20260906,es,BA,business analyst,3,129,174
es-5787322539,20260906,es,DA,data analyst,3,129,185
es-5788548819,20260906,es,BA,business analyst,3,128,174
es-5788549885,20260906,es,BA,business analyst,3,127,174
es-5788550130,20260906,es,DA,data analyst,3,128,185
es-5788551290,20260906,es,BA,business analyst,3,126,174
es-5789442565,20260906,es,BA,business analyst,3,125,174
es-5790240184,20260906,es,DA,analista de datos,1,21,31
es-5790240230,20260906,es,BI,BI analyst,1,9,13
es-5790240230,20260906,es,BA,business analyst,3,124,174
es-5790664903,20260906,es,BA,business analyst,3,123,174
es-5790664925,20260906,es,BI,BI analyst,1,8,13
es-5790664925,20260906,es,DA,data analyst,3,127,185
es-5793794799,20260906,es,DA,data analyst,3,126,185
es-5794830031,20260906,es,BI,business intelligence analyst,1,3,4
es-5795133088,20260906,es,BA,business analyst,3,122,174
es-5795188847,20260906,es,BA,business analyst,3,121,174
es-5795188848,20260906,es,DA,data analyst,3,125,185
es-5795188858,20260906,es,DA,analista de datos,1,20,31
es-5795188874,20260906,es,BA,business analyst,3,120,174
es-5796275001,20260906,es,BA,business analyst,3,119,174
es-5796276181,20260906,es,DA,data analyst,3,124,185
es-5798345034,20260906,es,DA,data analyst,3,123,185
es-5798605394,20260906,es,DA,data analyst,3,122,185
es-5801923689,20260906,es,DA,data analyst,3,121,185
es-5801930193,20260906,es,DA,data analyst,3,120,185
es-5802304797,20260906,es,BA,business analyst,3,118,174
es-5802390840,20260906,es,DA,data analyst,3,119,185
es-5802409104,20260906,es,BI,BI analyst,1,7,13
es-5802409104,20260906,es,DA,data analyst,3,118,185
es-5804096726,20260906,es,BA,business analyst,3,117,174
es-5804102715,20260906,es,DA,data analyst,3,117,185
es-5804499903,20260906,es,BA,business analyst,3,115,174
es-5804499903,20260906,es,DA,data analyst,3,113,185
es-5804499904,20260906,es,DA,data analyst,3,115,185
es-5804499906,20260906,es,DA,data analyst,3,114,185
es-5804499911,20260906,es,BA,business analyst,3,116,174
es-5804499912,20260906,es,DA,data analyst,3,116,185
es-5804499919,20260906,es,DA,data analyst,3,112,185
es-5804499920,20260906,es,BA,business analyst,3,113,174
es-5804499921,20260906,es,BA,business analyst,3,114,174
es-5805218141,20260906,es,DA,data analyst,3,111,185
es-5805256753,20260906,es,DA,data analyst,3,110,185
es-5805466910,20260906,es,DA,data analyst,3,109,185
es-5805845515,20260906,es,BA,business analyst,3,112,174
es-5805845815,20260906,es,BA,business analyst,3,111,174
es-5805910251,20260906,es,DA,data analyst,3,108,185
es-5806611926,20260906,es,BA,business analyst,3,110,174
es-5806932448,20260906,es,BA,business analyst,3,109,174
es-5807567705,20260906,es,DA,analista de datos,1,19,31
es-5807567789,20260906,es,BA,business analyst,3,108,174
es-5807568221,20260906,es,BA,business analyst,3,107,174
es-5807568381,20260906,es,DA,data analyst,3,107,185
es-5808917016,20260906,es,DA,data analyst,3,106,185
es-5809366771,20260906,es,BA,business analyst,3,106,174
es-5811212058,20260906,es,BA,business analyst,3,105,174
es-5811218534,20260906,es,DA,data analyst,3,105,185
es-5811519298,20260906,es,DA,analista de datos,1,18,31
es-5811519595,20260906,es,DA,data analyst,3,104,185
es-5811523003,20260906,es,DA,data analyst,3,103,185
es-5811523768,20260906,es,BA,business analyst,3,104,174
es-5811672920,20260906,es,BA,business analyst,3,103,174
es-5812739545,20260906,es,BA,business analyst,3,102,174
es-5812975128,20260906,es,BA,business analyst,3,101,174
es-5813471620,20260906,es,BA,business analyst,2,100,174
es-5813471622,20260906,es,BA,business analyst,2,99,174
es-5814612643,20260906,es,DA,data analyst,3,102,185
es-5814614706,20260906,es,DA,data analyst,2,100,185
es-5815003253,20260906,es,BA,business analyst,2,98,174
es-5815067896,20260906,es,DA,data analyst,2,99,185
es-5815897769,20260906,es,BA,business analyst,2,97,174
es-5815899015,20260906,es,DA,data analyst,2,98,185
es-5816882064,20260906,es,DA,data analyst,2,97,185
es-5816886466,20260906,es,DA,data analyst,2,96,185
es-5816887070,20260906,es,DA,data analyst,2,95,185
es-5816888575,20260906,es,DA,analista de datos,1,17,31
es-5816888575,20260906,es,BA,analista de negocio,1,5,8
es-5816889149,20260906,es,DA,data analyst,2,94,185
es-5817668350,20260906,es,DA,data analyst,2,93,185
es-5818054313,20260906,es,DA,analista de datos,1,16,31
es-5819155335,20260906,es,BA,business analyst,2,96,174
es-5819525301,20260906,es,BA,business analyst,2,95,174
es-5819735866,20260906,es,BA,business analyst,2,94,174
es-5820783942,20260906,es,DA,data analyst,2,92,185
es-5820880710,20260906,es,DA,data analyst,2,91,185
es-5821484196,20260906,es,BA,business analyst,2,93,174
es-5822105505,20260906,es,DA,analista de datos,1,15,31
es-5822105512,20260906,es,BA,business analyst,2,92,174
es-5822105517,20260906,es,DA,data analyst,2,90,185
es-5822105536,20260906,es,BI,analista BI,1,5,8
es-5822127039,20260906,es,BA,business analyst,2,91,174
es-5822127039,20260906,es,DA,data analyst,2,89,185
es-5822127739,20260906,es,DA,data analyst,2,88,185
es-5822582301,20260906,es,DA,data analyst,2,87,185
es-5823528096,20260906,es,BA,business analyst,2,90,174
es-5823530887,20260906,es,BA,business analyst,2,89,174
es-5825429896,20260906,es,BA,business analyst,2,88,174
es-5825429896,20260906,es,BI,business intelligence analyst,1,2,4
es-5826399292,20260906,es,DA,analista de datos,1,14,31
es-5826930088,20260906,es,BA,business analyst,2,87,174
es-5826930123,20260906,es,BA,business analyst,2,86,174
es-5827420415,20260906,es,BA,business analyst,2,85,174
es-5827484280,20260906,es,BA,analista de negocio,1,4,8
es-5827489363,20260906,es,BA,business analyst,2,84,174
es-5828841183,20260906,es,DA,data analyst,2,86,185
es-5828841240,20260906,es,DA,data analyst,2,85,185
es-5829212079,20260906,es,DA,data analyst,2,84,185
es-5830168260,20260906,es,BA,business analyst,2,83,174
es-5831007196,20260906,es,DA,data analyst,2,83,185
es-5831622577,20260906,es,BA,business analyst,2,82,174
es-5831622821,20260906,es,BA,business analyst,2,81,174
es-5831663786,20260906,es,DA,data analyst,2,80,185
es-5831663787,20260906,es,DA,data analyst,2,81,185
es-5831663790,20260906,es,DA,data analyst,2,82,185
es-5831663808,20260906,es,BA,analista de negocio,1,3,8
es-5831682141,20260906,es,BA,business analyst,2,80,174
es-5831947917,20260906,es,BI,BI analyst,1,6,13
es-5831947917,20260906,es,BA,business analyst,2,79,174
es-5831947917,20260906,es,DA,data analyst,2,79,185
es-5831947933,20260906,es,DA,data analyst,2,78,185
es-5832297089,20260906,es,DA,data analyst,2,77,185
es-5833078922,20260906,es,BA,business analyst,2,78,174
es-5833173127,20260906,es,BI,analista BI,1,4,8
es-5833175641,20260906,es,DA,data analyst,2,76,185
es-5833175918,20260906,es,DA,data analyst,2,75,185
es-5833180127,20260906,es,BA,business analyst,2,77,174
es-5833180196,20260906,es,DA,data analyst,2,74,185
es-5833183483,20260906,es,DA,data analyst,2,73,185
es-5834448734,20260906,es,BA,business analyst,2,76,174
es-5834449339,20260906,es,BA,business analyst,2,75,174
es-5834450385,20260906,es,BI,BI analyst,1,5,13
es-5834452055,20260906,es,DA,data analyst,2,72,185
es-5834452112,20260906,es,BA,analista de negocio,1,2,8
es-5835329603,20260906,es,BA,business analyst,2,74,174
es-5835351026,20260906,es,BA,business analyst,2,73,174
es-5835351268,20260906,es,DA,data analyst,2,71,185
es-5835846461,20260906,es,BA,business analyst,2,72,174
es-5836460035,20260906,es,DA,data analyst,2,70,185
es-5836461020,20260906,es,DA,data analyst,2,69,185
es-5837896345,20260906,es,DA,data analyst,2,68,185
es-5838199216,20260906,es,BA,business analyst,2,71,174
es-5838725798,20260906,es,BA,business analyst,2,70,174
es-5839930698,20260906,es,BA,business analyst,2,69,174
es-5840002498,20260906,es,BA,business analyst,2,68,174
es-5840004496,20260906,es,BA,business analyst,2,67,174
es-5840008267,20260906,es,BA,business analyst,2,66,174
es-5840008880,20260906,es,DA,data analyst,2,67,185
es-5841410469,20260906,es,BA,business analyst,2,65,174
es-5841477025,20260906,es,DA,analista de datos,1,11,31
es-5841477028,20260906,es,DA,analista de datos,1,12,31
es-5841477029,20260906,es,DA,data analyst,2,66,185
es-5841477041,20260906,es,DA,analista de datos,1,13,31
es-5841481504,20260906,es,BA,business analyst,2,64,174
es-5841483165,20260906,es,BA,business analyst,2,63,174
es-5841483670,20260906,es,BA,business analyst,2,62,174
es-5842845523,20260906,es,DA,data analyst,2,65,185
es-5842845776,20260906,es,DA,data analyst,2,64,185
es-5842845804,20260906,es,DA,data analyst,2,63,185
es-5842846465,20260906,es,DA,data analyst,2,61,185
es-5842846466,20260906,es,DA,data analyst,2,62,185
es-5842846655,20260906,es,DA,data analyst,2,60,185
es-5844045073,20260906,es,DA,data analyst,2,59,185
es-5845483674,20260906,es,DA,data analyst,2,58,185
es-5845483714,20260906,es,BA,business analyst,2,61,174
es-5846288432,20260906,es,BA,business analyst,2,60,174
es-5846295281,20260906,es,BI,analista BI,1,3,8
es-5846566085,20260906,es,BA,business analyst,2,59,174
es-5846566085,20260906,es,DA,data analyst,2,57,185
es-5846769007,20260906,es,BA,business analyst,2,58,174
es-5847858891,20260906,es,BA,business analyst,2,57,174
es-5847858891,20260906,es,DA,data analyst,2,56,185
es-5847928313,20260906,es,DA,data analyst,2,55,185
es-5848696994,20260906,es,BI,analista BI,1,2,8
es-5849310743,20260906,es,BA,business analyst,2,56,174
es-5849364519,20260906,es,BA,business analyst,2,55,174
es-5849618350,20260906,es,BA,business analyst,2,54,174
es-5849618350,20260906,es,DA,data analyst,2,54,185
es-5849713446,20260906,es,DA,data analyst,2,53,185
es-5850719036,20260906,es,BA,business analyst,2,53,174
es-5850719037,20260906,es,DA,analista de datos,1,9,31
es-5850719041,20260906,es,DA,analista de datos,1,10,31
es-5852180548,20260906,es,BA,business analyst,2,52,174
es-5852211253,20260906,es,DA,data analyst,2,52,185
es-5852212327,20260906,es,DA,data analyst,2,51,185
es-5853440777,20260906,es,DA,data analyst,1,50,185
es-5853440938,20260906,es,BA,business analyst,2,51,174
es-5853441347,20260906,es,DA,data analyst,1,49,185
es-5853441702,20260906,es,DA,data analyst,1,48,185
es-5854610741,20260906,es,BA,business analyst,1,50,174
es-5854612154,20260906,es,DA,data analyst,1,47,185
es-5855789317,20260906,es,BA,business analyst,1,49,174
es-5855789317,20260906,es,BI,business intelligence analyst,1,1,4
es-5855789317,20260906,es,DA,data analyst,1,46,185
es-5856423548,20260906,es,BI,BI analyst,1,4,13
es-5856423548,20260906,es,DA,data analyst,1,45,185
es-5856690559,20260906,es,DA,analista de datos,1,8,31
es-5857251291,20260906,es,BA,business analyst,1,48,174
es-5857251293,20260906,es,BA,business analyst,1,47,174
es-5857298502,20260906,es,DA,data analyst,1,44,185
es-5857315544,20260906,es,BA,business analyst,1,46,174
es-5858021855,20260906,es,BA,business analyst,1,45,174
es-5858022178,20260906,es,BA,business analyst,1,44,174
es-5858113036,20260906,es,BA,business analyst,1,43,174
es-5859470325,20260906,es,BI,analista BI,1,1,8
es-5859470325,20260906,es,DA,analista de datos,1,7,31
es-5859470328,20260906,es,BA,business analyst,1,42,174
es-5859470330,20260906,es,DA,analista de datos,1,6,31
es-5859486123,20260906,es,DA,data analyst,1,43,185
es-5860792312,20260906,es,DA,data analyst,1,42,185
es-5860793667,20260906,es,BA,business analyst,1,41,174
es-5860876076,20260906,es,BA,business analyst,1,40,174
es-5860876260,20260906,es,BA,business analyst,1,39,174
es-5860876510,20260906,es,BA,business analyst,1,38,174
es-5860876702,20260906,es,BA,business analyst,1,37,174
es-5860876784,20260906,es,DA,data analyst,1,41,185
es-5860876791,20260906,es,DA,data analyst,1,40,185
es-5860877226,20260906,es,BA,business analyst,1,36,174
es-5860877511,20260906,es,DA,data analyst,1,39,185
es-5861953952,20260906,es,DA,data analyst,1,38,185
es-5862004925,20260906,es,BA,business analyst,1,35,174
es-5862803275,20260906,es,DA,data analyst,1,37,185
es-5863094494,20260906,es,DA,data analyst,1,36,185
es-5863165497,20260906,es,BA,business analyst,1,34,174
es-5863165538,20260906,es,DA,data analyst,1,35,185
es-5863173131,20260906,es,BA,business analyst,1,33,174
es-5863174231,20260906,es,DA,data analyst,1,34,185
es-5864029874,20260906,es,BA,business analyst,1,31,174
es-5864029875,20260906,es,BA,business analyst,1,32,174
es-5865208293,20260906,es,BA,business analyst,1,30,174
es-5866597031,20260906,es,BA,business analyst,1,29,174
es-5866702428,20260906,es,BA,business analyst,1,28,174
es-5866704344,20260906,es,BA,business analyst,1,27,174
es-5866754797,20260906,es,DA,analista de datos,1,5,31
es-5867624531,20260906,es,BA,business analyst,1,26,174
es-5867624534,20260906,es,BA,business analyst,1,24,174
es-5867624537,20260906,es,BA,business analyst,1,25,174
es-5867624580,20260906,es,BA,business analyst,1,23,174
es-5868522660,20260906,es,DA,data analyst,1,33,185
es-5868522682,20260906,es,BA,business analyst,1,22,174
es-5868523115,20260906,es,DA,data analyst,1,32,185
es-5868523147,20260906,es,BA,business analyst,1,21,174
es-5868523535,20260906,es,DA,data analyst,1,31,185
es-5868523889,20260906,es,BA,business analyst,1,20,174
es-5868523893,20260906,es,DA,data analyst,1,30,185
es-5868545064,20260906,es,BA,business analyst,1,19,174
es-5869595049,20260906,es,DA,data analyst,1,29,185
es-5869595148,20260906,es,DA,data analyst,1,28,185
es-5869595194,20260906,es,BA,business analyst,1,17,174
es-5869595232,20260906,es,BA,business analyst,1,18,174
es-5869595355,20260906,es,DA,data analyst,1,27,185
es-5869595514,20260906,es,DA,data analyst,1,26,185
es-5869620929,20260906,es,DA,data analyst,1,25,185
es-5869800024,20260906,es,DA,data analyst,1,24,185
es-5870124651,20260906,es,DA,data analyst,1,23,185
es-5870124759,20260906,es,BA,business analyst,1,16,174
es-5870227666,20260906,es,DA,analista de datos,1,4,31
es-5870227709,20260906,es,BA,business analyst,1,15,174
es-5870237059,20260906,es,DA,data analyst,1,22,185
es-5870237775,20260906,es,BA,analista de negocio,1,1,8
es-5870238152,20260906,es,BA,business analyst,1,14,174
es-5870238555,20260906,es,BA,business analyst,1,13,174
es-5870238555,20260906,es,DA,data analyst,1,21,185
es-5870238699,20260906,es,DA,data analyst,1,20,185
es-5870239214,20260906,es,DA,data analyst,1,19,185
es-5870239690,20260906,es,DA,data analyst,1,18,185
es-5870239815,20260906,es,BA,business analyst,1,12,174
es-5870528418,20260906,es,BI,BI analyst,1,3,13
es-5871053623,20260906,es,DA,data analyst,1,17,185
es-5871053764,20260906,es,DA,data analyst,1,16,185
es-5871053865,20260906,es,BA,business analyst,1,11,174
es-5871053922,20260906,es,DA,data analyst,1,14,185
es-5871053973,20260906,es,DA,data analyst,1,15,185
es-5871053976,20260906,es,DA,data analyst,1,13,185
es-5871054219,20260906,es,DA,data analyst,1,11,185
es-5871054262,20260906,es,DA,data analyst,1,12,185
es-5871535777,20260906,es,DA,data analyst,1,10,185
es-5871672539,20260906,es,BA,business analyst,1,10,174
es-5871678533,20260906,es,DA,data analyst,1,9,185
es-5871678935,20260906,es,DA,data analyst,1,8,185
es-5871919099,20260906,es,DA,data analyst,1,7,185
es-5872316798,20260906,es,BA,business analyst,1,9,174
es-5872316839,20260906,es,DA,analista de datos,1,3,31
es-5872317300,20260906,es,BI,BI analyst,1,2,13
es-5872317439,20260906,es,BA,business analyst,1,8,174
es-5872317735,20260906,es,DA,data analyst,1,6,185
es-5872317766,20260906,es,BA,business analyst,1,7,174
es-5872318027,20260906,es,BA,business analyst,1,6,174
es-5872318131,20260906,es,DA,data analyst,1,5,185
es-5872319410,20260906,es,BA,business analyst,1,5,174
es-5872320006,20260906,es,BA,business analyst,1,4,174
es-5872321482,20260906,es,DA,data analyst,1,4,185
es-5872322152,20260906,es,DA,data analyst,1,3,185
es-5872324165,20260906,es,DA,data analyst,1,2,185
es-5872325027,20260906,es,BA,business analyst,1,3,174
es-5872326446,20260906,es,DA,data analyst,1,1,185
es-5872326617,20260906,es,DA,analista de datos,1,2,31
es-5872328673,20260906,es,BA,business analyst,1,2,174
es-5872878492,20260906,es,BA,business analyst,1,1,174
es-5872878843,20260906,es,BI,BI analyst,1,1,13
es-5872878887,20260906,es,DA,analista de datos,1,1,31
gb-5210480123,20260906,gb,BI,BI analyst,1,38,38
gb-5663621960,20260906,gb,BI,business intelligence analyst,1,34,34
gb-5748978694,20260906,gb,BI,BI analyst,1,37,38
gb-5761909402,20260906,gb,BI,business intelligence analyst,1,33,34
gb-5780349070,20260906,gb,BI,business intelligence analyst,1,32,34
gb-5795609519,20260906,gb,BI,BI analyst,1,36,38
gb-5795617519,20260906,gb,BI,BI analyst,1,35,38
gb-5802870387,20260906,gb,BI,BI analyst,1,34,38
gb-5810688125,20260906,gb,BI,business intelligence analyst,1,31,34
gb-5812625608,20260906,gb,BI,business intelligence analyst,1,30,34
gb-5814771693,20260906,gb,BI,BI analyst,1,33,38
gb-5816502339,20260906,gb,BI,business intelligence analyst,1,29,34
gb-5816506157,20260906,gb,BI,business intelligence analyst,1,28,34
gb-5820085655,20260906,gb,BI,business intelligence analyst,1,27,34
gb-5822578744,20260906,gb,BI,BI analyst,1,32,38
gb-5827485642,20260906,gb,BI,BI analyst,1,31,38
gb-5828022787,20260906,gb,BI,BI analyst,1,30,38
gb-5828402671,20260906,gb,BI,BI analyst,1,29,38
gb-5829404077,20260906,gb,BI,business intelligence analyst,1,26,34
gb-5829818220,20260906,gb,BI,business intelligence analyst,1,25,34
gb-5835737479,20260906,gb,BI,business intelligence analyst,1,24,34
gb-5838730541,20260906,gb,BI,business intelligence analyst,1,23,34
gb-5839572817,20260906,gb,BI,business intelligence analyst,1,22,34
gb-5840649326,20260906,gb,BI,BI analyst,1,28,38
gb-5843072790,20260906,gb,BI,BI analyst,1,27,38
gb-5845658880,20260906,gb,BI,business intelligence analyst,1,21,34
gb-5846046384,20260906,gb,BI,BI analyst,1,26,38
gb-5847255298,20260906,gb,BI,BI analyst,1,25,38
gb-5851016025,20260906,gb,BI,business intelligence analyst,1,20,34
gb-5852576301,20260906,gb,BI,business intelligence analyst,1,19,34
gb-5854310824,20260906,gb,BI,BI analyst,1,24,38
gb-5854951538,20260906,gb,BI,business intelligence analyst,1,18,34
gb-5855328200,20260906,gb,BI,BI analyst,1,23,38
gb-5855373744,20260906,gb,BI,BI analyst,1,22,38
gb-5855373969,20260906,gb,BI,business intelligence analyst,1,17,34
gb-5855373983,20260906,gb,BI,BI analyst,1,21,38
gb-5855375864,20260906,gb,BI,BI analyst,1,20,38
gb-5855377743,20260906,gb,BI,BI analyst,1,19,38
gb-5855381953,20260906,gb,BI,BI analyst,1,18,38
gb-5855716317,20260906,gb,BI,BI analyst,1,17,38
gb-5856135808,20260906,gb,BI,business intelligence analyst,1,16,34
gb-5857174948,20260906,gb,BI,business intelligence analyst,1,15,34
gb-5857216253,20260906,gb,BI,business intelligence analyst,1,14,34
gb-5857221137,20260906,gb,BI,BI analyst,1,15,38
gb-5857221143,20260906,gb,BI,BI analyst,1,16,38
gb-5857268435,20260906,gb,DA,data analyst,5,250,737
gb-5857649971,20260906,gb,DA,data analyst,5,249,737
gb-5857850546,20260906,gb,DA,data analyst,5,248,737
gb-5858065623,20260906,gb,DA,data analyst,5,247,737
gb-5858107916,20260906,gb,DA,data analyst,5,246,737
gb-5858141763,20260906,gb,DA,data analyst,5,242,737
gb-5858141778,20260906,gb,DA,data analyst,5,245,737
gb-5858141780,20260906,gb,DA,data analyst,5,243,737
gb-5858141783,20260906,gb,DA,data analyst,5,244,737
gb-5858141817,20260906,gb,DA,data analyst,5,241,737
gb-5858141842,20260906,gb,DA,data analyst,5,240,737
gb-5858177274,20260906,gb,BI,BI analyst,1,14,38
gb-5858200024,20260906,gb,DA,data analyst,5,239,737
gb-5858200065,20260906,gb,BI,BI analyst,1,13,38
gb-5858220107,20260906,gb,BI,BI analyst,1,12,38
gb-5858262293,20260906,gb,DA,data analyst,5,238,737
gb-5858262977,20260906,gb,DA,data analyst,5,237,737
gb-5858263105,20260906,gb,DA,data analyst,5,236,737
gb-5858303237,20260906,gb,DA,data analyst,5,235,737
gb-5858303351,20260906,gb,DA,data analyst,5,234,737
gb-5858342035,20260906,gb,DA,data analyst,5,233,737
gb-5858364990,20260906,gb,DA,data analyst,5,232,737
gb-5858368399,20260906,gb,DA,data analyst,5,231,737
gb-5858371998,20260906,gb,DA,data analyst,5,230,737
gb-5858373645,20260906,gb,DA,data analyst,5,229,737
gb-5858374336,20260906,gb,BI,business intelligence analyst,1,13,34
gb-5858377515,20260906,gb,BI,BI analyst,1,11,38
gb-5858377515,20260906,gb,DA,data analyst,5,228,737
gb-5858384691,20260906,gb,DA,data analyst,5,227,737
gb-5858387092,20260906,gb,DA,data analyst,5,226,737
gb-5858390325,20260906,gb,DA,data analyst,5,225,737
gb-5858404920,20260906,gb,BI,business intelligence analyst,1,12,34
gb-5858411950,20260906,gb,DA,data analyst,5,224,737
gb-5858587375,20260906,gb,DA,data analyst,5,222,737
gb-5858587406,20260906,gb,DA,data analyst,5,223,737
gb-5858625182,20260906,gb,DA,data analyst,5,221,737
gb-5858627464,20260906,gb,DA,data analyst,5,220,737
gb-5858627587,20260906,gb,DA,data analyst,5,219,737
gb-5858627677,20260906,gb,DA,data analyst,5,218,737
gb-5858628580,20260906,gb,DA,data analyst,5,217,737
gb-5858904718,20260906,gb,DA,data analyst,5,216,737
gb-5858906124,20260906,gb,DA,data analyst,5,215,737
gb-5858907743,20260906,gb,DA,data analyst,5,214,737
gb-5859057516,20260906,gb,DA,data analyst,5,213,737
gb-5859060098,20260906,gb,DA,data analyst,5,212,737
gb-5859161524,20260906,gb,DA,data analyst,5,211,737
gb-5859492510,20260906,gb,DA,data analyst,5,210,737
gb-5859614908,20260906,gb,DA,data analyst,5,209,737
gb-5859619578,20260906,gb,DA,data analyst,5,208,737
gb-5859656397,20260906,gb,BI,BI analyst,1,10,38
gb-5859656830,20260906,gb,DA,data analyst,5,207,737
gb-5859746013,20260906,gb,DA,data analyst,5,206,737
gb-5859757634,20260906,gb,DA,data analyst,5,205,737
gb-5859761219,20260906,gb,DA,data analyst,5,204,737
gb-5859761566,20260906,gb,DA,data analyst,5,203,737
gb-5859763673,20260906,gb,DA,data analyst,5,202,737
gb-5859769677,20260906,gb,DA,data analyst,5,201,737
gb-5859770298,20260906,gb,DA,data analyst,4,200,737
gb-5859795918,20260906,gb,DA,data analyst,4,199,737
gb-5859795949,20260906,gb,DA,data analyst,4,198,737
gb-5859809944,20260906,gb,DA,data analyst,4,197,737
gb-5859974794,20260906,gb,DA,data analyst,4,196,737
gb-5859990443,20260906,gb,DA,data analyst,4,195,737
gb-5859992488,20260906,gb,DA,data analyst,4,194,737
gb-5859992645,20260906,gb,DA,data analyst,4,193,737
gb-5859992676,20260906,gb,DA,data analyst,4,192,737
gb-5859994642,20260906,gb,DA,data analyst,4,191,737
gb-5859994646,20260906,gb,DA,data analyst,4,190,737
gb-5859994652,20260906,gb,DA,data analyst,4,189,737
gb-5859994674,20260906,gb,DA,data analyst,4,188,737
gb-5860066671,20260906,gb,DA,data analyst,4,187,737
gb-5860066687,20260906,gb,DA,data analyst,4,186,737
gb-5860751563,20260906,gb,DA,data analyst,4,185,737
gb-5861182353,20260906,gb,DA,data analyst,4,184,737
gb-5861222704,20260906,gb,DA,data analyst,4,183,737
gb-5861234016,20260906,gb,DA,data analyst,4,182,737
gb-5861242326,20260906,gb,DA,data analyst,4,181,737
gb-5861397280,20260906,gb,DA,data analyst,4,180,737
gb-5861428762,20260906,gb,DA,data analyst,4,179,737
gb-5861733142,20260906,gb,DA,data analyst,4,178,737
gb-5861761607,20260906,gb,DA,data analyst,4,177,737
gb-5861792243,20260906,gb,DA,data analyst,4,176,737
gb-5862276870,20260906,gb,DA,data analyst,4,175,737
gb-5862284826,20260906,gb,DA,data analyst,4,174,737
gb-5862688235,20260906,gb,DA,data analyst,4,173,737
gb-5862989176,20260906,gb,DA,data analyst,4,172,737
gb-5863109993,20260906,gb,DA,data analyst,4,171,737
gb-5863132806,20260906,gb,DA,data analyst,4,170,737
gb-5863586463,20260906,gb,DA,data analyst,4,169,737
gb-5864040627,20260906,gb,DA,data analyst,4,168,737
gb-5864147983,20260906,gb,DA,data analyst,4,166,737
gb-5864147992,20260906,gb,DA,data analyst,4,167,737
gb-5864528638,20260906,gb,BI,BI analyst,1,9,38
gb-5864528638,20260906,gb,DA,data analyst,4,165,737
gb-5864528709,20260906,gb,DA,data analyst,4,164,737
gb-5864590561,20260906,gb,DA,data analyst,4,163,737
gb-5864671247,20260906,gb,DA,data analyst,4,162,737
gb-5864677608,20260906,gb,DA,data analyst,4,161,737
gb-5864728782,20260906,gb,DA,data analyst,4,160,737
gb-5864792047,20260906,gb,DA,data analyst,4,159,737
gb-5864834295,20260906,gb,DA,data analyst,4,158,737
gb-5864882328,20260906,gb,DA,data analyst,4,157,737
gb-5864981083,20260906,gb,DA,data analyst,4,156,737
gb-5865162761,20260906,gb,DA,data analyst,4,155,737
gb-5865190428,20260906,gb,DA,data analyst,3,149,737
gb-5865190429,20260906,gb,DA,data analyst,4,153,737
gb-5865190431,20260906,gb,DA,data analyst,3,150,737
gb-5865190433,20260906,gb,DA,data analyst,4,152,737
gb-5865190456,20260906,gb,DA,data analyst,4,154,737
gb-5865190459,20260906,gb,DA,data analyst,4,151,737
gb-5865190460,20260906,gb,DA,data analyst,3,148,737
gb-5865190461,20260906,gb,DA,data analyst,3,147,737
gb-5865197791,20260906,gb,DA,data analyst,3,146,737
gb-5865259321,20260906,gb,DA,data analyst,3,145,737
gb-5865261664,20260906,gb,DA,data analyst,3,144,737
gb-5865265463,20260906,gb,DA,data analyst,3,141,737
gb-5865265469,20260906,gb,DA,data analyst,3,142,737
gb-5865265477,20260906,gb,DA,data analyst,3,143,737
gb-5865265519,20260906,gb,DA,data analyst,3,140,737
gb-5865267720,20260906,gb,DA,data analyst,3,138,737
gb-5865267722,20260906,gb,DA,data analyst,3,137,737
gb-5865267724,20260906,gb,DA,data analyst,3,139,737
gb-5865269133,20260906,gb,DA,data analyst,3,136,737
gb-5865273205,20260906,gb,DA,data analyst,3,135,737
gb-5866532943,20260906,gb,DA,data analyst,3,133,737
gb-5866532946,20260906,gb,DA,data analyst,3,134,737
gb-5866718600,20260906,gb,BI,business intelligence analyst,1,11,34
gb-5867043036,20260906,gb,DA,data analyst,3,132,737
gb-5867043355,20260906,gb,BA,business analyst,5,242,1261
gb-5867043356,20260906,gb,BA,business analyst,5,235,1261
gb-5867043357,20260906,gb,BA,business analyst,5,226,1261
gb-5867043360,20260906,gb,BA,business analyst,5,225,1261
gb-5867043361,20260906,gb,BA,business analyst,5,228,1261
gb-5867043362,20260906,gb,BA,business analyst,5,234,1261
gb-5867043363,20260906,gb,BA,business analyst,5,249,1261
gb-5867043366,20260906,gb,BA,business analyst,5,238,1261
gb-5867043367,20260906,gb,BA,business analyst,5,246,1261
gb-5867043368,20260906,gb,BA,business analyst,5,240,1261
gb-5867043372,20260906,gb,BA,business analyst,5,247,1261
gb-5867043373,20260906,gb,BA,business analyst,5,243,1261
gb-5867043375,20260906,gb,BA,business analyst,5,236,1261
gb-5867043379,20260906,gb,BA,business analyst,5,230,1261
gb-5867043380,20260906,gb,BA,business analyst,5,237,1261
gb-5867043383,20260906,gb,BA,business analyst,5,231,1261
gb-5867043384,20260906,gb,BA,business analyst,5,239,1261
gb-5867043393,20260906,gb,BA,business analyst,5,233,1261
gb-5867043394,20260906,gb,BA,business analyst,5,244,1261
gb-5867043395,20260906,gb,BA,business analyst,5,229,1261
gb-5867043397,20260906,gb,BA,business analyst,5,248,1261
gb-5867043400,20260906,gb,BA,business analyst,5,227,1261
gb-5867043409,20260906,gb,BA,business analyst,5,241,1261
gb-5867043411,20260906,gb,BA,business analyst,5,232,1261
gb-5867043412,20260906,gb,BA,business analyst,5,245,1261
gb-5867043417,20260906,gb,BA,business analyst,5,250,1261
gb-5867043418,20260906,gb,BA,business analyst,5,202,1261
gb-5867043419,20260906,gb,BA,business analyst,5,208,1261
gb-5867043420,20260906,gb,BA,business analyst,5,221,1261
gb-5867043422,20260906,gb,BA,business analyst,5,201,1261
gb-5867043424,20260906,gb,BA,business analyst,5,204,1261
gb-5867043426,20260906,gb,BA,business analyst,5,209,1261
gb-5867043427,20260906,gb,BA,business analyst,5,222,1261
gb-5867043428,20260906,gb,BA,business analyst,5,203,1261
gb-5867043431,20260906,gb,BA,business analyst,5,207,1261
gb-5867043433,20260906,gb,BA,business analyst,5,223,1261
gb-5867043435,20260906,gb,BA,business analyst,5,210,1261
gb-5867043436,20260906,gb,BA,business analyst,5,206,1261
gb-5867043437,20260906,gb,BA,business analyst,5,211,1261
gb-5867043440,20260906,gb,BA,business analyst,5,205,1261
gb-5867043441,20260906,gb,BA,business analyst,5,214,1261
gb-5867043442,20260906,gb,BA,business analyst,5,218,1261
gb-5867043443,20260906,gb,BA,business analyst,5,216,1261
gb-5867043444,20260906,gb,BA,business analyst,5,220,1261
gb-5867043445,20260906,gb,BA,business analyst,5,219,1261
gb-5867043446,20260906,gb,BA,business analyst,5,224,1261
gb-5867043448,20260906,gb,BA,business analyst,5,212,1261
gb-5867043449,20260906,gb,BA,business analyst,5,215,1261
gb-5867043450,20260906,gb,BA,business analyst,5,217,1261
gb-5867043452,20260906,gb,BA,business analyst,5,213,1261
gb-5867043462,20260906,gb,BA,business analyst,4,199,1261
gb-5867043466,20260906,gb,BA,business analyst,4,200,1261
gb-5867061975,20260906,gb,DA,data analyst,3,131,737
gb-5867110693,20260906,gb,BA,business analyst,4,198,1261
gb-5867151553,20260906,gb,BI,BI analyst,1,8,38
gb-5867151553,20260906,gb,DA,data analyst,3,130,737
gb-5867187726,20260906,gb,DA,data analyst,3,129,737
gb-5867187859,20260906,gb,DA,data analyst,3,128,737
gb-5867188589,20260906,gb,DA,data analyst,3,127,737
gb-5867228167,20260906,gb,BA,business analyst,4,197,1261
gb-5867228952,20260906,gb,BA,business analyst,4,196,1261
gb-5867235621,20260906,gb,DA,data analyst,3,126,737
gb-5867236624,20260906,gb,DA,data analyst,3,125,737
gb-5867237314,20260906,gb,DA,data analyst,3,124,737
gb-5867244023,20260906,gb,BA,business analyst,4,195,1261
gb-5867249007,20260906,gb,BA,business analyst,4,194,1261
gb-5867249007,20260906,gb,BI,business intelligence analyst,1,10,34
gb-5867249869,20260906,gb,DA,data analyst,3,123,737
gb-5867251190,20260906,gb,DA,data analyst,3,122,737
gb-5867251978,20260906,gb,DA,data analyst,3,121,737
gb-5867274265,20260906,gb,BA,business analyst,4,193,1261
gb-5867274435,20260906,gb,BA,business analyst,4,192,1261
gb-5867279261,20260906,gb,BA,business analyst,4,191,1261
gb-5867279771,20260906,gb,BA,business analyst,4,190,1261
gb-5867282858,20260906,gb,DA,data analyst,3,120,737
gb-5867305091,20260906,gb,BA,business analyst,4,189,1261
gb-5867306037,20260906,gb,DA,data analyst,3,119,737
gb-5867316849,20260906,gb,DA,data analyst,3,118,737
gb-5867333398,20260906,gb,BA,business analyst,4,188,1261
gb-5867338630,20260906,gb,DA,data analyst,3,117,737
gb-5867414466,20260906,gb,DA,data analyst,3,116,737
gb-5867507447,20260906,gb,DA,data analyst,3,115,737
gb-5867515337,20260906,gb,BA,business analyst,4,187,1261
gb-5867515337,20260906,gb,BI,business intelligence analyst,1,9,34
gb-5867530033,20260906,gb,DA,data analyst,3,114,737
gb-5867562617,20260906,gb,BA,business analyst,4,186,1261
gb-5867626094,20260906,gb,BA,business analyst,4,185,1261
gb-5867641417,20260906,gb,BA,business analyst,4,184,1261
gb-5867642296,20260906,gb,BA,business analyst,4,183,1261
gb-5867643019,20260906,gb,DA,data analyst,3,113,737
gb-5867643027,20260906,gb,DA,data analyst,3,112,737
gb-5867644630,20260906,gb,BA,business analyst,4,182,1261
gb-5867645588,20260906,gb,BA,business analyst,4,179,1261
gb-5867645591,20260906,gb,BA,business analyst,4,181,1261
gb-5867645592,20260906,gb,BA,business analyst,4,180,1261
gb-5867645763,20260906,gb,BA,business analyst,4,178,1261
gb-5867645767,20260906,gb,BA,business analyst,4,175,1261
gb-5867645768,20260906,gb,BA,business analyst,4,177,1261
gb-5867645768,20260906,gb,BI,business intelligence analyst,1,8,34
gb-5867645772,20260906,gb,DA,data analyst,3,111,737
gb-5867645773,20260906,gb,BA,business analyst,4,176,1261
gb-5867702477,20260906,gb,DA,data analyst,3,110,737
gb-5867726461,20260906,gb,BI,BI analyst,1,7,38
gb-5867727563,20260906,gb,BA,business analyst,4,174,1261
gb-5867727691,20260906,gb,BA,business analyst,4,173,1261
gb-5867727691,20260906,gb,BI,business intelligence analyst,1,7,34
gb-5867730506,20260906,gb,DA,data analyst,3,109,737
gb-5867756173,20260906,gb,BA,business analyst,4,172,1261
gb-5867756760,20260906,gb,DA,data analyst,3,108,737
gb-5867757879,20260906,gb,BA,business analyst,4,171,1261
gb-5868099172,20260906,gb,BA,business analyst,4,170,1261
gb-5868151937,20260906,gb,BA,business analyst,4,169,1261
gb-5868152267,20260906,gb,BA,business analyst,4,168,1261
gb-5868292468,20260906,gb,DA,data analyst,3,107,737
gb-5868301226,20260906,gb,BA,business analyst,4,167,1261
gb-5868301591,20260906,gb,BA,business analyst,4,166,1261
gb-5868417643,20260906,gb,BA,business analyst,4,165,1261
gb-5868457217,20260906,gb,BA,business analyst,4,164,1261
gb-5868457878,20260906,gb,DA,data analyst,3,106,737
gb-5868542800,20260906,gb,BA,business analyst,4,163,1261
gb-5868766842,20260906,gb,BA,business analyst,4,161,1261
gb-5868766893,20260906,gb,BA,business analyst,4,162,1261
gb-5868766897,20260906,gb,BA,business analyst,4,160,1261
gb-5868767089,20260906,gb,BA,business analyst,4,159,1261
gb-5868767157,20260906,gb,BA,business analyst,4,158,1261
gb-5868767169,20260906,gb,BA,business analyst,4,157,1261
gb-5868767174,20260906,gb,DA,data analyst,3,105,737
gb-5868767297,20260906,gb,BA,business analyst,4,156,1261
gb-5868767667,20260906,gb,DA,data analyst,3,103,737
gb-5868767755,20260906,gb,BA,business analyst,4,154,1261
gb-5868767760,20260906,gb,DA,data analyst,3,104,737
gb-5868767785,20260906,gb,BA,business analyst,4,155,1261
gb-5868767979,20260906,gb,DA,data analyst,3,102,737
gb-5868776956,20260906,gb,BA,business analyst,4,153,1261
gb-5868779114,20260906,gb,DA,data analyst,3,101,737
gb-5868804241,20260906,gb,DA,data analyst,2,100,737
gb-5868804489,20260906,gb,BA,business analyst,4,152,1261
gb-5868804516,20260906,gb,DA,data analyst,2,99,737
gb-5868804602,20260906,gb,DA,data analyst,2,98,737
gb-5868804623,20260906,gb,DA,data analyst,2,97,737
gb-5868804734,20260906,gb,DA,data analyst,2,96,737
gb-5868804736,20260906,gb,BA,business analyst,3,150,1261
gb-5868804739,20260906,gb,BA,business analyst,3,149,1261
gb-5868804753,20260906,gb,BA,business analyst,4,151,1261
gb-5868804757,20260906,gb,DA,data analyst,2,95,737
gb-5868804868,20260906,gb,BI,BI analyst,1,6,38
gb-5868804868,20260906,gb,DA,data analyst,2,94,737
gb-5868804972,20260906,gb,DA,data analyst,2,93,737
gb-5868804984,20260906,gb,BA,business analyst,3,148,1261
gb-5868805062,20260906,gb,BA,business analyst,3,147,1261
gb-5868805111,20260906,gb,DA,data analyst,2,92,737
gb-5868805413,20260906,gb,BA,business analyst,3,146,1261
gb-5868805425,20260906,gb,DA,data analyst,2,91,737
gb-5868805430,20260906,gb,BA,business analyst,3,145,1261
gb-5868805681,20260906,gb,BA,business analyst,3,144,1261
gb-5868805681,20260906,gb,DA,data analyst,2,90,737
gb-5868805768,20260906,gb,BA,business analyst,3,143,1261
gb-5868805774,20260906,gb,BA,business analyst,3,142,1261
gb-5868805873,20260906,gb,DA,data analyst,2,89,737
gb-5868805902,20260906,gb,DA,data analyst,2,88,737
gb-5868805944,20260906,gb,BA,business analyst,3,141,1261
gb-5868805944,20260906,gb,BI,business intelligence analyst,1,6,34
gb-5868805982,20260906,gb,BA,business analyst,3,140,1261
gb-5868805982,20260906,gb,BI,business intelligence analyst,1,5,34
gb-5868805982,20260906,gb,DA,data analyst,2,87,737
gb-5868813184,20260906,gb,BA,business analyst,3,139,1261
gb-5868813596,20260906,gb,BA,business analyst,3,138,1261
gb-5868891748,20260906,gb,BA,business analyst,3,137,1261
gb-5868891748,20260906,gb,BI,business intelligence analyst,1,4,34
gb-5868906185,20260906,gb,BA,business analyst,3,136,1261
gb-5868906307,20260906,gb,BA,business analyst,3,135,1261
gb-5868909048,20260906,gb,BA,business analyst,3,134,1261
gb-5868909139,20260906,gb,BA,business analyst,3,133,1261
gb-5868913954,20260906,gb,DA,data analyst,2,86,737
gb-5868917250,20260906,gb,BA,business analyst,3,132,1261
gb-5868918352,20260906,gb,DA,data analyst,2,85,737
gb-5868919242,20260906,gb,BA,business analyst,3,131,1261
gb-5868923003,20260906,gb,BA,business analyst,3,130,1261
gb-5868976745,20260906,gb,BA,business analyst,3,129,1261
gb-5868976745,20260906,gb,DA,data analyst,2,84,737
gb-5868984171,20260906,gb,DA,data analyst,2,83,737
gb-5868984224,20260906,gb,BA,business analyst,3,128,1261
gb-5868984242,20260906,gb,BA,business analyst,3,127,1261
gb-5868990973,20260906,gb,DA,data analyst,2,82,737
gb-5869005150,20260906,gb,BA,business analyst,3,126,1261
gb-5869075476,20260906,gb,DA,data analyst,2,81,737
gb-5869105942,20260906,gb,DA,data analyst,2,80,737
gb-5869120196,20260906,gb,BA,business analyst,3,125,1261
gb-5869120401,20260906,gb,BA,business analyst,3,124,1261
gb-5869121529,20260906,gb,BA,business analyst,3,123,1261
gb-5869121529,20260906,gb,DA,data analyst,2,79,737
gb-5869134880,20260906,gb,BA,business analyst,3,122,1261
gb-5869150614,20260906,gb,DA,data analyst,2,78,737
gb-5869150885,20260906,gb,BA,business analyst,3,121,1261
gb-5869151509,20260906,gb,BA,business analyst,3,120,1261
gb-5869152296,20260906,gb,BI,BI analyst,1,5,38
gb-5869155664,20260906,gb,DA,data analyst,2,77,737
gb-5869157546,20260906,gb,BA,business analyst,3,119,1261
gb-5869157666,20260906,gb,DA,data analyst,2,76,737
gb-5869161425,20260906,gb,BA,business analyst,3,118,1261
gb-5869180933,20260906,gb,BI,BI analyst,1,4,38
gb-5869183304,20260906,gb,DA,data analyst,2,75,737
gb-5869193044,20260906,gb,BA,business analyst,3,117,1261
gb-5869196700,20260906,gb,DA,data analyst,2,74,737
gb-5869198302,20260906,gb,DA,data analyst,2,73,737
gb-5869208889,20260906,gb,DA,data analyst,2,72,737
gb-5869213473,20260906,gb,DA,data analyst,2,71,737
gb-5869301662,20260906,gb,DA,data analyst,2,70,737
gb-5869442593,20260906,gb,BA,business analyst,3,116,1261
gb-5869442717,20260906,gb,BA,business analyst,3,115,1261
gb-5869442923,20260906,gb,BA,business analyst,3,114,1261
gb-5869442923,20260906,gb,BI,business intelligence analyst,1,3,34
gb-5869444083,20260906,gb,BA,business analyst,3,113,1261
gb-5869444098,20260906,gb,DA,data analyst,2,69,737
gb-5869444100,20260906,gb,BA,business analyst,3,112,1261
gb-5869444100,20260906,gb,DA,data analyst,2,68,737
gb-5869444112,20260906,gb,BA,business analyst,3,111,1261
gb-5869444118,20260906,gb,BA,business analyst,3,110,1261
gb-5869444118,20260906,gb,DA,data analyst,2,67,737
gb-5869444131,20260906,gb,BA,business analyst,3,109,1261
gb-5869452153,20260906,gb,BA,business analyst,3,108,1261
gb-5869452153,20260906,gb,BI,business intelligence analyst,1,2,34
gb-5869479486,20260906,gb,BA,business analyst,3,107,1261
gb-5869493390,20260906,gb,DA,data analyst,2,66,737
gb-5869493833,20260906,gb,BA,business analyst,3,106,1261
gb-5869508533,20260906,gb,BA,business analyst,3,105,1261
gb-5869519856,20260906,gb,BA,business analyst,3,104,1261
gb-5869520056,20260906,gb,BA,business analyst,3,103,1261
gb-5869520124,20260906,gb,BA,business analyst,3,102,1261
gb-5869544669,20260906,gb,DA,data analyst,2,65,737
gb-5869545079,20260906,gb,DA,data analyst,2,64,737
gb-5869547950,20260906,gb,BA,business analyst,3,101,1261
gb-5869548394,20260906,gb,BA,business analyst,2,100,1261
gb-5869548394,20260906,gb,DA,data analyst,2,63,737
gb-5869549719,20260906,gb,DA,data analyst,2,62,737
gb-5869549725,20260906,gb,BA,business analyst,2,99,1261
gb-5869550457,20260906,gb,BI,BI analyst,1,3,38
gb-5869552162,20260906,gb,DA,data analyst,2,60,737
gb-5869552164,20260906,gb,DA,data analyst,2,61,737
gb-5869554109,20260906,gb,DA,data analyst,2,59,737
gb-5869554110,20260906,gb,BA,business analyst,2,95,1261
gb-5869554111,20260906,gb,BA,business analyst,2,96,1261
gb-5869554114,20260906,gb,BA,business analyst,2,97,1261
gb-5869554116,20260906,gb,BA,business analyst,2,98,1261
gb-5869554876,20260906,gb,BA,business analyst,2,94,1261
gb-5869559727,20260906,gb,BA,business analyst,2,93,1261
gb-5869559762,20260906,gb,DA,data analyst,2,58,737
gb-5869562897,20260906,gb,BA,business analyst,2,92,1261
gb-5869586939,20260906,gb,DA,data analyst,2,57,737
gb-5869594779,20260906,gb,DA,data analyst,2,56,737
gb-5869622912,20260906,gb,DA,data analyst,2,55,737
gb-5869662130,20260906,gb,BA,business analyst,2,91,1261
gb-5869782932,20260906,gb,BA,business analyst,2,90,1261
gb-5869789329,20260906,gb,BA,business analyst,2,89,1261
gb-5869799826,20260906,gb,DA,data analyst,2,54,737
gb-5869804842,20260906,gb,BA,business analyst,2,88,1261
gb-5869804868,20260906,gb,DA,data analyst,2,53,737
gb-5869818354,20260906,gb,BA,business analyst,2,87,1261
gb-5869942796,20260906,gb,BA,business analyst,2,85,1261
gb-5869942801,20260906,gb,BA,business analyst,2,86,1261
gb-5869964105,20260906,gb,BA,business analyst,2,84,1261
gb-5870168290,20260906,gb,DA,data analyst,2,52,737
gb-5870432930,20260906,gb,BA,business analyst,2,83,1261
gb-5870549762,20260906,gb,DA,data analyst,2,51,737
gb-5870597643,20260906,gb,DA,data analyst,1,50,737
gb-5870618225,20260906,gb,BA,business analyst,2,82,1261
gb-5870618232,20260906,gb,BA,business analyst,2,81,1261
gb-5870624631,20260906,gb,BA,business analyst,2,80,1261
gb-5870624715,20260906,gb,BA,business analyst,2,78,1261
gb-5870624724,20260906,gb,BA,business analyst,2,79,1261
gb-5870625840,20260906,gb,BA,business analyst,2,77,1261
gb-5870625973,20260906,gb,BA,business analyst,2,76,1261
gb-5870628588,20260906,gb,DA,data analyst,1,49,737
gb-5870638972,20260906,gb,BA,business analyst,2,75,1261
gb-5870639008,20260906,gb,BA,business analyst,2,74,1261
gb-5870675843,20260906,gb,BA,business analyst,2,73,1261
gb-5870713316,20260906,gb,BA,business analyst,2,72,1261
gb-5870713848,20260906,gb,DA,data analyst,1,48,737
gb-5870730539,20260906,gb,DA,data analyst,1,47,737
gb-5870741084,20260906,gb,BA,business analyst,2,71,1261
gb-5870741084,20260906,gb,BI,business intelligence analyst,1,1,34
gb-5870741984,20260906,gb,BA,business analyst,2,70,1261
gb-5870744917,20260906,gb,BA,business analyst,2,69,1261
gb-5870746875,20260906,gb,BA,business analyst,2,68,1261
gb-5870748752,20260906,gb,BA,business analyst,2,67,1261
gb-5870749603,20260906,gb,DA,data analyst,1,46,737
gb-5870752713,20260906,gb,BA,business analyst,2,66,1261
gb-5870753152,20260906,gb,BA,business analyst,2,65,1261
gb-5870753215,20260906,gb,BA,business analyst,2,64,1261
gb-5870755983,20260906,gb,BA,business analyst,2,63,1261
gb-5870758339,20260906,gb,DA,data analyst,1,45,737
gb-5870759329,20260906,gb,DA,data analyst,1,44,737
gb-5870760707,20260906,gb,BA,business analyst,2,62,1261
gb-5870761386,20260906,gb,BA,business analyst,2,61,1261
gb-5870766110,20260906,gb,BA,business analyst,2,60,1261
gb-5870766610,20260906,gb,DA,data analyst,1,43,737
gb-5870770143,20260906,gb,BA,business analyst,2,59,1261
gb-5870770812,20260906,gb,BA,business analyst,2,58,1261
gb-5870773212,20260906,gb,BA,business analyst,2,57,1261
gb-5870776356,20260906,gb,BA,business analyst,2,55,1261
gb-5870776358,20260906,gb,BA,business analyst,2,56,1261
gb-5870797719,20260906,gb,BA,business analyst,2,53,1261
gb-5870797720,20260906,gb,BA,business analyst,2,54,1261
gb-5870815876,20260906,gb,DA,data analyst,1,42,737
gb-5870816065,20260906,gb,DA,data analyst,1,41,737
gb-5870816322,20260906,gb,DA,data analyst,1,39,737
gb-5870816364,20260906,gb,DA,data analyst,1,40,737
gb-5870828489,20260906,gb,DA,data analyst,1,38,737
gb-5870884518,20260906,gb,BA,business analyst,2,52,1261
gb-5870884752,20260906,gb,BA,business analyst,2,51,1261
gb-5870922540,20260906,gb,BA,business analyst,1,50,1261
gb-5871005369,20260906,gb,BA,business analyst,1,49,1261
gb-5871005401,20260906,gb,DA,data analyst,1,37,737
gb-5871005544,20260906,gb,DA,data analyst,1,36,737
gb-5871011188,20260906,gb,DA,data analyst,1,35,737
gb-5871014147,20260906,gb,DA,data analyst,1,34,737
gb-5871014203,20260906,gb,BA,business analyst,1,47,1261
gb-5871014203,20260906,gb,DA,data analyst,1,32,737
gb-5871014207,20260906,gb,BA,business analyst,1,48,1261
gb-5871014210,20260906,gb,DA,data analyst,1,33,737
gb-5871023051,20260906,gb,BA,business analyst,1,46,1261
gb-5871028594,20260906,gb,BI,BI analyst,1,2,38
gb-5871029053,20260906,gb,BA,business analyst,1,45,1261
gb-5871029118,20260906,gb,DA,data analyst,1,31,737
gb-5871030865,20260906,gb,DA,data analyst,1,30,737
gb-5871033540,20260906,gb,BA,business analyst,1,44,1261
gb-5871043916,20260906,gb,DA,data analyst,1,29,737
gb-5871044050,20260906,gb,BA,business analyst,1,43,1261
gb-5871135754,20260906,gb,BA,business analyst,1,42,1261
gb-5871241488,20260906,gb,DA,data analyst,1,28,737
gb-5871242766,20260906,gb,BA,business analyst,1,41,1261
gb-5871243065,20260906,gb,BA,business analyst,1,40,1261
gb-5871261504,20260906,gb,DA,data analyst,1,27,737
gb-5871261748,20260906,gb,BA,business analyst,1,39,1261
gb-5871306012,20260906,gb,BA,business analyst,1,38,1261
gb-5871328915,20260906,gb,BA,business analyst,1,37,1261
gb-5871339130,20260906,gb,BA,business analyst,1,36,1261
gb-5871409621,20260906,gb,BA,business analyst,1,35,1261
gb-5871611701,20260906,gb,DA,data analyst,1,25,737
gb-5871611706,20260906,gb,DA,data analyst,1,26,737
gb-5871611722,20260906,gb,DA,data analyst,1,24,737
gb-5871614422,20260906,gb,DA,data analyst,1,21,737
gb-5871614428,20260906,gb,DA,data analyst,1,23,737
gb-5871614438,20260906,gb,DA,data analyst,1,22,737
gb-5871617311,20260906,gb,DA,data analyst,1,20,737
gb-5871617319,20260906,gb,BA,business analyst,1,34,1261
gb-5871776402,20260906,gb,BA,business analyst,1,33,1261
gb-5871776433,20260906,gb,BA,business analyst,1,32,1261
gb-5871776444,20260906,gb,BA,business analyst,1,31,1261
gb-5871776512,20260906,gb,BA,business analyst,1,30,1261
gb-5871840963,20260906,gb,BA,business analyst,1,29,1261
gb-5871840969,20260906,gb,BA,business analyst,1,28,1261
gb-5871840995,20260906,gb,BA,business analyst,1,26,1261
gb-5871841001,20260906,gb,BA,business analyst,1,27,1261
gb-5871841210,20260906,gb,DA,data analyst,1,19,737
gb-5871841422,20260906,gb,BA,business analyst,1,23,1261
gb-5871841437,20260906,gb,BA,business analyst,1,25,1261
gb-5871841492,20260906,gb,BA,business analyst,1,24,1261
gb-5871841514,20260906,gb,DA,data analyst,1,18,737
gb-5871887766,20260906,gb,BA,business analyst,1,22,1261
gb-5871887901,20260906,gb,DA,data analyst,1,17,737
gb-5871897227,20260906,gb,BA,business analyst,1,21,1261
gb-5871940068,20260906,gb,DA,data analyst,1,16,737
gb-5871987802,20260906,gb,BA,business analyst,1,20,1261
gb-5871990160,20260906,gb,BA,business analyst,1,19,1261
gb-5872036234,20260906,gb,BA,business analyst,1,18,1261
gb-5872081754,20260906,gb,BA,business analyst,1,17,1261
gb-5872082583,20260906,gb,DA,data analyst,1,15,737
gb-5872090134,20260906,gb,BA,business analyst,1,16,1261
gb-5872091920,20260906,gb,BA,business analyst,1,15,1261
gb-5872097625,20260906,gb,BA,business analyst,1,14,1261
gb-5872108433,20260906,gb,DA,data analyst,1,14,737
gb-5872109795,20260906,gb,BA,business analyst,1,13,1261
gb-5872112385,20260906,gb,BA,business analyst,1,12,1261
gb-5872112532,20260906,gb,BA,business analyst,1,11,1261
gb-5872113219,20260906,gb,BA,business analyst,1,10,1261
gb-5872113905,20260906,gb,DA,data analyst,1,13,737
gb-5872114472,20260906,gb,DA,data analyst,1,12,737
gb-5872116186,20260906,gb,BA,business analyst,1,9,1261
gb-5872120033,20260906,gb,DA,data analyst,1,11,737
gb-5872123477,20260906,gb,DA,data analyst,1,10,737
gb-5872125014,20260906,gb,BA,business analyst,1,8,1261
gb-5872170713,20260906,gb,BI,BI analyst,1,1,38
gb-5872170878,20260906,gb,BA,business analyst,1,7,1261
gb-5872172853,20260906,gb,BA,business analyst,1,6,1261
gb-5872174942,20260906,gb,DA,data analyst,1,9,737
gb-5872180638,20260906,gb,DA,data analyst,1,8,737
gb-5872260634,20260906,gb,DA,data analyst,1,7,737
gb-5872300185,20260906,gb,DA,data analyst,1,6,737
gb-5872485992,20260906,gb,BA,business analyst,1,5,1261
gb-5872651308,20260906,gb,DA,data analyst,1,5,737
gb-5872784433,20260906,gb,BA,business analyst,1,4,1261
gb-5872822444,20260906,gb,DA,data analyst,1,4,737
gb-5872822445,20260906,gb,DA,data analyst,1,2,737
gb-5872822448,20260906,gb,DA,data analyst,1,3,737
gb-5872836005,20260906,gb,BA,business analyst,1,3,1261
gb-5872971641,20260906,gb,BA,business analyst,1,2,1261
gb-5872971641,20260906,gb,DA,data analyst,1,1,737
gb-5872972849,20260906,gb,BA,business analyst,1,1,1261
ch-4907507246,20260907,ch,BA,business analyst,4,199,199
ch-5049642724,20260907,ch,BA,business analyst,4,198,199
ch-5102286206,20260907,ch,BA,business analyst,4,197,199
ch-5253192882,20260907,ch,BA,business analyst,4,196,199
ch-5415997589,20260907,ch,BA,business analyst,4,195,199
ch-5501296599,20260907,ch,BA,business analyst,4,193,199
ch-5501296602,20260907,ch,BA,business analyst,4,194,199
ch-5544982395,20260907,ch,BA,business analyst,4,192,199
ch-5582074518,20260907,ch,BA,business analyst,4,191,199
ch-5624904803,20260907,ch,BA,business analyst,4,190,199
ch-5662130334,20260907,ch,BA,business analyst,4,189,199
ch-5706900763,20260907,ch,BA,business analyst,4,188,199
ch-5723540051,20260907,ch,BA,business analyst,4,187,199
ch-5723540105,20260907,ch,BA,business analyst,4,186,199
ch-5727378938,20260907,ch,BA,business analyst,4,185,199
ch-5727381173,20260907,ch,BA,business analyst,4,184,199
ch-5728539859,20260907,ch,BA,business analyst,4,183,199
ch-5736527696,20260907,ch,BA,business analyst,4,182,199
ch-5737723571,20260907,ch,BA,business analyst,4,181,199
ch-5751722820,20260907,ch,BA,business analyst,4,180,199
ch-5752476574,20260907,ch,BA,business analyst,4,179,199
ch-5754205825,20260907,ch,BA,business analyst,4,178,199
ch-5763015516,20260907,ch,BA,business analyst,4,177,199
ch-5772045252,20260907,ch,BA,business analyst,4,176,199
ch-5779533751,20260907,ch,BA,business analyst,4,175,199
ch-5791318020,20260907,ch,BA,business analyst,4,174,199
ch-5795995207,20260907,ch,BA,business analyst,4,173,199
ch-5795995207,20260907,ch,DA,data analyst,1,30,30
ch-5798343353,20260907,ch,BA,business analyst,4,172,199
ch-5799099810,20260907,ch,DA,data analyst,1,29,30
ch-5805053425,20260907,ch,BA,business analyst,4,171,199
ch-5810001868,20260907,ch,BA,business analyst,4,170,199
ch-5810001868,20260907,ch,DA,data analyst,1,28,30
ch-5811519370,20260907,ch,BA,business analyst,4,169,199
ch-5814610054,20260907,ch,BA,business analyst,4,168,199
ch-5814700994,20260907,ch,BA,business analyst,4,167,199
ch-5814701018,20260907,ch,BA,business analyst,4,166,199
ch-5822720275,20260907,ch,BA,business analyst,4,165,199
ch-5822996836,20260907,ch,BA,business analyst,4,164,199
ch-5822997268,20260907,ch,BA,business analyst,4,163,199
ch-5826138284,20260907,ch,BA,business analyst,4,162,199
ch-5829693990,20260907,ch,BA,business analyst,4,161,199
ch-5830857008,20260907,ch,BA,business analyst,4,160,199
ch-5832355656,20260907,ch,BA,business analyst,4,159,199
ch-5832355656,20260907,ch,DA,data analyst,1,27,30
ch-5834044745,20260907,ch,BA,business analyst,4,158,199
ch-5837128521,20260907,ch,BA,business analyst,4,157,199
ch-5840951023,20260907,ch,BA,business analyst,4,156,199
ch-5841638762,20260907,ch,BA,business analyst,4,155,199
ch-5841641655,20260907,ch,BA,business analyst,4,154,199
ch-5841645920,20260907,ch,BA,business analyst,4,153,199
ch-5841647275,20260907,ch,BA,business analyst,4,152,199
ch-5841650730,20260907,ch,BA,business analyst,4,151,199
ch-5841650730,20260907,ch,DA,data analyst,1,26,30
ch-5841656718,20260907,ch,BA,business analyst,3,150,199
ch-5841660097,20260907,ch,BA,business analyst,3,149,199
ch-5841663916,20260907,ch,BA,business analyst,3,147,199
ch-5841664012,20260907,ch,BA,business analyst,3,148,199
ch-5841666061,20260907,ch,BA,business analyst,3,146,199
ch-5841672952,20260907,ch,BA,business analyst,3,145,199
ch-5841674749,20260907,ch,BA,business analyst,3,144,199
ch-5841677323,20260907,ch,BA,business analyst,3,143,199
ch-5841678642,20260907,ch,BA,business analyst,3,142,199
ch-5842832011,20260907,ch,BA,business analyst,3,141,199
ch-5843423869,20260907,ch,BA,business analyst,3,140,199
ch-5844501683,20260907,ch,BA,business analyst,3,139,199
ch-5844501799,20260907,ch,DA,data analyst,1,25,30
ch-5844661707,20260907,ch,DA,data analyst,1,24,30
ch-5844661743,20260907,ch,BA,business analyst,3,138,199
ch-5844661746,20260907,ch,BA,business analyst,3,137,199
ch-5846521489,20260907,ch,BA,business analyst,3,136,199
ch-5846524834,20260907,ch,BA,business analyst,3,135,199
ch-5846526241,20260907,ch,BA,business analyst,3,134,199
ch-5848038718,20260907,ch,BA,business analyst,3,133,199
ch-5848972179,20260907,ch,BA,business analyst,3,132,199
ch-5849618306,20260907,ch,BA,business analyst,3,131,199
ch-5850864273,20260907,ch,BA,business analyst,3,130,199
ch-5850865720,20260907,ch,BA,business analyst,3,129,199
ch-5851422313,20260907,ch,BA,business analyst,3,128,199
ch-5851683322,20260907,ch,DA,data analyst,1,23,30
ch-5851872574,20260907,ch,BA,business analyst,3,127,199
ch-5852323293,20260907,ch,BA,business analyst,3,126,199
ch-5852323459,20260907,ch,BA,business analyst,3,125,199
ch-5853039171,20260907,ch,BA,business analyst,3,124,199
ch-5853533474,20260907,ch,BA,business analyst,3,123,199
ch-5853533670,20260907,ch,BA,business analyst,3,122,199
ch-5853882183,20260907,ch,DA,data analyst,1,22,30
ch-5853882264,20260907,ch,BA,business analyst,3,121,199
ch-5853882351,20260907,ch,BA,business analyst,3,120,199
ch-5853961952,20260907,ch,DA,data analyst,1,21,30
ch-5853962010,20260907,ch,BA,business analyst,3,119,199
ch-5854312298,20260907,ch,BA,business analyst,3,118,199
ch-5854357121,20260907,ch,BA,business analyst,3,117,199
ch-5854358837,20260907,ch,BA,business analyst,3,116,199
ch-5854363607,20260907,ch,BA,business analyst,3,115,199
ch-5854383299,20260907,ch,BA,business analyst,3,114,199
ch-5855235962,20260907,ch,BA,business analyst,3,113,199
ch-5855316718,20260907,ch,BA,business analyst,3,112,199
ch-5855319525,20260907,ch,BA,business analyst,3,111,199
ch-5856657239,20260907,ch,BA,business analyst,3,110,199
ch-5856657614,20260907,ch,BA,business analyst,3,109,199
ch-5856657772,20260907,ch,BA,business analyst,3,108,199
ch-5856658307,20260907,ch,BA,business analyst,3,107,199
ch-5856658308,20260907,ch,BA,business analyst,3,106,199
ch-5856658308,20260907,ch,DA,data analyst,1,20,30
ch-5856658925,20260907,ch,BA,business analyst,3,105,199
ch-5856659968,20260907,ch,BA,business analyst,3,104,199
ch-5856741570,20260907,ch,BA,business analyst,3,103,199
ch-5856741699,20260907,ch,BA,business analyst,3,102,199
ch-5856742226,20260907,ch,BA,business analyst,3,101,199
ch-5858108261,20260907,ch,BA,business analyst,2,100,199
ch-5858108492,20260907,ch,BA,business analyst,2,99,199
ch-5858108772,20260907,ch,BA,business analyst,2,98,199
ch-5858109433,20260907,ch,BA,business analyst,2,97,199
ch-5858109692,20260907,ch,BA,business analyst,2,96,199
ch-5858191100,20260907,ch,BA,business analyst,2,95,199
ch-5858191337,20260907,ch,BA,business analyst,2,94,199
ch-5858191352,20260907,ch,DA,data analyst,1,19,30
ch-5858200279,20260907,ch,BA,business analyst,2,93,199
ch-5858655034,20260907,ch,BA,business analyst,2,91,199
ch-5858655034,20260907,ch,DA,data analyst,1,17,30
ch-5858655041,20260907,ch,BA,business analyst,2,92,199
ch-5858655041,20260907,ch,DA,data analyst,1,18,30
ch-5858699531,20260907,ch,DA,data analyst,1,16,30
ch-5858930041,20260907,ch,BA,business analyst,2,90,199
ch-5858930499,20260907,ch,DA,data analyst,1,15,30
ch-5858930900,20260907,ch,BA,business analyst,2,89,199
ch-5858930900,20260907,ch,DA,data analyst,1,14,30
ch-5858931856,20260907,ch,BA,business analyst,2,88,199
ch-5859562226,20260907,ch,BA,business analyst,2,87,199
ch-5859562509,20260907,ch,BA,business analyst,2,86,199
ch-5859623248,20260907,ch,BA,business analyst,2,85,199
ch-5859625118,20260907,ch,BA,business analyst,2,84,199
ch-5859625414,20260907,ch,BA,business analyst,2,83,199
ch-5859625738,20260907,ch,BA,business analyst,2,82,199
ch-5860025567,20260907,ch,BA,business analyst,2,80,199
ch-5860025591,20260907,ch,BA,business analyst,2,81,199
ch-5860025604,20260907,ch,DA,data analyst,1,13,30
ch-5860952427,20260907,ch,BA,business analyst,2,79,199
ch-5860954532,20260907,ch,BA,business analyst,2,78,199
ch-5861035230,20260907,ch,BA,business analyst,2,77,199
ch-5861038915,20260907,ch,DA,data analyst,1,12,30
ch-5861621342,20260907,ch,BA,business analyst,2,76,199
ch-5862084044,20260907,ch,BA,business analyst,2,75,199
ch-5862206206,20260907,ch,BA,business analyst,2,74,199
ch-5862206270,20260907,ch,DA,data analyst,1,11,30
ch-5862206634,20260907,ch,BA,business analyst,2,73,199
ch-5862212824,20260907,ch,BI,BI analyst,1,3,3
ch-5862212824,20260907,ch,BA,business analyst,2,72,199
ch-5862876803,20260907,ch,BA,business analyst,2,71,199
ch-5862909113,20260907,ch,BA,business analyst,2,70,199
ch-5862911922,20260907,ch,BA,business analyst,2,69,199
ch-5862915600,20260907,ch,BA,business analyst,2,68,199
ch-5863094617,20260907,ch,DA,data analyst,1,10,30
ch-5863591272,20260907,ch,BA,business analyst,2,67,199
ch-5864095581,20260907,ch,BA,business analyst,2,66,199
ch-5864313658,20260907,ch,BA,business analyst,2,65,199
ch-5864317496,20260907,ch,BA,business analyst,2,64,199
ch-5864318861,20260907,ch,DA,data analyst,1,9,30
ch-5864319035,20260907,ch,BA,business analyst,2,63,199
ch-5864521373,20260907,ch,BA,business analyst,2,62,199
ch-5865208172,20260907,ch,BA,business analyst,2,61,199
ch-5865238768,20260907,ch,BA,business analyst,2,60,199
ch-5866723075,20260907,ch,BA,business analyst,2,59,199
ch-5866773861,20260907,ch,BA,business analyst,2,58,199
ch-5866881818,20260907,ch,BA,business analyst,2,57,199
ch-5866883860,20260907,ch,BA,business analyst,2,56,199
ch-5866885100,20260907,ch,BA,business analyst,2,55,199
ch-5866891317,20260907,ch,DA,data analyst,1,8,30
ch-5866893383,20260907,ch,BA,business analyst,2,54,199
ch-5867052084,20260907,ch,BA,business analyst,2,53,199
ch-5867052309,20260907,ch,BA,business analyst,2,52,199
ch-5867053397,20260907,ch,BA,business analyst,2,51,199
ch-5867073213,20260907,ch,BA,business analyst,1,50,199
ch-5867074233,20260907,ch,BA,business analyst,1,49,199
ch-5867075609,20260907,ch,BA,business analyst,1,48,199
ch-5867084032,20260907,ch,BA,business analyst,1,47,199
ch-5867085074,20260907,ch,BA,business analyst,1,46,199
ch-5867624725,20260907,ch,BA,business analyst,1,45,199
ch-5868666197,20260907,ch,BA,business analyst,1,44,199
ch-5868666937,20260907,ch,BA,business analyst,1,43,199
ch-5868667867,20260907,ch,BA,business analyst,1,42,199
ch-5868668405,20260907,ch,BA,business analyst,1,41,199
ch-5868668610,20260907,ch,BA,business analyst,1,40,199
ch-5868880783,20260907,ch,BI,BI analyst,1,2,3
ch-5868880783,20260907,ch,BA,business analyst,1,39,199
ch-5868880944,20260907,ch,DA,data analyst,1,7,30
ch-5868882186,20260907,ch,BA,business analyst,1,38,199
ch-5868886922,20260907,ch,BA,business analyst,1,37,199
ch-5868887400,20260907,ch,BA,business analyst,1,36,199
ch-5868888097,20260907,ch,BA,business analyst,1,35,199
ch-5869532600,20260907,ch,BA,business analyst,1,34,199
ch-5870421670,20260907,ch,BA,business analyst,1,33,199
ch-5870422551,20260907,ch,BA,business analyst,1,32,199
ch-5870422848,20260907,ch,BA,business analyst,1,31,199
ch-5870423336,20260907,ch,BA,business analyst,1,30,199
ch-5870423531,20260907,ch,BA,business analyst,1,29,199
ch-5870580469,20260907,ch,BA,business analyst,1,28,199
ch-5870580585,20260907,ch,BA,business analyst,1,27,199
ch-5870587128,20260907,ch,BA,business analyst,1,26,199
ch-5870588150,20260907,ch,BA,business analyst,1,25,199
ch-5870590169,20260907,ch,BA,business analyst,1,24,199
ch-5870590503,20260907,ch,BA,business analyst,1,23,199
ch-5870592926,20260907,ch,DA,data analyst,1,6,30
ch-5870595201,20260907,ch,BA,business analyst,1,22,199
ch-5870597130,20260907,ch,BA,business analyst,1,21,199
ch-5870597583,20260907,ch,BA,business analyst,1,20,199
ch-5870599269,20260907,ch,BA,business analyst,1,19,199
ch-5871134674,20260907,ch,BA,business analyst,1,18,199
ch-5871135120,20260907,ch,BA,business analyst,1,17,199
ch-5871135198,20260907,ch,BA,business analyst,1,16,199
ch-5871135545,20260907,ch,BA,business analyst,1,15,199
ch-5871764575,20260907,ch,BA,business analyst,1,14,199
ch-5871764843,20260907,ch,BA,business analyst,1,13,199
ch-5871765319,20260907,ch,BA,business analyst,1,12,199
ch-5871765321,20260907,ch,BA,business analyst,1,11,199
ch-5871765334,20260907,ch,BA,business analyst,1,10,199
ch-5871765710,20260907,ch,BA,business analyst,1,9,199
ch-5871765764,20260907,ch,BA,business analyst,1,8,199
ch-5871766315,20260907,ch,BA,business analyst,1,7,199
ch-5871766533,20260907,ch,BA,business analyst,1,6,199
ch-5871969399,20260907,ch,DA,data analyst,1,5,30
ch-5871981354,20260907,ch,BA,business analyst,1,5,199
ch-5871981944,20260907,ch,BA,business analyst,1,4,199
ch-5871982189,20260907,ch,BA,business analyst,1,3,199
ch-5872314605,20260907,ch,BA,business analyst,1,2,199
ch-5872391554,20260907,ch,DA,data analyst,1,4,30
ch-5872391566,20260907,ch,DA,data analyst,1,3,30
ch-5873050759,20260907,ch,BA,business analyst,1,1,199
ch-5873050759,20260907,ch,DA,data analyst,1,2,30
ch-5873053165,20260907,ch,DA,data analyst,1,1,30
ch-5873437167,20260907,ch,BI,BI analyst,1,1,3
de-5330215394,20260907,de,BI,BI analyst,1,22,22
de-5479764604,20260907,de,BI,BI analyst,1,21,22
de-5485143529,20260907,de,DA,datenanalyst,1,34,34
de-5576705961,20260907,de,DA,datenanalyst,1,33,34
de-5622127807,20260907,de,DA,datenanalyst,1,32,34
de-5632671837,20260907,de,DA,datenanalyst,1,31,34
de-5727102241,20260907,de,BI,business intelligence analyst,1,11,11
de-5727297937,20260907,de,BI,BI analyst,1,20,22
de-5746660312,20260907,de,BI,business intelligence analyst,1,10,11
de-5751150763,20260907,de,BI,BI analyst,1,19,22
de-5760511308,20260907,de,DA,data analyst,5,250,300
de-5761817545,20260907,de,DA,data analyst,5,249,300
de-5762114133,20260907,de,DA,data analyst,5,248,300
de-5762859564,20260907,de,DA,data analyst,5,247,300
de-5765089843,20260907,de,DA,data analyst,5,246,300
de-5766006398,20260907,de,DA,data analyst,5,245,300
de-5767220946,20260907,de,DA,data analyst,5,244,300
de-5767410711,20260907,de,DA,data analyst,5,243,300
de-5770486747,20260907,de,DA,data analyst,5,242,300
de-5771981727,20260907,de,DA,data analyst,5,241,300
de-5774396511,20260907,de,BI,BI analyst,1,18,22
de-5775234210,20260907,de,DA,data analyst,5,240,300
de-5780538507,20260907,de,DA,data analyst,5,239,300
de-5780558194,20260907,de,DA,data analyst,5,238,300
de-5780991585,20260907,de,DA,data analyst,5,237,300
de-5782547945,20260907,de,DA,data analyst,5,236,300
de-5784282088,20260907,de,DA,data analyst,5,235,300
de-5786675236,20260907,de,DA,data analyst,5,234,300
de-5786675237,20260907,de,DA,data analyst,5,233,300
de-5786679727,20260907,de,DA,data analyst,5,232,300
de-5787325956,20260907,de,DA,datenanalyst,1,30,34
de-5787618351,20260907,de,DA,data analyst,5,231,300
de-5788489663,20260907,de,DA,data analyst,5,230,300
de-5791613467,20260907,de,DA,data analyst,5,229,300
de-5793217303,20260907,de,DA,datenanalyst,1,29,34
de-5793393035,20260907,de,DA,data analyst,5,228,300
de-5794024968,20260907,de,DA,data analyst,5,227,300
de-5794789776,20260907,de,DA,data analyst,5,226,300
de-5794801891,20260907,de,DA,data analyst,5,225,300
de-5796235359,20260907,de,BI,BI analyst,1,17,22
de-5798313105,20260907,de,DA,data analyst,5,224,300
de-5799974240,20260907,de,DA,data analyst,5,223,300
de-5801823022,20260907,de,DA,data analyst,5,222,300
de-5802935348,20260907,de,DA,data analyst,5,220,300
de-5802935351,20260907,de,DA,data analyst,5,221,300
de-5802941272,20260907,de,DA,data analyst,5,219,300
de-5802961901,20260907,de,BI,BI analyst,1,16,22
de-5802963262,20260907,de,DA,data analyst,5,218,300
de-5802969084,20260907,de,DA,data analyst,5,217,300
de-5802971414,20260907,de,DA,data analyst,5,216,300
de-5802975615,20260907,de,DA,data analyst,5,215,300
de-5802980918,20260907,de,DA,data analyst,5,214,300
de-5802987103,20260907,de,DA,data analyst,5,213,300
de-5803454368,20260907,de,DA,data analyst,5,212,300
de-5803923930,20260907,de,DA,datenanalyst,1,28,34
de-5803943655,20260907,de,DA,data analyst,5,211,300
de-5804545971,20260907,de,DA,data analyst,5,210,300
de-5804553762,20260907,de,BI,BI analyst,1,15,22
de-5804554931,20260907,de,DA,data analyst,5,209,300
de-5805353472,20260907,de,DA,data analyst,5,208,300
de-5806175401,20260907,de,DA,data analyst,5,207,300
de-5808204469,20260907,de,DA,datenanalyst,1,27,34
de-5808554689,20260907,de,DA,data analyst,5,206,300
de-5809361546,20260907,de,DA,datenanalyst,1,26,34
de-5810334767,20260907,de,DA,datenanalyst,1,25,34
de-5810565879,20260907,de,DA,data analyst,5,205,300
de-5811155558,20260907,de,DA,data analyst,5,204,300
de-5811747254,20260907,de,DA,data analyst,5,203,300
de-5812407986,20260907,de,DA,data analyst,5,202,300
de-5812644167,20260907,de,DA,data analyst,5,201,300
de-5813675699,20260907,de,DA,data analyst,4,200,300
de-5816408358,20260907,de,DA,data analyst,4,199,300
de-5816415778,20260907,de,BI,BI analyst,1,14,22
de-5816491278,20260907,de,DA,datenanalyst,1,24,34
de-5821137355,20260907,de,DA,data analyst,4,198,300
de-5821322166,20260907,de,DA,data analyst,4,197,300
de-5825713005,20260907,de,DA,data analyst,4,196,300
de-5825713188,20260907,de,DA,data analyst,4,195,300
de-5825767190,20260907,de,DA,data analyst,4,194,300
de-5825806283,20260907,de,DA,data analyst,4,193,300
de-5827630039,20260907,de,DA,data analyst,4,192,300
de-5829292588,20260907,de,DA,data analyst,4,191,300
de-5830637305,20260907,de,BI,BI analyst,1,13,22
de-5830637305,20260907,de,DA,data analyst,4,190,300
de-5830749157,20260907,de,DA,data analyst,4,189,300
de-5831313567,20260907,de,DA,data analyst,4,188,300
de-5831968659,20260907,de,DA,data analyst,4,187,300
de-5832180650,20260907,de,DA,data analyst,4,186,300
de-5832194729,20260907,de,DA,data analyst,4,185,300
de-5833425418,20260907,de,DA,data analyst,4,184,300
de-5833425456,20260907,de,DA,data analyst,4,183,300
de-5833592056,20260907,de,DA,data analyst,4,182,300
de-5833598668,20260907,de,DA,data analyst,4,181,300
de-5833618547,20260907,de,DA,data analyst,4,180,300
de-5833647960,20260907,de,DA,data analyst,4,179,300
de-5833708491,20260907,de,DA,data analyst,4,178,300
de-5834385116,20260907,de,DA,data analyst,4,177,300
de-5834806004,20260907,de,BI,BI analyst,1,12,22
de-5834806004,20260907,de,DA,data analyst,4,176,300
de-5835180910,20260907,de,BI,BI analyst,1,11,22
de-5835234446,20260907,de,BI,BI analyst,1,10,22
de-5835493879,20260907,de,DA,datenanalyst,1,23,34
de-5835515492,20260907,de,BI,BI analyst,1,9,22
de-5835557994,20260907,de,BI,BI analyst,1,8,22
de-5835557994,20260907,de,DA,data analyst,4,175,300
de-5835783804,20260907,de,DA,data analyst,4,174,300
de-5835794982,20260907,de,DA,data analyst,4,173,300
de-5835856791,20260907,de,BI,BI analyst,1,7,22
de-5838216392,20260907,de,DA,data analyst,4,172,300
de-5838375932,20260907,de,DA,data analyst,4,171,300
de-5838745256,20260907,de,DA,data analyst,4,170,300
de-5840262921,20260907,de,DA,data analyst,4,169,300
de-5840355044,20260907,de,DA,data analyst,4,168,300
de-5840508797,20260907,de,DA,data analyst,4,167,300
de-5841890799,20260907,de,DA,data analyst,4,166,300
de-5841997634,20260907,de,DA,data analyst,4,165,300
de-5842039733,20260907,de,DA,data analyst,4,164,300
de-5842047732,20260907,de,DA,data analyst,4,163,300
de-5842069766,20260907,de,DA,data analyst,4,162,300
de-5842729684,20260907,de,DA,data analyst,4,161,300
de-5843240583,20260907,de,DA,data analyst,4,160,300
de-5843300954,20260907,de,DA,data analyst,4,159,300
de-5844198313,20260907,de,BI,BI analyst,1,6,22
de-5844372604,20260907,de,DA,data analyst,4,158,300
de-5845778274,20260907,de,DA,data analyst,4,157,300
de-5845897971,20260907,de,DA,data analyst,4,156,300
de-5847068515,20260907,de,DA,data analyst,4,155,300
de-5847435609,20260907,de,DA,datenanalyst,1,22,34
de-5847626132,20260907,de,DA,data analyst,4,154,300
de-5847687462,20260907,de,DA,data analyst,4,153,300
de-5847722529,20260907,de,DA,data analyst,4,152,300
de-5848032631,20260907,de,DA,data analyst,4,151,300
de-5848115620,20260907,de,BI,BI analyst,1,5,22
de-5848115620,20260907,de,DA,data analyst,3,150,300
de-5848128975,20260907,de,DA,data analyst,3,149,300
de-5848232080,20260907,de,DA,data analyst,3,148,300
de-5848496731,20260907,de,DA,data analyst,3,147,300
de-5848533692,20260907,de,DA,data analyst,3,146,300
de-5848586738,20260907,de,DA,data analyst,3,145,300
de-5849082736,20260907,de,DA,datenanalyst,1,21,34
de-5849183765,20260907,de,DA,data analyst,3,144,300
de-5849184095,20260907,de,DA,data analyst,3,143,300
de-5849251398,20260907,de,DA,data analyst,3,142,300
de-5849315005,20260907,de,DA,data analyst,3,141,300
de-5849325391,20260907,de,DA,data analyst,3,140,300
de-5849585787,20260907,de,DA,data analyst,3,139,300
de-5849585790,20260907,de,DA,data analyst,3,138,300
de-5849769507,20260907,de,DA,data analyst,3,137,300
de-5849808301,20260907,de,DA,data analyst,3,136,300
de-5850001762,20260907,de,DA,data analyst,3,135,300
de-5850159030,20260907,de,DA,data analyst,3,134,300
de-5850165033,20260907,de,DA,data analyst,3,133,300
de-5850417363,20260907,de,DA,data analyst,3,132,300
de-5850731785,20260907,de,DA,data analyst,3,131,300
de-5851307364,20260907,de,DA,data analyst,3,130,300
de-5851313135,20260907,de,DA,data analyst,3,129,300
de-5851326698,20260907,de,DA,data analyst,3,128,300
de-5851345939,20260907,de,DA,datenanalyst,1,20,34
de-5851395837,20260907,de,DA,data analyst,3,127,300
de-5852181999,20260907,de,DA,data analyst,3,126,300
de-5852480853,20260907,de,DA,data analyst,3,125,300
de-5852577992,20260907,de,DA,data analyst,3,124,300
de-5852710200,20260907,de,DA,datenanalyst,1,19,34
de-5853561751,20260907,de,DA,datenanalyst,1,18,34
de-5853565462,20260907,de,DA,data analyst,3,123,300
de-5853565462,20260907,de,DA,datenanalyst,1,17,34
de-5853722616,20260907,de,DA,data analyst,3,122,300
de-5854367551,20260907,de,DA,data analyst,3,121,300
de-5854367552,20260907,de,DA,data analyst,3,120,300
de-5854422641,20260907,de,DA,data analyst,3,119,300
de-5854692629,20260907,de,DA,data analyst,3,118,300
de-5854821554,20260907,de,DA,data analyst,3,117,300
de-5855327520,20260907,de,DA,data analyst,3,116,300
de-5855434419,20260907,de,DA,data analyst,3,115,300
de-5855591218,20260907,de,BI,business intelligence analyst,1,9,11
de-5855591218,20260907,de,DA,data analyst,3,114,300
de-5855599314,20260907,de,DA,data analyst,3,113,300
de-5856084517,20260907,de,DA,data analyst,3,112,300
de-5856263806,20260907,de,DA,datenanalyst,1,16,34
de-5856263876,20260907,de,BI,BI analyst,1,4,22
de-5856263876,20260907,de,DA,data analyst,3,111,300
de-5856676532,20260907,de,DA,data analyst,3,110,300
de-5856974440,20260907,de,DA,data analyst,3,109,300
de-5857113284,20260907,de,DA,data analyst,3,108,300
de-5857315270,20260907,de,DA,data analyst,3,107,300
de-5857319234,20260907,de,DA,data analyst,3,106,300
de-5857626297,20260907,de,DA,data analyst,3,105,300
de-5857805575,20260907,de,DA,data analyst,3,104,300
de-5857993681,20260907,de,DA,data analyst,3,103,300
de-5858169364,20260907,de,DA,data analyst,3,102,300
de-5858186004,20260907,de,DA,data analyst,3,101,300
de-5858230960,20260907,de,DA,data analyst,2,100,300
de-5858237375,20260907,de,DA,data analyst,2,99,300
de-5858241214,20260907,de,DA,data analyst,2,88,300
de-5858241215,20260907,de,DA,data analyst,2,95,300
de-5858241216,20260907,de,DA,data analyst,2,93,300
de-5858241217,20260907,de,DA,data analyst,2,96,300
de-5858241220,20260907,de,DA,data analyst,2,91,300
de-5858241222,20260907,de,DA,data analyst,2,94,300
de-5858241224,20260907,de,DA,data analyst,2,98,300
de-5858241225,20260907,de,DA,data analyst,2,89,300
de-5858241230,20260907,de,DA,data analyst,2,97,300
de-5858241232,20260907,de,DA,data analyst,2,90,300
de-5858241233,20260907,de,DA,data analyst,2,92,300
de-5858241234,20260907,de,DA,data analyst,2,80,300
de-5858241235,20260907,de,DA,data analyst,2,83,300
de-5858241236,20260907,de,DA,data analyst,2,82,300
de-5858241237,20260907,de,DA,data analyst,2,81,300
de-5858241238,20260907,de,DA,data analyst,2,87,300
de-5858241239,20260907,de,DA,data analyst,2,85,300
de-5858241240,20260907,de,DA,data analyst,2,84,300
de-5858241241,20260907,de,DA,data analyst,2,79,300
de-5858241243,20260907,de,DA,data analyst,2,78,300
de-5858241244,20260907,de,DA,data analyst,2,77,300
de-5858241247,20260907,de,DA,data analyst,2,86,300
de-5858242933,20260907,de,BI,business intelligence analyst,1,8,11
de-5858265769,20260907,de,DA,data analyst,2,76,300
de-5858329815,20260907,de,DA,data analyst,2,75,300
de-5858487962,20260907,de,DA,datenanalyst,1,15,34
de-5858577600,20260907,de,BI,business intelligence analyst,1,7,11
de-5858577600,20260907,de,DA,data analyst,2,74,300
de-5858661082,20260907,de,DA,data analyst,2,73,300
de-5858728979,20260907,de,DA,data analyst,2,72,300
de-5858838387,20260907,de,DA,data analyst,2,71,300
de-5858907192,20260907,de,BI,business intelligence analyst,1,6,11
de-5858907192,20260907,de,DA,data analyst,2,70,300
de-5859138453,20260907,de,DA,data analyst,2,69,300
de-5859138618,20260907,de,DA,data analyst,2,68,300
de-5859165714,20260907,de,DA,data analyst,2,67,300
de-5859654609,20260907,de,DA,data analyst,2,65,300
de-5859654610,20260907,de,DA,data analyst,2,66,300
de-5859654611,20260907,de,DA,data analyst,2,64,300
de-5859871991,20260907,de,DA,data analyst,2,63,300
de-5859890717,20260907,de,DA,data analyst,2,62,300
de-5859891409,20260907,de,DA,data analyst,2,61,300
de-5860576256,20260907,de,DA,data analyst,2,60,300
de-5860672349,20260907,de,DA,data analyst,2,59,300
de-5860798575,20260907,de,DA,data analyst,2,58,300
de-5861202126,20260907,de,DA,data analyst,2,57,300
de-5861225956,20260907,de,DA,datenanalyst,1,14,34
de-5861314826,20260907,de,DA,data analyst,2,56,300
de-5862103183,20260907,de,DA,data analyst,2,55,300
de-5862118873,20260907,de,DA,data analyst,2,54,300
de-5862125839,20260907,de,DA,datenanalyst,1,13,34
de-5863094623,20260907,de,DA,data analyst,2,53,300
de-5863612058,20260907,de,DA,data analyst,2,52,300
de-5863811463,20260907,de,DA,data analyst,2,51,300
de-5864048150,20260907,de,DA,data analyst,1,48,300
de-5864048151,20260907,de,DA,data analyst,1,50,300
de-5864048154,20260907,de,DA,data analyst,1,49,300
de-5864593761,20260907,de,DA,data analyst,1,47,300
de-5864751829,20260907,de,DA,data analyst,1,46,300
de-5864752337,20260907,de,DA,data analyst,1,45,300
de-5864798580,20260907,de,BA,business analyst,5,250,939
de-5864807023,20260907,de,BA,business analyst,5,249,939
de-5865026942,20260907,de,BA,business analyst,5,248,939
de-5865037184,20260907,de,BA,business analyst,5,247,939
de-5865131385,20260907,de,BA,business analyst,5,246,939
de-5865131791,20260907,de,BA,business analyst,5,245,939
de-5865131899,20260907,de,BA,business analyst,5,244,939
de-5865132455,20260907,de,DA,data analyst,1,44,300
de-5865133388,20260907,de,DA,data analyst,1,43,300
de-5865134979,20260907,de,BA,business analyst,5,243,939
de-5865136526,20260907,de,BA,business analyst,5,242,939
de-5865242906,20260907,de,BA,business analyst,5,241,939
de-5865808146,20260907,de,BA,business analyst,5,240,939
de-5865808878,20260907,de,BA,business analyst,5,239,939
de-5865994095,20260907,de,BA,business analyst,5,238,939
de-5866020234,20260907,de,BA,business analyst,5,237,939
de-5866120252,20260907,de,BA,business analyst,5,236,939
de-5866229420,20260907,de,BA,business analyst,5,235,939
de-5866285263,20260907,de,BA,business analyst,5,234,939
de-5866316307,20260907,de,BA,business analyst,5,233,939
de-5866320361,20260907,de,BA,business analyst,5,232,939
de-5866572896,20260907,de,BA,business analyst,5,231,939
de-5866676670,20260907,de,BA,business analyst,5,230,939
de-5866676672,20260907,de,BA,business analyst,5,229,939
de-5866676779,20260907,de,BA,business analyst,5,227,939
de-5866676782,20260907,de,BA,business analyst,5,228,939
de-5866676789,20260907,de,BA,business analyst,5,226,939
de-5866676790,20260907,de,BA,business analyst,5,224,939
de-5866676792,20260907,de,BA,business analyst,5,225,939
de-5866676799,20260907,de,BA,business analyst,5,222,939
de-5866676803,20260907,de,BA,business analyst,5,223,939
de-5866676853,20260907,de,BA,business analyst,5,221,939
de-5866676876,20260907,de,BA,business analyst,5,220,939
de-5866677108,20260907,de,BA,business analyst,5,219,939
de-5866677158,20260907,de,BA,business analyst,5,218,939
de-5866919183,20260907,de,BA,business analyst,5,217,939
de-5866919499,20260907,de,BA,business analyst,5,216,939
de-5866943465,20260907,de,BA,business analyst,5,215,939
de-5867004154,20260907,de,DA,data analyst,1,42,300
de-5867040194,20260907,de,BA,business analyst,5,214,939
de-5867067715,20260907,de,BA,business analyst,5,213,939
de-5867100794,20260907,de,BA,business analyst,5,212,939
de-5867100988,20260907,de,BA,business analyst,5,211,939
de-5867128805,20260907,de,DA,data analyst,1,41,300
de-5867197926,20260907,de,BA,business analyst,5,210,939
de-5867197926,20260907,de,DA,data analyst,1,40,300
de-5867219861,20260907,de,BA,business analyst,5,209,939
de-5867225687,20260907,de,BA,business analyst,5,208,939
de-5867235006,20260907,de,BA,business analyst,5,207,939
de-5867251090,20260907,de,BA,business analyst,5,206,939
de-5867259205,20260907,de,BA,business analyst,5,205,939
de-5867276716,20260907,de,DA,data analyst,1,39,300
de-5867307429,20260907,de,DA,data analyst,1,38,300
de-5867424176,20260907,de,BA,business analyst,5,204,939
de-5867425265,20260907,de,BA,business analyst,5,203,939
de-5867425839,20260907,de,BA,business analyst,5,202,939
de-5867425839,20260907,de,DA,data analyst,1,37,300
de-5867426501,20260907,de,BA,business analyst,5,201,939
de-5867429706,20260907,de,BA,business analyst,4,200,939
de-5867436476,20260907,de,BA,business analyst,4,199,939
de-5867625023,20260907,de,BA,business analyst,4,198,939
de-5867754936,20260907,de,BA,business analyst,4,197,939
de-5867799719,20260907,de,BA,business analyst,4,196,939
de-5868095631,20260907,de,BA,business analyst,4,195,939
de-5868096405,20260907,de,BA,business analyst,4,194,939
de-5868154580,20260907,de,BA,business analyst,4,193,939
de-5868154596,20260907,de,BI,BI analyst,1,3,22
de-5868154596,20260907,de,BA,business analyst,4,192,939
de-5868154596,20260907,de,DA,data analyst,1,36,300
de-5868157312,20260907,de,BA,business analyst,4,191,939
de-5868413877,20260907,de,BA,business analyst,4,190,939
de-5868413976,20260907,de,BA,business analyst,4,188,939
de-5868414016,20260907,de,BA,business analyst,4,189,939
de-5868414052,20260907,de,BA,business analyst,4,187,939
de-5868414177,20260907,de,BA,business analyst,4,185,939
de-5868414256,20260907,de,BA,business analyst,4,186,939
de-5868438277,20260907,de,BA,business analyst,4,184,939
de-5868439002,20260907,de,BA,business analyst,4,183,939
de-5868510508,20260907,de,BA,business analyst,4,181,939
de-5868510509,20260907,de,BA,business analyst,4,182,939
de-5868510515,20260907,de,BA,business analyst,4,180,939
de-5868510521,20260907,de,BA,business analyst,4,179,939
de-5868510591,20260907,de,BA,business analyst,4,178,939
de-5868510699,20260907,de,DA,data analyst,1,35,300
de-5868510978,20260907,de,BA,business analyst,4,176,939
de-5868510981,20260907,de,BA,business analyst,4,177,939
de-5868544356,20260907,de,DA,data analyst,1,34,300
de-5868544357,20260907,de,BA,business analyst,4,175,939
de-5868889250,20260907,de,BA,business analyst,4,174,939
de-5868892953,20260907,de,DA,data analyst,1,33,300
de-5869038599,20260907,de,BA,business analyst,4,173,939
de-5869038924,20260907,de,BA,business analyst,4,172,939
de-5869039336,20260907,de,BA,business analyst,4,171,939
de-5869065953,20260907,de,BA,business analyst,4,170,939
de-5869066507,20260907,de,DA,data analyst,1,32,300
de-5869069622,20260907,de,BA,business analyst,4,169,939
de-5869074477,20260907,de,BA,business analyst,4,168,939
de-5869074778,20260907,de,BA,business analyst,4,167,939
de-5869076623,20260907,de,BI,BI analyst,1,2,22
de-5869077840,20260907,de,BA,business analyst,4,166,939
de-5869097811,20260907,de,BA,business analyst,4,165,939
de-5869103021,20260907,de,BA,business analyst,4,164,939
de-5869106663,20260907,de,BA,business analyst,4,163,939
de-5869149600,20260907,de,DA,datenanalyst,1,12,34
de-5869154698,20260907,de,BA,business analyst,4,162,939
de-5869210764,20260907,de,BA,business analyst,4,161,939
de-5869212189,20260907,de,DA,data analyst,1,31,300
de-5869219989,20260907,de,BA,business analyst,4,160,939
de-5869221531,20260907,de,BA,business analyst,4,159,939
de-5869226460,20260907,de,BA,business analyst,4,158,939
de-5869245425,20260907,de,BA,business analyst,4,157,939
de-5869245425,20260907,de,BI,business intelligence analyst,1,5,11
de-5869253554,20260907,de,BA,business analyst,4,156,939
de-5869272970,20260907,de,BA,business analyst,4,155,939
de-5869282795,20260907,de,BA,business analyst,4,154,939
de-5869297065,20260907,de,BA,business analyst,4,153,939
de-5869321600,20260907,de,BA,business analyst,4,152,939
de-5869324328,20260907,de,BA,business analyst,4,151,939
de-5869328958,20260907,de,BA,business analyst,3,150,939
de-5869335341,20260907,de,BA,business analyst,3,149,939
de-5869350809,20260907,de,DA,datenanalyst,1,11,34
de-5869358608,20260907,de,BA,business analyst,3,148,939
de-5869384550,20260907,de,BA,business analyst,3,147,939
de-5869476112,20260907,de,BA,business analyst,3,146,939
de-5869477364,20260907,de,BA,business analyst,3,145,939
de-5869477484,20260907,de,BA,business analyst,3,144,939
de-5869478320,20260907,de,BA,business analyst,3,143,939
de-5869545707,20260907,de,BA,business analyst,3,142,939
de-5869551157,20260907,de,BA,business analyst,3,141,939
de-5869566040,20260907,de,BA,business analyst,3,140,939
de-5869665493,20260907,de,BA,business analyst,3,139,939
de-5869898325,20260907,de,BA,business analyst,3,138,939
de-5869898326,20260907,de,BA,business analyst,3,137,939
de-5869911785,20260907,de,BA,business analyst,3,136,939
de-5869911804,20260907,de,BA,business analyst,3,135,939
de-5869912761,20260907,de,BA,business analyst,3,134,939
de-5869925486,20260907,de,BA,business analyst,3,133,939
de-5869931289,20260907,de,DA,data analyst,1,30,300
de-5869940907,20260907,de,BA,business analyst,3,132,939
de-5869943105,20260907,de,DA,datenanalyst,1,10,34
de-5869948843,20260907,de,BA,business analyst,3,131,939
de-5869954836,20260907,de,DA,datenanalyst,1,9,34
de-5869977676,20260907,de,BA,business analyst,3,130,939
de-5870114373,20260907,de,BA,business analyst,3,129,939
de-5870114579,20260907,de,BA,business analyst,3,128,939
de-5870126336,20260907,de,BA,business analyst,3,127,939
de-5870222007,20260907,de,BA,business analyst,3,126,939
de-5870222049,20260907,de,BA,business analyst,3,125,939
de-5870222082,20260907,de,BA,business analyst,3,124,939
de-5870222099,20260907,de,BA,business analyst,3,122,939
de-5870222121,20260907,de,BA,business analyst,3,123,939
de-5870222306,20260907,de,BA,business analyst,3,115,939
de-5870222309,20260907,de,BA,business analyst,3,121,939
de-5870222311,20260907,de,BA,business analyst,3,116,939
de-5870222312,20260907,de,BA,business analyst,3,118,939
de-5870222313,20260907,de,BA,business analyst,3,117,939
de-5870222315,20260907,de,BA,business analyst,3,119,939
de-5870222316,20260907,de,BA,business analyst,3,120,939
de-5870222323,20260907,de,BA,business analyst,3,114,939
de-5870250836,20260907,de,BA,business analyst,3,113,939
de-5870460928,20260907,de,DA,data analyst,1,29,300
de-5870466679,20260907,de,BA,business analyst,3,112,939
de-5870557331,20260907,de,BA,business analyst,3,111,939
de-5870609930,20260907,de,BA,business analyst,3,110,939
de-5870610068,20260907,de,DA,data analyst,1,28,300
de-5870610138,20260907,de,BA,business analyst,3,109,939
de-5870636941,20260907,de,BA,business analyst,3,108,939
de-5870673286,20260907,de,BA,business analyst,3,107,939
de-5870692683,20260907,de,DA,data analyst,1,27,300
de-5870692683,20260907,de,DA,datenanalyst,1,8,34
de-5870692692,20260907,de,BA,business analyst,3,106,939
de-5870692904,20260907,de,DA,data analyst,1,26,300
de-5870695330,20260907,de,DA,data analyst,1,25,300
de-5870731845,20260907,de,BA,business analyst,3,105,939
de-5870732293,20260907,de,BA,business analyst,3,104,939
de-5870732293,20260907,de,BI,business intelligence analyst,1,4,11
de-5870733527,20260907,de,DA,datenanalyst,1,7,34
de-5870737057,20260907,de,BA,business analyst,3,103,939
de-5870740760,20260907,de,DA,data analyst,1,24,300
de-5870751059,20260907,de,BA,business analyst,3,102,939
de-5870755630,20260907,de,BA,business analyst,3,101,939
de-5870764188,20260907,de,DA,datenanalyst,1,6,34
de-5870766278,20260907,de,BA,business analyst,2,100,939
de-5870800132,20260907,de,BA,business analyst,2,99,939
de-5870800132,20260907,de,DA,data analyst,1,23,300
de-5870850264,20260907,de,DA,data analyst,1,22,300
de-5870917557,20260907,de,BA,business analyst,2,98,939
de-5870918317,20260907,de,BA,business analyst,2,97,939
de-5870918317,20260907,de,BI,business intelligence analyst,1,3,11
de-5870919212,20260907,de,BA,business analyst,2,95,939
de-5870919268,20260907,de,BA,business analyst,2,96,939
de-5871007388,20260907,de,BA,business analyst,2,94,939
de-5871008983,20260907,de,BA,business analyst,2,93,939
de-5871070053,20260907,de,DA,data analyst,1,21,300
de-5871120602,20260907,de,DA,data analyst,1,20,300
de-5871120602,20260907,de,DA,datenanalyst,1,5,34
de-5871128043,20260907,de,BA,business analyst,2,92,939
de-5871135186,20260907,de,BA,business analyst,2,91,939
de-5871265665,20260907,de,BA,business analyst,2,90,939
de-5871337708,20260907,de,DA,data analyst,1,19,300
de-5871367684,20260907,de,BA,business analyst,2,89,939
de-5871367727,20260907,de,BA,business analyst,2,88,939
de-5871368663,20260907,de,BA,business analyst,2,87,939
de-5871369791,20260907,de,BA,business analyst,2,86,939
de-5871371432,20260907,de,BA,business analyst,2,85,939
de-5871377422,20260907,de,BA,business analyst,2,84,939
de-5871377422,20260907,de,BI,business intelligence analyst,1,2,11
de-5871403440,20260907,de,BA,business analyst,2,83,939
de-5871405313,20260907,de,BA,business analyst,2,82,939
de-5871407493,20260907,de,DA,data analyst,1,18,300
de-5871419056,20260907,de,DA,datenanalyst,1,4,34
de-5871419093,20260907,de,BA,business analyst,2,81,939
de-5871419748,20260907,de,BA,business analyst,2,80,939
de-5871420857,20260907,de,DA,data analyst,1,17,300
de-5871426380,20260907,de,DA,data analyst,1,16,300
de-5871509571,20260907,de,BA,business analyst,2,79,939
de-5871768323,20260907,de,DA,data analyst,1,15,300
de-5871980875,20260907,de,DA,data analyst,1,14,300
de-5871980933,20260907,de,DA,data analyst,1,13,300
de-5871983352,20260907,de,BA,business analyst,2,78,939
de-5872103859,20260907,de,BA,business analyst,2,77,939
de-5872106832,20260907,de,BA,business analyst,2,76,939
de-5872119603,20260907,de,BA,business analyst,2,75,939
de-5872119603,20260907,de,BI,business intelligence analyst,1,1,11
de-5872128372,20260907,de,BA,business analyst,2,74,939
de-5872133269,20260907,de,BA,business analyst,2,73,939
de-5872133872,20260907,de,BA,business analyst,2,72,939
de-5872135025,20260907,de,BA,business analyst,2,71,939
de-5872141470,20260907,de,BA,business analyst,2,70,939
de-5872142852,20260907,de,BA,business analyst,2,69,939
de-5872145888,20260907,de,BA,business analyst,2,68,939
de-5872157565,20260907,de,BA,business analyst,2,67,939
de-5872158455,20260907,de,BA,business analyst,2,66,939
de-5872158617,20260907,de,BA,business analyst,2,65,939
de-5872158981,20260907,de,BA,business analyst,2,64,939
de-5872159873,20260907,de,BA,business analyst,2,63,939
de-5872189453,20260907,de,DA,data analyst,1,12,300
de-5872196310,20260907,de,DA,data analyst,1,11,300
de-5872254045,20260907,de,DA,data analyst,1,10,300
de-5872254097,20260907,de,BA,business analyst,2,62,939
de-5872671396,20260907,de,BA,business analyst,2,61,939
de-5872711289,20260907,de,BA,business analyst,2,60,939
de-5872717074,20260907,de,BA,business analyst,2,59,939
de-5872718161,20260907,de,BA,business analyst,2,58,939
de-5872719432,20260907,de,DA,data analyst,1,9,300
de-5872836336,20260907,de,BA,business analyst,2,57,939
de-5872868991,20260907,de,BA,business analyst,2,55,939
de-5872869000,20260907,de,BA,business analyst,2,54,939
de-5872869002,20260907,de,BA,business analyst,2,52,939
de-5872869003,20260907,de,BA,business analyst,1,50,939
de-5872869023,20260907,de,BA,business analyst,2,56,939
de-5872869036,20260907,de,BA,business analyst,2,51,939
de-5872869040,20260907,de,BA,business analyst,1,49,939
de-5872869043,20260907,de,BA,business analyst,2,53,939
de-5872869055,20260907,de,BA,business analyst,1,48,939
de-5872869059,20260907,de,BA,business analyst,1,46,939
de-5872869064,20260907,de,BA,business analyst,1,47,939
de-5872869306,20260907,de,BA,business analyst,1,43,939
de-5872869315,20260907,de,BA,business analyst,1,45,939
de-5872869319,20260907,de,BA,business analyst,1,44,939
de-5872869321,20260907,de,BA,business analyst,1,40,939
de-5872869322,20260907,de,DA,data analyst,1,8,300
de-5872869324,20260907,de,BA,business analyst,1,39,939
de-5872869325,20260907,de,BA,business analyst,1,41,939
de-5872869326,20260907,de,BA,business analyst,1,42,939
de-5872869345,20260907,de,BA,business analyst,1,38,939
de-5872869345,20260907,de,DA,data analyst,1,7,300
de-5872960651,20260907,de,DA,datenanalyst,1,3,34
de-5873064965,20260907,de,BA,business analyst,1,37,939
de-5873064966,20260907,de,BA,business analyst,1,36,939
de-5873064967,20260907,de,BA,business analyst,1,35,939
de-5873130381,20260907,de,BA,business analyst,1,34,939
de-5873208726,20260907,de,BA,business analyst,1,33,939
de-5873210002,20260907,de,BA,business analyst,1,32,939
de-5873210984,20260907,de,BA,business analyst,1,31,939
de-5873211412,20260907,de,BA,business analyst,1,30,939
de-5873216272,20260907,de,BA,business analyst,1,29,939
de-5873217757,20260907,de,BA,business analyst,1,28,939
de-5873219567,20260907,de,BI,BI analyst,1,1,22
de-5873222072,20260907,de,BA,business analyst,1,27,939
de-5873222072,20260907,de,DA,data analyst,1,6,300
de-5873223859,20260907,de,BA,business analyst,1,26,939
de-5873244023,20260907,de,DA,data analyst,1,5,300
de-5873247996,20260907,de,BA,business analyst,1,25,939
de-5873248958,20260907,de,BA,business analyst,1,24,939
de-5873452424,20260907,de,BA,business analyst,1,23,939
de-5873461204,20260907,de,BA,business analyst,1,22,939
de-5873477009,20260907,de,BA,business analyst,1,21,939
de-5873485399,20260907,de,BA,business analyst,1,19,939
de-5873485401,20260907,de,BA,business analyst,1,20,939
de-5873486977,20260907,de,BA,business analyst,1,18,939
de-5873489777,20260907,de,BA,business analyst,1,17,939
de-5873491808,20260907,de,BA,business analyst,1,16,939
de-5873507734,20260907,de,DA,data analyst,1,4,300
de-5873558278,20260907,de,BA,business analyst,1,15,939
de-5873634548,20260907,de,BA,business analyst,1,14,939
de-5873635208,20260907,de,BA,business analyst,1,13,939
de-5873635871,20260907,de,DA,datenanalyst,1,2,34
de-5873636172,20260907,de,DA,data analyst,1,3,300
de-5873685422,20260907,de,DA,datenanalyst,1,1,34
de-5873685670,20260907,de,BA,business analyst,1,12,939
de-5873687151,20260907,de,BA,business analyst,1,11,939
de-5873690658,20260907,de,DA,data analyst,1,2,300
de-5873690763,20260907,de,BA,business analyst,1,10,939
de-5873692898,20260907,de,BA,business analyst,1,9,939
de-5873693491,20260907,de,BA,business analyst,1,8,939
de-5873694052,20260907,de,DA,data analyst,1,1,300
de-5873774782,20260907,de,BA,business analyst,1,7,939
de-5873883186,20260907,de,BA,business analyst,1,6,939
de-5873890700,20260907,de,BA,business analyst,1,5,939
de-5873913366,20260907,de,BA,business analyst,1,4,939
de-5874059885,20260907,de,BA,business analyst,1,3,939
de-5874076520,20260907,de,BA,business analyst,1,2,939
de-5874107197,20260907,de,BA,business analyst,1,1,939
es-3913351514,20260907,es,BA,business analyst,4,174,174
es-4338872287,20260907,es,DA,analista de datos,1,31,31
es-4844318797,20260907,es,DA,analista de datos,1,30,31
es-5053523221,20260907,es,DA,data analyst,4,190,190
es-5062368554,20260907,es,DA,data analyst,4,189,190
es-5414439868,20260907,es,BA,business analyst,4,173,174
es-5443261819,20260907,es,DA,data analyst,4,188,190
es-5448239326,20260907,es,BA,business analyst,4,172,174
es-5454305538,20260907,es,DA,data analyst,4,187,190
es-5455470367,20260907,es,DA,data analyst,4,186,190
es-5475582558,20260907,es,BA,business analyst,4,171,174
es-5486939001,20260907,es,BI,BI analyst,1,13,13
es-5486939001,20260907,es,DA,data analyst,4,185,190
es-5488503517,20260907,es,BA,business analyst,4,170,174
es-5542436881,20260907,es,BA,business analyst,4,169,174
es-5549132895,20260907,es,DA,data analyst,4,184,190
es-5552905057,20260907,es,DA,data analyst,4,183,190
es-5556867176,20260907,es,DA,data analyst,4,182,190
es-5584479066,20260907,es,DA,data analyst,4,181,190
es-5584544401,20260907,es,DA,data analyst,4,180,190
es-5602338439,20260907,es,DA,data analyst,4,179,190
es-5605372024,20260907,es,BA,business analyst,4,168,174
es-5638566356,20260907,es,DA,analista de datos,1,29,31
es-5642703201,20260907,es,BA,business analyst,4,166,174
es-5642703202,20260907,es,BA,business analyst,4,167,174
es-5646338521,20260907,es,DA,data analyst,4,178,190
es-5660680567,20260907,es,DA,data analyst,4,177,190
es-5660680575,20260907,es,BA,business analyst,4,165,174
es-5661996002,20260907,es,BA,business analyst,4,164,174
es-5664289290,20260907,es,BA,business analyst,4,163,174
es-5668783933,20260907,es,DA,data analyst,4,176,190
es-5673565699,20260907,es,DA,data analyst,4,175,190
es-5673565897,20260907,es,DA,data analyst,4,174,190
es-5681713155,20260907,es,DA,data analyst,4,173,190
es-5683448359,20260907,es,DA,data analyst,4,172,190
es-5686363415,20260907,es,BA,business analyst,4,162,174
es-5687747590,20260907,es,DA,data analyst,4,171,190
es-5687946036,20260907,es,BA,business analyst,4,161,174
es-5687946036,20260907,es,BI,business intelligence analyst,1,4,4
es-5691444053,20260907,es,BI,analista BI,1,8,8
es-5693810934,20260907,es,BA,business analyst,4,160,174
es-5698322475,20260907,es,DA,data analyst,4,170,190
es-5698322731,20260907,es,BA,business analyst,4,159,174
es-5702619332,20260907,es,DA,data analyst,4,169,190
es-5705383100,20260907,es,BA,business analyst,4,158,174
es-5708767888,20260907,es,DA,data analyst,4,168,190
es-5713960479,20260907,es,DA,data analyst,4,167,190
es-5714273777,20260907,es,DA,data analyst,4,166,190
es-5716635479,20260907,es,BA,business analyst,4,157,174
es-5716635479,20260907,es,BI,business intelligence analyst,1,3,4
es-5716635479,20260907,es,DA,data analyst,4,165,190
es-5718777969,20260907,es,BA,business analyst,4,156,174
es-5718777969,20260907,es,DA,data analyst,4,164,190
es-5724647242,20260907,es,DA,data analyst,4,163,190
es-5724649232,20260907,es,DA,data analyst,4,162,190
es-5727385101,20260907,es,BA,analista de negocio,1,7,7
es-5727390046,20260907,es,BA,business analyst,4,155,174
es-5727681262,20260907,es,BI,BI analyst,1,12,13
es-5727681262,20260907,es,DA,data analyst,4,161,190
es-5727802231,20260907,es,DA,analista de datos,1,28,31
es-5728541860,20260907,es,BA,business analyst,4,154,174
es-5728543636,20260907,es,DA,data analyst,4,160,190
es-5729388183,20260907,es,DA,data analyst,4,159,190
es-5729388186,20260907,es,BA,business analyst,4,153,174
es-5729465317,20260907,es,DA,data analyst,4,158,190
es-5733359643,20260907,es,BA,business analyst,4,151,174
es-5733359703,20260907,es,BA,business analyst,4,152,174
es-5741905961,20260907,es,DA,data analyst,4,157,190
es-5742532966,20260907,es,BA,business analyst,3,150,174
es-5743996351,20260907,es,DA,data analyst,4,156,190
es-5745004276,20260907,es,DA,data analyst,4,155,190
es-5748434539,20260907,es,DA,data analyst,4,154,190
es-5749558087,20260907,es,DA,data analyst,4,153,190
es-5749589355,20260907,es,BI,analista BI,1,7,8
es-5751211477,20260907,es,DA,data analyst,4,152,190
es-5751245740,20260907,es,DA,data analyst,4,151,190
es-5752846256,20260907,es,DA,data analyst,3,150,190
es-5752881648,20260907,es,BA,business analyst,3,148,174
es-5752881656,20260907,es,BA,business analyst,3,149,174
es-5752881669,20260907,es,DA,analista de datos,1,27,31
es-5753696198,20260907,es,DA,data analyst,3,149,190
es-5755773975,20260907,es,BI,BI analyst,1,11,13
es-5756959457,20260907,es,BA,business analyst,3,147,174
es-5756959460,20260907,es,BA,business analyst,3,146,174
es-5757176860,20260907,es,BA,business analyst,3,145,174
es-5757435367,20260907,es,DA,data analyst,3,148,190
es-5757544454,20260907,es,DA,data analyst,3,147,190
es-5758393861,20260907,es,DA,analista de datos,1,26,31
es-5759182288,20260907,es,DA,data analyst,3,146,190
es-5759700087,20260907,es,BA,business analyst,3,144,174
es-5761078609,20260907,es,DA,data analyst,3,145,190
es-5761078622,20260907,es,BA,business analyst,3,143,174
es-5761853071,20260907,es,BA,business analyst,3,142,174
es-5763015185,20260907,es,BA,business analyst,3,141,174
es-5764608267,20260907,es,BA,business analyst,3,140,174
es-5768404746,20260907,es,DA,data analyst,3,144,190
es-5769095161,20260907,es,DA,analista de datos,1,25,31
es-5769095161,20260907,es,DA,data analyst,3,143,190
es-5769095240,20260907,es,BA,analista de negocio,1,6,7
es-5769205031,20260907,es,BA,business analyst,3,139,174
es-5770246172,20260907,es,BA,business analyst,3,138,174
es-5772801320,20260907,es,BA,business analyst,3,137,174
es-5772801320,20260907,es,DA,data analyst,3,142,190
es-5772822358,20260907,es,DA,data analyst,3,141,190
es-5772841708,20260907,es,DA,data analyst,3,140,190
es-5773204123,20260907,es,DA,data analyst,3,139,190
es-5775499094,20260907,es,BA,business analyst,3,136,174
es-5775801242,20260907,es,BA,business analyst,3,135,174
es-5775849278,20260907,es,BA,business analyst,3,134,174
es-5775903592,20260907,es,BA,business analyst,3,133,174
es-5777371432,20260907,es,BI,analista BI,1,6,8
es-5777371432,20260907,es,DA,analista de datos,1,24,31
es-5777371435,20260907,es,DA,analista de datos,1,23,31
es-5777371447,20260907,es,BA,business analyst,3,132,174
es-5777582600,20260907,es,DA,data analyst,3,138,190
es-5778317579,20260907,es,BA,business analyst,3,131,174
es-5779525202,20260907,es,DA,data analyst,3,137,190
es-5779525298,20260907,es,DA,analista de datos,1,22,31
es-5779542422,20260907,es,BA,business analyst,3,130,174
es-5781090243,20260907,es,DA,data analyst,3,136,190
es-5781890023,20260907,es,BI,BI analyst,1,10,13
es-5782656178,20260907,es,DA,data analyst,3,135,190
es-5784531003,20260907,es,DA,data analyst,3,134,190
es-5785454418,20260907,es,BA,business analyst,3,129,174
es-5787322539,20260907,es,DA,data analyst,3,133,190
es-5788548819,20260907,es,BA,business analyst,3,128,174
es-5788549885,20260907,es,BA,business analyst,3,127,174
es-5788550130,20260907,es,DA,data analyst,3,132,190
es-5788551290,20260907,es,BA,business analyst,3,126,174
es-5789442565,20260907,es,BA,business analyst,3,125,174
es-5790240184,20260907,es,DA,analista de datos,1,21,31
es-5790240230,20260907,es,BI,BI analyst,1,9,13
es-5790240230,20260907,es,BA,business analyst,3,124,174
es-5790664903,20260907,es,BA,business analyst,3,123,174
es-5790664925,20260907,es,BI,BI analyst,1,8,13
es-5790664925,20260907,es,DA,data analyst,3,131,190
es-5795133088,20260907,es,BA,business analyst,3,122,174
es-5795188847,20260907,es,BA,business analyst,3,121,174
es-5795188848,20260907,es,DA,data analyst,3,130,190
es-5795188858,20260907,es,DA,analista de datos,1,20,31
es-5795188874,20260907,es,BA,business analyst,3,120,174
es-5796275001,20260907,es,BA,business analyst,3,119,174
es-5796276181,20260907,es,DA,data analyst,3,129,190
es-5798345034,20260907,es,DA,data analyst,3,128,190
es-5798605394,20260907,es,DA,data analyst,3,127,190
es-5801923689,20260907,es,DA,data analyst,3,126,190
es-5801930193,20260907,es,DA,data analyst,3,125,190
es-5802304797,20260907,es,BA,business analyst,3,118,174
es-5802390840,20260907,es,DA,data analyst,3,124,190
es-5802409104,20260907,es,BI,BI analyst,1,7,13
es-5802409104,20260907,es,DA,data analyst,3,123,190
es-5804499903,20260907,es,BA,business analyst,3,116,174
es-5804499903,20260907,es,DA,data analyst,3,119,190
es-5804499904,20260907,es,DA,data analyst,3,121,190
es-5804499906,20260907,es,DA,data analyst,3,120,190
es-5804499911,20260907,es,BA,business analyst,3,117,174
es-5804499912,20260907,es,DA,data analyst,3,122,190
es-5804499919,20260907,es,DA,data analyst,3,118,190
es-5804499920,20260907,es,BA,business analyst,3,114,174
es-5804499921,20260907,es,BA,business analyst,3,115,174
es-5805218141,20260907,es,DA,data analyst,3,117,190
es-5805256753,20260907,es,DA,data analyst,3,116,190
es-5805466910,20260907,es,DA,data analyst,3,115,190
es-5805845515,20260907,es,BA,business analyst,3,113,174
es-5805845815,20260907,es,BA,business analyst,3,112,174
es-5805910251,20260907,es,DA,data analyst,3,114,190
es-5806611926,20260907,es,BA,business analyst,3,111,174
es-5806932448,20260907,es,BA,business analyst,3,110,174
es-5807567705,20260907,es,DA,analista de datos,1,19,31
es-5807567789,20260907,es,BA,business analyst,3,109,174
es-5807568221,20260907,es,BA,business analyst,3,108,174
es-5807568381,20260907,es,DA,data analyst,3,113,190
es-5808917016,20260907,es,DA,data analyst,3,112,190
es-5809366771,20260907,es,BA,business analyst,3,107,174
es-5811212058,20260907,es,BA,business analyst,3,106,174
es-5811218534,20260907,es,DA,data analyst,3,111,190
es-5811519298,20260907,es,DA,analista de datos,1,18,31
es-5811519595,20260907,es,DA,data analyst,3,110,190
es-5811523003,20260907,es,DA,data analyst,3,109,190
es-5811523768,20260907,es,BA,business analyst,3,105,174
es-5812739545,20260907,es,BA,business analyst,3,104,174
es-5812975128,20260907,es,BA,business analyst,3,103,174
es-5813471620,20260907,es,BA,business analyst,3,102,174
es-5813471622,20260907,es,BA,business analyst,3,101,174
es-5814612643,20260907,es,DA,data analyst,3,108,190
es-5814614706,20260907,es,DA,data analyst,3,107,190
es-5815003253,20260907,es,BA,business analyst,2,100,174
es-5815067896,20260907,es,DA,data analyst,3,106,190
es-5815897769,20260907,es,BA,business analyst,2,99,174
es-5815899015,20260907,es,DA,data analyst,3,105,190
es-5816882064,20260907,es,DA,data analyst,3,104,190
es-5816886466,20260907,es,DA,data analyst,3,103,190
es-5816887070,20260907,es,DA,data analyst,3,102,190
es-5816888575,20260907,es,DA,analista de datos,1,17,31
es-5816888575,20260907,es,BA,analista de negocio,1,5,7
es-5816889149,20260907,es,DA,data analyst,3,101,190
es-5817668350,20260907,es,DA,data analyst,2,100,190
es-5818054313,20260907,es,DA,analista de datos,1,16,31
es-5819155335,20260907,es,BA,business analyst,2,98,174
es-5819525301,20260907,es,BA,business analyst,2,97,174
es-5819735866,20260907,es,BA,business analyst,2,96,174
es-5820783942,20260907,es,DA,data analyst,2,99,190
es-5820880710,20260907,es,DA,data analyst,2,98,190
es-5821484196,20260907,es,BA,business analyst,2,95,174
es-5822105505,20260907,es,DA,analista de datos,1,15,31
es-5822105512,20260907,es,BA,business analyst,2,94,174
es-5822105517,20260907,es,DA,data analyst,2,97,190
es-5822105536,20260907,es,BI,analista BI,1,5,8
es-5822127039,20260907,es,BA,business analyst,2,93,174
es-5822127039,20260907,es,DA,data analyst,2,96,190
es-5822127739,20260907,es,DA,data analyst,2,95,190
es-5822582301,20260907,es,DA,data analyst,2,94,190
es-5823528096,20260907,es,BA,business analyst,2,92,174
es-5823530887,20260907,es,BA,business analyst,2,91,174
es-5825429896,20260907,es,BA,business analyst,2,90,174
es-5825429896,20260907,es,BI,business intelligence analyst,1,2,4
es-5826399292,20260907,es,DA,analista de datos,1,14,31
es-5826930088,20260907,es,BA,business analyst,2,89,174
es-5826930123,20260907,es,BA,business analyst,2,88,174
es-5827420415,20260907,es,BA,business analyst,2,87,174
es-5827484280,20260907,es,BA,analista de negocio,1,4,7
es-5827489363,20260907,es,BA,business analyst,2,86,174
es-5828841183,20260907,es,DA,data analyst,2,93,190
es-5828841240,20260907,es,DA,data analyst,2,92,190
es-5829212079,20260907,es,DA,data analyst,2,91,190
es-5830168260,20260907,es,BA,business analyst,2,85,174
es-5831007196,20260907,es,DA,data analyst,2,90,190
es-5831622577,20260907,es,BA,business analyst,2,84,174
es-5831622821,20260907,es,BA,business analyst,2,83,174
es-5831663786,20260907,es,DA,data analyst,2,87,190
es-5831663787,20260907,es,DA,data analyst,2,88,190
es-5831663790,20260907,es,DA,data analyst,2,89,190
es-5831663808,20260907,es,BA,analista de negocio,1,3,7
es-5831682141,20260907,es,BA,business analyst,2,82,174
es-5831947917,20260907,es,BI,BI analyst,1,6,13
es-5831947917,20260907,es,BA,business analyst,2,81,174
es-5831947917,20260907,es,DA,data analyst,2,86,190
es-5831947933,20260907,es,DA,data analyst,2,85,190
es-5832297089,20260907,es,DA,data analyst,2,84,190
es-5833078922,20260907,es,BA,business analyst,2,80,174
es-5833173127,20260907,es,BI,analista BI,1,4,8
es-5833175641,20260907,es,DA,data analyst,2,83,190
es-5833175918,20260907,es,DA,data analyst,2,82,190
es-5833180127,20260907,es,BA,business analyst,2,79,174
es-5833180196,20260907,es,DA,data analyst,2,81,190
es-5833183483,20260907,es,DA,data analyst,2,80,190
es-5834448734,20260907,es,BA,business analyst,2,78,174
es-5834449339,20260907,es,BA,business analyst,2,77,174
es-5834450385,20260907,es,BI,BI analyst,1,5,13
es-5834452055,20260907,es,DA,data analyst,2,79,190
es-5834452112,20260907,es,BA,analista de negocio,1,2,7
es-5835351026,20260907,es,BA,business analyst,2,76,174
es-5835351268,20260907,es,DA,data analyst,2,78,190
es-5835846461,20260907,es,BA,business analyst,2,75,174
es-5836460035,20260907,es,DA,data analyst,2,77,190
es-5836461020,20260907,es,DA,data analyst,2,76,190
es-5837896345,20260907,es,DA,data analyst,2,75,190
es-5838199216,20260907,es,BA,business analyst,2,74,174
es-5838725798,20260907,es,BA,business analyst,2,73,174
es-5839930698,20260907,es,BA,business analyst,2,72,174
es-5840002498,20260907,es,BA,business analyst,2,71,174
es-5840003172,20260907,es,DA,analista de datos,1,13,31
es-5840004496,20260907,es,BA,business analyst,2,70,174
es-5840008267,20260907,es,BA,business analyst,2,69,174
es-5840008880,20260907,es,DA,data analyst,2,74,190
es-5841410469,20260907,es,BA,business analyst,2,68,174
es-5841477025,20260907,es,DA,analista de datos,1,10,31
es-5841477028,20260907,es,DA,analista de datos,1,11,31
es-5841477029,20260907,es,DA,data analyst,2,73,190
es-5841477041,20260907,es,DA,analista de datos,1,12,31
es-5841481504,20260907,es,BA,business analyst,2,67,174
es-5841483165,20260907,es,BA,business analyst,2,66,174
es-5841483670,20260907,es,BA,business analyst,2,65,174
es-5842845523,20260907,es,DA,data analyst,2,72,190
es-5842845776,20260907,es,DA,data analyst,2,71,190
es-5842845804,20260907,es,DA,data analyst,2,70,190
es-5842846465,20260907,es,DA,data analyst,2,68,190
es-5842846466,20260907,es,DA,data analyst,2,69,190
es-5842846655,20260907,es,DA,data analyst,2,67,190
es-5844045073,20260907,es,DA,data analyst,2,66,190
es-5845483674,20260907,es,DA,data analyst,2,65,190
es-5845483714,20260907,es,BA,business analyst,2,64,174
es-5846288432,20260907,es,BA,business analyst,2,63,174
es-5846295281,20260907,es,BI,analista BI,1,3,8
es-5846566085,20260907,es,BA,business analyst,2,62,174
es-5846566085,20260907,es,DA,data analyst,2,64,190
es-5846769007,20260907,es,BA,business analyst,2,61,174
es-5847858891,20260907,es,BA,business analyst,2,60,174
es-5847858891,20260907,es,DA,data analyst,2,63,190
es-5848696994,20260907,es,BI,analista BI,1,2,8
es-5849310743,20260907,es,BA,business analyst,2,59,174
es-5849364519,20260907,es,BA,business analyst,2,58,174
es-5849618350,20260907,es,BA,business analyst,2,57,174
es-5849618350,20260907,es,DA,data analyst,2,62,190
es-5849713446,20260907,es,DA,data analyst,2,61,190
es-5850719036,20260907,es,BA,business analyst,2,56,174
es-5850719037,20260907,es,DA,analista de datos,1,8,31
es-5850719041,20260907,es,DA,analista de datos,1,9,31
es-5852180548,20260907,es,BA,business analyst,2,55,174
es-5852211253,20260907,es,DA,data analyst,2,60,190
es-5852212327,20260907,es,DA,data analyst,2,59,190
es-5853440777,20260907,es,DA,data analyst,2,58,190
es-5853440938,20260907,es,BA,business analyst,2,54,174
es-5853441347,20260907,es,DA,data analyst,2,57,190
es-5853441702,20260907,es,DA,data analyst,2,56,190
es-5854610741,20260907,es,BA,business analyst,2,53,174
es-5854612154,20260907,es,DA,data analyst,2,55,190
es-5855789317,20260907,es,BA,business analyst,2,52,174
es-5855789317,20260907,es,BI,business intelligence analyst,1,1,4
es-5855789317,20260907,es,DA,data analyst,2,54,190
es-5856423548,20260907,es,BI,BI analyst,1,4,13
es-5856423548,20260907,es,DA,data analyst,2,53,190
es-5856690559,20260907,es,DA,analista de datos,1,7,31
es-5857251291,20260907,es,BA,business analyst,2,51,174
es-5857251293,20260907,es,BA,business analyst,1,50,174
es-5857298502,20260907,es,DA,data analyst,2,52,190
es-5857315544,20260907,es,BA,business analyst,1,49,174
es-5858021855,20260907,es,BA,business analyst,1,48,174
es-5858022178,20260907,es,BA,business analyst,1,47,174
es-5858113036,20260907,es,BA,business analyst,1,46,174
es-5859470325,20260907,es,BI,analista BI,1,1,8
es-5859470325,20260907,es,DA,analista de datos,1,6,31
es-5859470328,20260907,es,BA,business analyst,1,45,174
es-5859470330,20260907,es,DA,analista de datos,1,5,31
es-5859486123,20260907,es,DA,data analyst,2,51,190
es-5860792312,20260907,es,DA,data analyst,1,50,190
es-5860793667,20260907,es,BA,business analyst,1,44,174
es-5860876076,20260907,es,BA,business analyst,1,43,174
es-5860876260,20260907,es,BA,business analyst,1,42,174
es-5860876510,20260907,es,BA,business analyst,1,41,174
es-5860876693,20260907,es,BA,business analyst,1,40,174
es-5860876702,20260907,es,BA,business analyst,1,39,174
es-5860876784,20260907,es,DA,data analyst,1,49,190
es-5860876791,20260907,es,DA,data analyst,1,48,190
es-5860877226,20260907,es,BA,business analyst,1,38,174
es-5861953952,20260907,es,DA,data analyst,1,47,190
es-5862004925,20260907,es,BA,business analyst,1,37,174
es-5862803275,20260907,es,DA,data analyst,1,46,190
es-5863094494,20260907,es,DA,data analyst,1,45,190
es-5863165497,20260907,es,BA,business analyst,1,36,174
es-5863165538,20260907,es,DA,data analyst,1,44,190
es-5863173131,20260907,es,BA,business analyst,1,35,174
es-5863174231,20260907,es,DA,data analyst,1,43,190
es-5864029874,20260907,es,BA,business analyst,1,33,174
es-5864029875,20260907,es,BA,business analyst,1,34,174
es-5865208293,20260907,es,BA,business analyst,1,32,174
es-5866597031,20260907,es,BA,business analyst,1,31,174
es-5866702428,20260907,es,BA,business analyst,1,30,174
es-5866704344,20260907,es,BA,business analyst,1,29,174
es-5866754797,20260907,es,DA,analista de datos,1,4,31
es-5867624531,20260907,es,BA,business analyst,1,28,174
es-5867624534,20260907,es,BA,business analyst,1,26,174
es-5867624537,20260907,es,BA,business analyst,1,27,174
es-5867624580,20260907,es,BA,business analyst,1,25,174
es-5868522660,20260907,es,DA,data analyst,1,42,190
es-5868522682,20260907,es,BA,business analyst,1,24,174
es-5868523115,20260907,es,DA,data analyst,1,41,190
es-5868523147,20260907,es,BA,business analyst,1,23,174
es-5868523535,20260907,es,DA,data analyst,1,40,190
es-5868523889,20260907,es,BA,business analyst,1,22,174
es-5868523893,20260907,es,DA,data analyst,1,39,190
es-5868545064,20260907,es,BA,business analyst,1,21,174
es-5869595514,20260907,es,DA,data analyst,1,38,190
es-5869620929,20260907,es,DA,data analyst,1,37,190
es-5869800024,20260907,es,DA,data analyst,1,36,190
es-5870124651,20260907,es,DA,data analyst,1,35,190
es-5870124759,20260907,es,BA,business analyst,1,20,174
es-5870227666,20260907,es,DA,analista de datos,1,3,31
es-5870227709,20260907,es,BA,business analyst,1,19,174
es-5870237059,20260907,es,DA,data analyst,1,34,190
es-5870237775,20260907,es,BA,analista de negocio,1,1,7
es-5870238152,20260907,es,BA,business analyst,1,18,174
es-5870238555,20260907,es,BA,business analyst,1,17,174
es-5870238555,20260907,es,DA,data analyst,1,33,190
es-5870238699,20260907,es,DA,data analyst,1,32,190
es-5870239214,20260907,es,DA,data analyst,1,31,190
es-5870239690,20260907,es,DA,data analyst,1,30,190
es-5870239815,20260907,es,BA,business analyst,1,16,174
es-5870528418,20260907,es,BI,BI analyst,1,3,13
es-5871053623,20260907,es,DA,data analyst,1,29,190
es-5871053764,20260907,es,DA,data analyst,1,28,190
es-5871053865,20260907,es,BA,business analyst,1,15,174
es-5871053922,20260907,es,DA,data analyst,1,26,190
es-5871053973,20260907,es,DA,data analyst,1,27,190
es-5871053976,20260907,es,DA,data analyst,1,25,190
es-5871054219,20260907,es,DA,data analyst,1,23,190
es-5871054262,20260907,es,DA,data analyst,1,24,190
es-5871535959,20260907,es,DA,data analyst,1,22,190
es-5871672539,20260907,es,BA,business analyst,1,14,174
es-5871678780,20260907,es,DA,data analyst,1,21,190
es-5871678935,20260907,es,DA,data analyst,1,20,190
es-5871919099,20260907,es,DA,data analyst,1,19,190
es-5872316798,20260907,es,BA,business analyst,1,13,174
es-5872316839,20260907,es,DA,analista de datos,1,2,31
es-5872317300,20260907,es,BI,BI analyst,1,2,13
es-5872317300,20260907,es,DA,data analyst,1,18,190
es-5872317439,20260907,es,BA,business analyst,1,12,174
es-5872317735,20260907,es,DA,data analyst,1,17,190
es-5872317766,20260907,es,BA,business analyst,1,11,174
es-5872318027,20260907,es,BA,business analyst,1,10,174
es-5872318131,20260907,es,DA,data analyst,1,16,190
es-5872319410,20260907,es,BA,business analyst,1,9,174
es-5872320006,20260907,es,BA,business analyst,1,8,174
es-5872321482,20260907,es,DA,data analyst,1,15,190
es-5872322152,20260907,es,DA,data analyst,1,14,190
es-5872323403,20260907,es,DA,data analyst,1,13,190
es-5872323534,20260907,es,DA,data analyst,1,12,190
es-5872324165,20260907,es,DA,data analyst,1,11,190
es-5872325027,20260907,es,BA,business analyst,1,7,174
es-5872326446,20260907,es,DA,data analyst,1,10,190
es-5872326617,20260907,es,DA,analista de datos,1,1,31
es-5872328673,20260907,es,BA,business analyst,1,6,174
es-5872877960,20260907,es,DA,data analyst,1,9,190
es-5872878044,20260907,es,DA,data analyst,1,8,190
es-5872878492,20260907,es,BA,business analyst,1,5,174
es-5872878705,20260907,es,BA,business analyst,1,4,174
es-5872878843,20260907,es,BI,BI analyst,1,1,13
es-5872878993,20260907,es,DA,data analyst,1,7,190
es-5873338785,20260907,es,DA,data analyst,1,6,190
es-5873338870,20260907,es,BA,business analyst,1,3,174
es-5873339847,20260907,es,DA,data analyst,1,5,190
es-5873340818,20260907,es,BA,business analyst,1,2,174
es-5873340998,20260907,es,DA,data analyst,1,4,190
es-5873570987,20260907,es,DA,data analyst,1,3,190
es-5873575633,20260907,es,BA,business analyst,1,1,174
es-5873887817,20260907,es,DA,data analyst,1,2,190
es-5873887913,20260907,es,DA,data analyst,1,1,190
gb-5210480123,20260907,gb,BI,BI analyst,1,36,36
gb-5663621960,20260907,gb,BI,business intelligence analyst,1,35,35
gb-5748978694,20260907,gb,BI,BI analyst,1,35,36
gb-5761909402,20260907,gb,BI,business intelligence analyst,1,34,35
gb-5780349070,20260907,gb,BI,business intelligence analyst,1,33,35
gb-5794840082,20260907,gb,BI,business intelligence analyst,1,32,35
gb-5795609519,20260907,gb,BI,BI analyst,1,34,36
gb-5795617519,20260907,gb,BI,BI analyst,1,33,36
gb-5802870387,20260907,gb,BI,BI analyst,1,32,36
gb-5810688125,20260907,gb,BI,business intelligence analyst,1,31,35
gb-5812625608,20260907,gb,BI,business intelligence analyst,1,30,35
gb-5814771693,20260907,gb,BI,BI analyst,1,31,36
gb-5816502339,20260907,gb,BI,business intelligence analyst,1,29,35
gb-5816506157,20260907,gb,BI,business intelligence analyst,1,28,35
gb-5827485642,20260907,gb,BI,BI analyst,1,30,36
gb-5828022787,20260907,gb,BI,BI analyst,1,29,36
gb-5828402671,20260907,gb,BI,BI analyst,1,28,36
gb-5829404077,20260907,gb,BI,business intelligence analyst,1,27,35
gb-5829818220,20260907,gb,BI,business intelligence analyst,1,26,35
gb-5835737479,20260907,gb,BI,business intelligence analyst,1,25,35
gb-5838730541,20260907,gb,BI,business intelligence analyst,1,24,35
gb-5839572817,20260907,gb,BI,business intelligence analyst,1,23,35
gb-5840649326,20260907,gb,BI,BI analyst,1,27,36
gb-5843072790,20260907,gb,BI,BI analyst,1,26,36
gb-5845658880,20260907,gb,BI,business intelligence analyst,1,22,35
gb-5846046384,20260907,gb,BI,BI analyst,1,25,36
gb-5847255298,20260907,gb,BI,BI analyst,1,24,36
gb-5851016025,20260907,gb,BI,business intelligence analyst,1,21,35
gb-5852576301,20260907,gb,BI,business intelligence analyst,1,20,35
gb-5854310824,20260907,gb,BI,BI analyst,1,23,36
gb-5854951538,20260907,gb,BI,business intelligence analyst,1,19,35
gb-5855328200,20260907,gb,BI,BI analyst,1,22,36
gb-5855373744,20260907,gb,BI,BI analyst,1,21,36
gb-5855373969,20260907,gb,BI,business intelligence analyst,1,18,35
gb-5855373983,20260907,gb,BI,BI analyst,1,20,36
gb-5855375864,20260907,gb,BI,BI analyst,1,19,36
gb-5855377743,20260907,gb,BI,BI analyst,1,18,36
gb-5855381953,20260907,gb,BI,BI analyst,1,17,36
gb-5855716317,20260907,gb,BI,BI analyst,1,16,36
gb-5857174948,20260907,gb,BI,business intelligence analyst,1,17,35
gb-5857216253,20260907,gb,BI,business intelligence analyst,1,16,35
gb-5857221137,20260907,gb,BI,BI analyst,1,14,36
gb-5857221143,20260907,gb,BI,BI analyst,1,15,36
gb-5858177274,20260907,gb,BI,BI analyst,1,13,36
gb-5858200065,20260907,gb,BI,BI analyst,1,12,36
gb-5858220107,20260907,gb,BI,BI analyst,1,11,36
gb-5858374336,20260907,gb,BI,business intelligence analyst,1,15,35
gb-5858377515,20260907,gb,BI,BI analyst,1,10,36
gb-5858404920,20260907,gb,BI,business intelligence analyst,1,14,35
gb-5858906124,20260907,gb,DA,data analyst,5,250,762
gb-5858907743,20260907,gb,DA,data analyst,5,249,762
gb-5859057516,20260907,gb,DA,data analyst,5,248,762
gb-5859060098,20260907,gb,DA,data analyst,5,247,762
gb-5859161524,20260907,gb,DA,data analyst,5,246,762
gb-5859492510,20260907,gb,DA,data analyst,5,245,762
gb-5859614908,20260907,gb,DA,data analyst,5,244,762
gb-5859619578,20260907,gb,DA,data analyst,5,243,762
gb-5859656397,20260907,gb,BI,BI analyst,1,9,36
gb-5859656830,20260907,gb,DA,data analyst,5,242,762
gb-5859757634,20260907,gb,DA,data analyst,5,241,762
gb-5859761219,20260907,gb,DA,data analyst,5,240,762
gb-5859761566,20260907,gb,DA,data analyst,5,239,762
gb-5859763673,20260907,gb,DA,data analyst,5,238,762
gb-5859769677,20260907,gb,DA,data analyst,5,237,762
gb-5859770298,20260907,gb,DA,data analyst,5,236,762
gb-5859795918,20260907,gb,DA,data analyst,5,234,762
gb-5859795949,20260907,gb,DA,data analyst,5,235,762
gb-5859809944,20260907,gb,DA,data analyst,5,233,762
gb-5859974794,20260907,gb,DA,data analyst,5,232,762
gb-5859990443,20260907,gb,DA,data analyst,5,231,762
gb-5859992488,20260907,gb,DA,data analyst,5,230,762
gb-5859992645,20260907,gb,DA,data analyst,5,229,762
gb-5859992676,20260907,gb,DA,data analyst,5,228,762
gb-5859994642,20260907,gb,DA,data analyst,5,226,762
gb-5859994646,20260907,gb,DA,data analyst,5,227,762
gb-5859994652,20260907,gb,DA,data analyst,5,225,762
gb-5859994674,20260907,gb,DA,data analyst,5,224,762
gb-5860066671,20260907,gb,DA,data analyst,5,223,762
gb-5860066687,20260907,gb,DA,data analyst,5,222,762
gb-5860751563,20260907,gb,DA,data analyst,5,221,762
gb-5861182353,20260907,gb,DA,data analyst,5,220,762
gb-5861222704,20260907,gb,DA,data analyst,5,219,762
gb-5861234016,20260907,gb,DA,data analyst,5,218,762
gb-5861242326,20260907,gb,DA,data analyst,5,217,762
gb-5861397280,20260907,gb,DA,data analyst,5,216,762
gb-5861428762,20260907,gb,DA,data analyst,5,215,762
gb-5861733142,20260907,gb,DA,data analyst,5,214,762
gb-5861761607,20260907,gb,DA,data analyst,5,213,762
gb-5861792243,20260907,gb,DA,data analyst,5,212,762
gb-5862276870,20260907,gb,DA,data analyst,5,211,762
gb-5862284826,20260907,gb,DA,data analyst,5,210,762
gb-5862688235,20260907,gb,DA,data analyst,5,209,762
gb-5862989176,20260907,gb,DA,data analyst,5,208,762
gb-5863109993,20260907,gb,DA,data analyst,5,207,762
gb-5863132806,20260907,gb,DA,data analyst,5,206,762
gb-5863586463,20260907,gb,DA,data analyst,5,205,762
gb-5864147983,20260907,gb,DA,data analyst,5,203,762
gb-5864147992,20260907,gb,DA,data analyst,5,204,762
gb-5864528709,20260907,gb,DA,data analyst,5,202,762
gb-5864590561,20260907,gb,DA,data analyst,5,201,762
gb-5864671247,20260907,gb,DA,data analyst,4,200,762
gb-5864677608,20260907,gb,DA,data analyst,4,199,762
gb-5864728782,20260907,gb,DA,data analyst,4,198,762
gb-5864792047,20260907,gb,DA,data analyst,4,197,762
gb-5864834295,20260907,gb,DA,data analyst,4,196,762
gb-5864882328,20260907,gb,DA,data analyst,4,195,762
gb-5864981083,20260907,gb,DA,data analyst,4,194,762
gb-5865162761,20260907,gb,DA,data analyst,4,193,762
gb-5865190428,20260907,gb,DA,data analyst,4,191,762
gb-5865190429,20260907,gb,DA,data analyst,4,187,762
gb-5865190431,20260907,gb,DA,data analyst,4,192,762
gb-5865190433,20260907,gb,DA,data analyst,4,188,762
gb-5865190456,20260907,gb,DA,data analyst,4,189,762
gb-5865190459,20260907,gb,DA,data analyst,4,190,762
gb-5865190460,20260907,gb,DA,data analyst,4,185,762
gb-5865190461,20260907,gb,DA,data analyst,4,186,762
gb-5865197791,20260907,gb,DA,data analyst,4,184,762
gb-5865259321,20260907,gb,DA,data analyst,4,183,762
gb-5865261664,20260907,gb,DA,data analyst,4,182,762
gb-5865265463,20260907,gb,DA,data analyst,4,181,762
gb-5865265469,20260907,gb,DA,data analyst,4,180,762
gb-5865265477,20260907,gb,DA,data analyst,4,179,762
gb-5865265496,20260907,gb,DA,data analyst,4,178,762
gb-5865265519,20260907,gb,DA,data analyst,4,177,762
gb-5865267720,20260907,gb,DA,data analyst,4,176,762
gb-5865267722,20260907,gb,DA,data analyst,4,175,762
gb-5865267724,20260907,gb,DA,data analyst,4,174,762
gb-5865269133,20260907,gb,DA,data analyst,4,173,762
gb-5865273205,20260907,gb,DA,data analyst,4,172,762
gb-5866532943,20260907,gb,DA,data analyst,4,171,762
gb-5866718600,20260907,gb,BI,business intelligence analyst,1,13,35
gb-5867043036,20260907,gb,DA,data analyst,4,170,762
gb-5867043418,20260907,gb,BA,business analyst,5,249,1268
gb-5867043419,20260907,gb,BA,business analyst,5,250,1268
gb-5867043427,20260907,gb,BA,business analyst,5,246,1268
gb-5867043431,20260907,gb,BA,business analyst,5,243,1268
gb-5867043433,20260907,gb,BA,business analyst,5,245,1268
gb-5867043435,20260907,gb,BA,business analyst,5,239,1268
gb-5867043437,20260907,gb,BA,business analyst,5,240,1268
gb-5867043441,20260907,gb,BA,business analyst,5,244,1268
gb-5867043446,20260907,gb,BA,business analyst,5,248,1268
gb-5867043449,20260907,gb,BA,business analyst,5,247,1268
gb-5867043450,20260907,gb,BA,business analyst,5,241,1268
gb-5867043452,20260907,gb,BA,business analyst,5,242,1268
gb-5867043462,20260907,gb,BA,business analyst,5,237,1268
gb-5867043466,20260907,gb,BA,business analyst,5,238,1268
gb-5867061975,20260907,gb,DA,data analyst,4,169,762
gb-5867110693,20260907,gb,BA,business analyst,5,236,1268
gb-5867151553,20260907,gb,BI,BI analyst,1,8,36
gb-5867151553,20260907,gb,DA,data analyst,4,168,762
gb-5867187726,20260907,gb,DA,data analyst,4,167,762
gb-5867187859,20260907,gb,DA,data analyst,4,166,762
gb-5867188589,20260907,gb,DA,data analyst,4,165,762
gb-5867228167,20260907,gb,BA,business analyst,5,235,1268
gb-5867228952,20260907,gb,BA,business analyst,5,234,1268
gb-5867235621,20260907,gb,DA,data analyst,4,164,762
gb-5867236624,20260907,gb,DA,data analyst,4,163,762
gb-5867237314,20260907,gb,DA,data analyst,4,162,762
gb-5867244023,20260907,gb,BA,business analyst,5,233,1268
gb-5867249007,20260907,gb,BA,business analyst,5,232,1268
gb-5867249007,20260907,gb,BI,business intelligence analyst,1,12,35
gb-5867249869,20260907,gb,DA,data analyst,4,161,762
gb-5867251190,20260907,gb,DA,data analyst,4,160,762
gb-5867251978,20260907,gb,DA,data analyst,4,159,762
gb-5867274265,20260907,gb,BA,business analyst,5,231,1268
gb-5867274435,20260907,gb,BA,business analyst,5,230,1268
gb-5867279261,20260907,gb,BA,business analyst,5,229,1268
gb-5867279771,20260907,gb,BA,business analyst,5,228,1268
gb-5867282858,20260907,gb,DA,data analyst,4,158,762
gb-5867306037,20260907,gb,DA,data analyst,4,157,762
gb-5867316849,20260907,gb,DA,data analyst,4,156,762
gb-5867333398,20260907,gb,BA,business analyst,5,227,1268
gb-5867338630,20260907,gb,DA,data analyst,4,155,762
gb-5867414466,20260907,gb,DA,data analyst,4,154,762
gb-5867507447,20260907,gb,DA,data analyst,4,153,762
gb-5867515337,20260907,gb,BA,business analyst,5,226,1268
gb-5867515337,20260907,gb,BI,business intelligence analyst,1,11,35
gb-5867530033,20260907,gb,DA,data analyst,4,152,762
gb-5867562617,20260907,gb,BA,business analyst,5,225,1268
gb-5867626094,20260907,gb,BA,business analyst,5,224,1268
gb-5867641417,20260907,gb,BA,business analyst,5,223,1268
gb-5867642296,20260907,gb,BA,business analyst,5,222,1268
gb-5867643019,20260907,gb,DA,data analyst,4,151,762
gb-5867643027,20260907,gb,DA,data analyst,3,150,762
gb-5867644630,20260907,gb,BA,business analyst,5,221,1268
gb-5867645588,20260907,gb,BA,business analyst,5,219,1268
gb-5867645591,20260907,gb,BA,business analyst,5,218,1268
gb-5867645592,20260907,gb,BA,business analyst,5,220,1268
gb-5867645763,20260907,gb,BA,business analyst,5,217,1268
gb-5867645767,20260907,gb,BA,business analyst,5,215,1268
gb-5867645768,20260907,gb,BA,business analyst,5,216,1268
gb-5867645768,20260907,gb,BI,business intelligence analyst,1,10,35
gb-5867645772,20260907,gb,DA,data analyst,3,149,762
gb-5867645773,20260907,gb,BA,business analyst,5,214,1268
gb-5867726461,20260907,gb,BI,BI analyst,1,7,36
gb-5867727563,20260907,gb,BA,business analyst,5,213,1268
gb-5867727691,20260907,gb,BA,business analyst,5,212,1268
gb-5867727691,20260907,gb,BI,business intelligence analyst,1,9,35
gb-5867730506,20260907,gb,DA,data analyst,3,148,762
gb-5867756760,20260907,gb,DA,data analyst,3,147,762
gb-5867757879,20260907,gb,BA,business analyst,5,211,1268
gb-5868099172,20260907,gb,BA,business analyst,5,210,1268
gb-5868151937,20260907,gb,BA,business analyst,5,209,1268
gb-5868152267,20260907,gb,BA,business analyst,5,208,1268
gb-5868292468,20260907,gb,DA,data analyst,3,146,762
gb-5868301226,20260907,gb,BA,business analyst,5,207,1268
gb-5868301591,20260907,gb,BA,business analyst,5,206,1268
gb-5868417643,20260907,gb,BA,business analyst,5,205,1268
gb-5868457217,20260907,gb,BA,business analyst,5,204,1268
gb-5868457878,20260907,gb,DA,data analyst,3,145,762
gb-5868542800,20260907,gb,BA,business analyst,5,203,1268
gb-5868766842,20260907,gb,BA,business analyst,5,202,1268
gb-5868766893,20260907,gb,BA,business analyst,5,201,1268
gb-5868766897,20260907,gb,BA,business analyst,4,200,1268
gb-5868767089,20260907,gb,BA,business analyst,4,199,1268
gb-5868767157,20260907,gb,BA,business analyst,4,198,1268
gb-5868767169,20260907,gb,BA,business analyst,4,197,1268
gb-5868767174,20260907,gb,DA,data analyst,3,144,762
gb-5868767297,20260907,gb,BA,business analyst,4,196,1268
gb-5868767667,20260907,gb,DA,data analyst,3,142,762
gb-5868767755,20260907,gb,BA,business analyst,4,194,1268
gb-5868767760,20260907,gb,DA,data analyst,3,143,762
gb-5868767785,20260907,gb,BA,business analyst,4,195,1268
gb-5868767979,20260907,gb,DA,data analyst,3,141,762
gb-5868776956,20260907,gb,BA,business analyst,4,193,1268
gb-5868779114,20260907,gb,DA,data analyst,3,140,762
gb-5868804489,20260907,gb,BA,business analyst,4,192,1268
gb-5868804516,20260907,gb,DA,data analyst,3,139,762
gb-5868804602,20260907,gb,DA,data analyst,3,138,762
gb-5868804623,20260907,gb,DA,data analyst,3,137,762
gb-5868804734,20260907,gb,DA,data analyst,3,136,762
gb-5868804736,20260907,gb,BA,business analyst,4,190,1268
gb-5868804739,20260907,gb,BA,business analyst,4,189,1268
gb-5868804753,20260907,gb,BA,business analyst,4,191,1268
gb-5868804757,20260907,gb,DA,data analyst,3,135,762
gb-5868804868,20260907,gb,BI,BI analyst,1,6,36
gb-5868804868,20260907,gb,DA,data analyst,3,134,762
gb-5868804972,20260907,gb,DA,data analyst,3,133,762
gb-5868804984,20260907,gb,BA,business analyst,4,188,1268
gb-5868805062,20260907,gb,BA,business analyst,4,187,1268
gb-5868805111,20260907,gb,DA,data analyst,3,132,762
gb-5868805413,20260907,gb,BA,business analyst,4,186,1268
gb-5868805425,20260907,gb,DA,data analyst,3,131,762
gb-5868805430,20260907,gb,BA,business analyst,4,185,1268
gb-5868805681,20260907,gb,BA,business analyst,4,184,1268
gb-5868805681,20260907,gb,DA,data analyst,3,130,762
gb-5868805768,20260907,gb,BA,business analyst,4,183,1268
gb-5868805774,20260907,gb,BA,business analyst,4,182,1268
gb-5868805873,20260907,gb,DA,data analyst,3,129,762
gb-5868805902,20260907,gb,DA,data analyst,3,128,762
gb-5868805944,20260907,gb,BA,business analyst,4,181,1268
gb-5868805944,20260907,gb,BI,business intelligence analyst,1,8,35
gb-5868805982,20260907,gb,BA,business analyst,4,180,1268
gb-5868805982,20260907,gb,BI,business intelligence analyst,1,7,35
gb-5868805982,20260907,gb,DA,data analyst,3,127,762
gb-5868813184,20260907,gb,BA,business analyst,4,179,1268
gb-5868813596,20260907,gb,BA,business analyst,4,178,1268
gb-5868891748,20260907,gb,BA,business analyst,4,177,1268
gb-5868891748,20260907,gb,BI,business intelligence analyst,1,6,35
gb-5868906185,20260907,gb,BA,business analyst,4,176,1268
gb-5868906307,20260907,gb,BA,business analyst,4,175,1268
gb-5868909048,20260907,gb,BA,business analyst,4,174,1268
gb-5868909139,20260907,gb,BA,business analyst,4,173,1268
gb-5868913954,20260907,gb,DA,data analyst,3,126,762
gb-5868917250,20260907,gb,BA,business analyst,4,172,1268
gb-5868918352,20260907,gb,DA,data analyst,3,125,762
gb-5868919242,20260907,gb,BA,business analyst,4,171,1268
gb-5868923003,20260907,gb,BA,business analyst,4,170,1268
gb-5868976745,20260907,gb,BA,business analyst,4,169,1268
gb-5868976745,20260907,gb,DA,data analyst,3,124,762
gb-5868984171,20260907,gb,DA,data analyst,3,123,762
gb-5868984224,20260907,gb,BA,business analyst,4,168,1268
gb-5868984242,20260907,gb,BA,business analyst,4,167,1268
gb-5868990973,20260907,gb,DA,data analyst,3,122,762
gb-5869005150,20260907,gb,BA,business analyst,4,166,1268
gb-5869075476,20260907,gb,DA,data analyst,3,121,762
gb-5869105942,20260907,gb,DA,data analyst,3,120,762
gb-5869120196,20260907,gb,BA,business analyst,4,165,1268
gb-5869120401,20260907,gb,BA,business analyst,4,164,1268
gb-5869121529,20260907,gb,BA,business analyst,4,163,1268
gb-5869121529,20260907,gb,DA,data analyst,3,119,762
gb-5869134880,20260907,gb,BA,business analyst,4,162,1268
gb-5869150614,20260907,gb,DA,data analyst,3,118,762
gb-5869150885,20260907,gb,BA,business analyst,4,161,1268
gb-5869151509,20260907,gb,BA,business analyst,4,160,1268
gb-5869155664,20260907,gb,DA,data analyst,3,117,762
gb-5869157546,20260907,gb,BA,business analyst,4,159,1268
gb-5869157666,20260907,gb,DA,data analyst,3,116,762
gb-5869161425,20260907,gb,BA,business analyst,4,158,1268
gb-5869180933,20260907,gb,BI,BI analyst,1,5,36
gb-5869183304,20260907,gb,DA,data analyst,3,115,762
gb-5869193044,20260907,gb,BA,business analyst,4,157,1268
gb-5869196700,20260907,gb,DA,data analyst,3,114,762
gb-5869198302,20260907,gb,DA,data analyst,3,113,762
gb-5869208889,20260907,gb,DA,data analyst,3,112,762
gb-5869213473,20260907,gb,DA,data analyst,3,111,762
gb-5869301662,20260907,gb,DA,data analyst,3,110,762
gb-5869442593,20260907,gb,BA,business analyst,4,156,1268
gb-5869442717,20260907,gb,BA,business analyst,4,155,1268
gb-5869442923,20260907,gb,BA,business analyst,4,154,1268
gb-5869442923,20260907,gb,BI,business intelligence analyst,1,5,35
gb-5869444083,20260907,gb,BA,business analyst,4,153,1268
gb-5869444098,20260907,gb,DA,data analyst,3,109,762
gb-5869444100,20260907,gb,BA,business analyst,4,152,1268
gb-5869444100,20260907,gb,DA,data analyst,3,108,762
gb-5869444112,20260907,gb,BA,business analyst,4,151,1268
gb-5869444118,20260907,gb,BA,business analyst,3,150,1268
gb-5869444118,20260907,gb,DA,data analyst,3,107,762
gb-5869444131,20260907,gb,BA,business analyst,3,149,1268
gb-5869452153,20260907,gb,BA,business analyst,3,148,1268
gb-5869452153,20260907,gb,BI,business intelligence analyst,1,4,35
gb-5869479486,20260907,gb,BA,business analyst,3,147,1268
gb-5869493390,20260907,gb,DA,data analyst,3,106,762
gb-5869493833,20260907,gb,BA,business analyst,3,146,1268
gb-5869508533,20260907,gb,BA,business analyst,3,145,1268
gb-5869519856,20260907,gb,BA,business analyst,3,144,1268
gb-5869520056,20260907,gb,BA,business analyst,3,143,1268
gb-5869520124,20260907,gb,BA,business analyst,3,142,1268
gb-5869544669,20260907,gb,DA,data analyst,3,105,762
gb-5869545079,20260907,gb,DA,data analyst,3,104,762
gb-5869546377,20260907,gb,BA,business analyst,3,141,1268
gb-5869547950,20260907,gb,BA,business analyst,3,140,1268
gb-5869548394,20260907,gb,BA,business analyst,3,139,1268
gb-5869548394,20260907,gb,DA,data analyst,3,103,762
gb-5869549719,20260907,gb,DA,data analyst,3,102,762
gb-5869549725,20260907,gb,BA,business analyst,3,138,1268
gb-5869550457,20260907,gb,BI,BI analyst,1,4,36
gb-5869552159,20260907,gb,DA,data analyst,2,99,762
gb-5869552162,20260907,gb,DA,data analyst,3,101,762
gb-5869552164,20260907,gb,DA,data analyst,2,100,762
gb-5869554109,20260907,gb,DA,data analyst,2,98,762
gb-5869554110,20260907,gb,BA,business analyst,3,134,1268
gb-5869554111,20260907,gb,BA,business analyst,3,136,1268
gb-5869554114,20260907,gb,BA,business analyst,3,137,1268
gb-5869554116,20260907,gb,BA,business analyst,3,135,1268
gb-5869554876,20260907,gb,BA,business analyst,3,133,1268
gb-5869559727,20260907,gb,BA,business analyst,3,132,1268
gb-5869559762,20260907,gb,DA,data analyst,2,97,762
gb-5869562897,20260907,gb,BA,business analyst,3,131,1268
gb-5869586939,20260907,gb,DA,data analyst,2,96,762
gb-5869594779,20260907,gb,DA,data analyst,2,95,762
gb-5869662130,20260907,gb,BA,business analyst,3,130,1268
gb-5869782932,20260907,gb,BA,business analyst,3,129,1268
gb-5869789329,20260907,gb,BA,business analyst,3,128,1268
gb-5869799826,20260907,gb,DA,data analyst,2,94,762
gb-5869804842,20260907,gb,BA,business analyst,3,127,1268
gb-5869804868,20260907,gb,DA,data analyst,2,93,762
gb-5869818354,20260907,gb,BA,business analyst,3,126,1268
gb-5869886951,20260907,gb,DA,data analyst,2,92,762
gb-5869886955,20260907,gb,DA,data analyst,2,91,762
gb-5869942796,20260907,gb,BA,business analyst,3,124,1268
gb-5869942801,20260907,gb,BA,business analyst,3,125,1268
gb-5869964105,20260907,gb,BA,business analyst,3,123,1268
gb-5870168290,20260907,gb,DA,data analyst,2,90,762
gb-5870432930,20260907,gb,BA,business analyst,3,122,1268
gb-5870549762,20260907,gb,DA,data analyst,2,89,762
gb-5870597643,20260907,gb,DA,data analyst,2,88,762
gb-5870618225,20260907,gb,BA,business analyst,3,121,1268
gb-5870618232,20260907,gb,BA,business analyst,3,120,1268
gb-5870624631,20260907,gb,BA,business analyst,3,119,1268
gb-5870624715,20260907,gb,BA,business analyst,3,117,1268
gb-5870624724,20260907,gb,BA,business analyst,3,118,1268
gb-5870625840,20260907,gb,BA,business analyst,3,116,1268
gb-5870625973,20260907,gb,BA,business analyst,3,115,1268
gb-5870628588,20260907,gb,DA,data analyst,2,87,762
gb-5870638972,20260907,gb,BA,business analyst,3,113,1268
gb-5870639008,20260907,gb,BA,business analyst,3,114,1268
gb-5870675843,20260907,gb,BA,business analyst,3,112,1268
gb-5870713316,20260907,gb,BA,business analyst,3,111,1268
gb-5870713848,20260907,gb,DA,data analyst,2,86,762
gb-5870730539,20260907,gb,DA,data analyst,2,85,762
gb-5870741084,20260907,gb,BA,business analyst,3,110,1268
gb-5870741084,20260907,gb,BI,business intelligence analyst,1,3,35
gb-5870741984,20260907,gb,BA,business analyst,3,109,1268
gb-5870744917,20260907,gb,BA,business analyst,3,108,1268
gb-5870746875,20260907,gb,BA,business analyst,3,107,1268
gb-5870748752,20260907,gb,BA,business analyst,3,106,1268
gb-5870749603,20260907,gb,DA,data analyst,2,84,762
gb-5870752713,20260907,gb,BA,business analyst,3,105,1268
gb-5870753152,20260907,gb,BA,business analyst,3,104,1268
gb-5870753215,20260907,gb,BA,business analyst,3,103,1268
gb-5870758339,20260907,gb,DA,data analyst,2,83,762
gb-5870759329,20260907,gb,DA,data analyst,2,82,762
gb-5870760707,20260907,gb,BA,business analyst,3,102,1268
gb-5870761386,20260907,gb,BA,business analyst,3,101,1268
gb-5870766110,20260907,gb,BA,business analyst,2,100,1268
gb-5870766610,20260907,gb,DA,data analyst,2,81,762
gb-5870770143,20260907,gb,BA,business analyst,2,99,1268
gb-5870770812,20260907,gb,BA,business analyst,2,98,1268
gb-5870773212,20260907,gb,BA,business analyst,2,97,1268
gb-5870776356,20260907,gb,BA,business analyst,2,95,1268
gb-5870776358,20260907,gb,BA,business analyst,2,96,1268
gb-5870797719,20260907,gb,BA,business analyst,2,93,1268
gb-5870797720,20260907,gb,BA,business analyst,2,94,1268
gb-5870815876,20260907,gb,DA,data analyst,2,80,762
gb-5870816065,20260907,gb,DA,data analyst,2,79,762
gb-5870816322,20260907,gb,DA,data analyst,2,77,762
gb-5870816364,20260907,gb,DA,data analyst,2,78,762
gb-5870828489,20260907,gb,DA,data analyst,2,76,762
gb-5870884518,20260907,gb,BA,business analyst,2,92,1268
gb-5870884752,20260907,gb,BA,business analyst,2,91,1268
gb-5870922540,20260907,gb,BA,business analyst,2,90,1268
gb-5871005369,20260907,gb,BA,business analyst,2,89,1268
gb-5871005401,20260907,gb,DA,data analyst,2,75,762
gb-5871005544,20260907,gb,DA,data analyst,2,74,762
gb-5871011188,20260907,gb,DA,data analyst,2,73,762
gb-5871014147,20260907,gb,DA,data analyst,2,72,762
gb-5871014203,20260907,gb,BA,business analyst,2,88,1268
gb-5871014203,20260907,gb,DA,data analyst,2,70,762
gb-5871014207,20260907,gb,BA,business analyst,2,87,1268
gb-5871014210,20260907,gb,DA,data analyst,2,71,762
gb-5871023051,20260907,gb,BA,business analyst,2,86,1268
gb-5871028594,20260907,gb,BI,BI analyst,1,3,36
gb-5871029053,20260907,gb,BA,business analyst,2,85,1268
gb-5871029118,20260907,gb,DA,data analyst,2,69,762
gb-5871030865,20260907,gb,DA,data analyst,2,68,762
gb-5871033540,20260907,gb,BA,business analyst,2,84,1268
gb-5871043916,20260907,gb,DA,data analyst,2,67,762
gb-5871044050,20260907,gb,BA,business analyst,2,83,1268
gb-5871135754,20260907,gb,BA,business analyst,2,82,1268
gb-5871241488,20260907,gb,DA,data analyst,2,66,762
gb-5871242766,20260907,gb,BA,business analyst,2,81,1268
gb-5871243065,20260907,gb,BA,business analyst,2,80,1268
gb-5871261504,20260907,gb,DA,data analyst,2,65,762
gb-5871261748,20260907,gb,BA,business analyst,2,79,1268
gb-5871306012,20260907,gb,BA,business analyst,2,78,1268
gb-5871328915,20260907,gb,BA,business analyst,2,77,1268
gb-5871339130,20260907,gb,BA,business analyst,2,76,1268
gb-5871409621,20260907,gb,BA,business analyst,2,75,1268
gb-5871611701,20260907,gb,DA,data analyst,2,63,762
gb-5871611706,20260907,gb,DA,data analyst,2,64,762
gb-5871611722,20260907,gb,DA,data analyst,2,62,762
gb-5871617311,20260907,gb,DA,data analyst,2,61,762
gb-5871617319,20260907,gb,BA,business analyst,2,74,1268
gb-5871776402,20260907,gb,BA,business analyst,2,73,1268
gb-5871776433,20260907,gb,BA,business analyst,2,72,1268
gb-5871776444,20260907,gb,BA,business analyst,2,71,1268
gb-5871776512,20260907,gb,BA,business analyst,2,70,1268
gb-5871840963,20260907,gb,BA,business analyst,2,69,1268
gb-5871840969,20260907,gb,BA,business analyst,2,68,1268
gb-5871840995,20260907,gb,BA,business analyst,2,66,1268
gb-5871841001,20260907,gb,BA,business analyst,2,67,1268
gb-5871841210,20260907,gb,DA,data analyst,2,60,762
gb-5871841422,20260907,gb,BA,business analyst,2,63,1268
gb-5871841437,20260907,gb,BA,business analyst,2,65,1268
gb-5871841492,20260907,gb,BA,business analyst,2,64,1268
gb-5871841514,20260907,gb,DA,data analyst,2,59,762
gb-5871887766,20260907,gb,BA,business analyst,2,62,1268
gb-5871887901,20260907,gb,DA,data analyst,2,58,762
gb-5871897227,20260907,gb,BA,business analyst,2,61,1268
gb-5871940068,20260907,gb,DA,data analyst,2,57,762
gb-5871987802,20260907,gb,BA,business analyst,2,60,1268
gb-5871990160,20260907,gb,BA,business analyst,2,59,1268
gb-5872036234,20260907,gb,BA,business analyst,2,58,1268
gb-5872082583,20260907,gb,DA,data analyst,2,56,762
gb-5872090134,20260907,gb,BA,business analyst,2,57,1268
gb-5872091920,20260907,gb,BA,business analyst,2,56,1268
gb-5872097625,20260907,gb,BA,business analyst,2,55,1268
gb-5872108433,20260907,gb,DA,data analyst,2,55,762
gb-5872109795,20260907,gb,BA,business analyst,2,54,1268
gb-5872112385,20260907,gb,BA,business analyst,2,53,1268
gb-5872112532,20260907,gb,BA,business analyst,2,52,1268
gb-5872113219,20260907,gb,BA,business analyst,2,51,1268
gb-5872113905,20260907,gb,DA,data analyst,2,54,762
gb-5872116186,20260907,gb,BA,business analyst,1,50,1268
gb-5872120033,20260907,gb,DA,data analyst,2,53,762
gb-5872123477,20260907,gb,DA,data analyst,2,52,762
gb-5872180638,20260907,gb,DA,data analyst,2,51,762
gb-5872300185,20260907,gb,DA,data analyst,1,50,762
gb-5872485992,20260907,gb,BA,business analyst,1,49,1268
gb-5872651308,20260907,gb,DA,data analyst,1,49,762
gb-5872784095,20260907,gb,BA,business analyst,1,48,1268
gb-5872784433,20260907,gb,BA,business analyst,1,47,1268
gb-5872822444,20260907,gb,DA,data analyst,1,47,762
gb-5872822448,20260907,gb,DA,data analyst,1,48,762
gb-5872906430,20260907,gb,BA,business analyst,1,46,1268
gb-5872906430,20260907,gb,DA,data analyst,1,46,762
gb-5872971641,20260907,gb,BA,business analyst,1,45,1268
gb-5872971641,20260907,gb,DA,data analyst,1,45,762
gb-5872972849,20260907,gb,BA,business analyst,1,44,1268
gb-5873088328,20260907,gb,BA,business analyst,1,43,1268
gb-5873088328,20260907,gb,DA,data analyst,1,44,762
gb-5873154934,20260907,gb,BA,business analyst,1,42,1268
gb-5873157161,20260907,gb,DA,data analyst,1,43,762
gb-5873161289,20260907,gb,BA,business analyst,1,41,1268
gb-5873162654,20260907,gb,DA,data analyst,1,42,762
gb-5873163248,20260907,gb,BA,business analyst,1,40,1268
gb-5873164739,20260907,gb,DA,data analyst,1,41,762
gb-5873169412,20260907,gb,BA,business analyst,1,39,1268
gb-5873180820,20260907,gb,BA,business analyst,1,38,1268
gb-5873181355,20260907,gb,DA,data analyst,1,40,762
gb-5873182087,20260907,gb,BA,business analyst,1,37,1268
gb-5873185323,20260907,gb,BA,business analyst,1,36,1268
gb-5873188565,20260907,gb,BA,business analyst,1,35,1268
gb-5873190757,20260907,gb,DA,data analyst,1,39,762
gb-5873191559,20260907,gb,DA,data analyst,1,38,762
gb-5873192199,20260907,gb,BA,business analyst,1,34,1268
gb-5873192632,20260907,gb,DA,data analyst,1,37,762
gb-5873194093,20260907,gb,DA,data analyst,1,36,762
gb-5873194548,20260907,gb,DA,data analyst,1,35,762
gb-5873195507,20260907,gb,DA,data analyst,1,34,762
gb-5873197663,20260907,gb,BA,business analyst,1,33,1268
gb-5873197733,20260907,gb,DA,data analyst,1,33,762
gb-5873198578,20260907,gb,DA,data analyst,1,32,762
gb-5873199126,20260907,gb,DA,data analyst,1,31,762
gb-5873200149,20260907,gb,BA,business analyst,1,32,1268
gb-5873200149,20260907,gb,BI,business intelligence analyst,1,2,35
gb-5873203012,20260907,gb,BI,BI analyst,1,2,36
gb-5873203012,20260907,gb,DA,data analyst,1,30,762
gb-5873204578,20260907,gb,BA,business analyst,1,31,1268
gb-5873205987,20260907,gb,BA,business analyst,1,30,1268
gb-5873205987,20260907,gb,DA,data analyst,1,29,762
gb-5873238690,20260907,gb,DA,data analyst,1,28,762
gb-5873238920,20260907,gb,BA,business analyst,1,29,1268
gb-5873239097,20260907,gb,DA,data analyst,1,27,762
gb-5873239271,20260907,gb,DA,data analyst,1,26,762
gb-5873239323,20260907,gb,DA,data analyst,1,24,762
gb-5873239380,20260907,gb,DA,data analyst,1,25,762
gb-5873239589,20260907,gb,BA,business analyst,1,27,1268
gb-5873239611,20260907,gb,BA,business analyst,1,28,1268
gb-5873239645,20260907,gb,DA,data analyst,1,23,762
gb-5873239726,20260907,gb,BA,business analyst,1,26,1268
gb-5873239726,20260907,gb,BI,business intelligence analyst,1,1,35
gb-5873239852,20260907,gb,DA,data analyst,1,22,762
gb-5873240092,20260907,gb,BA,business analyst,1,25,1268
gb-5873240335,20260907,gb,BA,business analyst,1,24,1268
gb-5873240369,20260907,gb,DA,data analyst,1,21,762
gb-5873317407,20260907,gb,BA,business analyst,1,23,1268
gb-5873317429,20260907,gb,BA,business analyst,1,22,1268
gb-5873321394,20260907,gb,DA,data analyst,1,18,762
gb-5873321396,20260907,gb,DA,data analyst,1,20,762
gb-5873321402,20260907,gb,DA,data analyst,1,19,762
gb-5873326995,20260907,gb,BA,business analyst,1,21,1268
gb-5873562022,20260907,gb,DA,data analyst,1,17,762
gb-5873563158,20260907,gb,BA,business analyst,1,19,1268
gb-5873563167,20260907,gb,BA,business analyst,1,20,1268
gb-5873564258,20260907,gb,DA,data analyst,1,14,762
gb-5873564265,20260907,gb,DA,data analyst,1,15,762
gb-5873564270,20260907,gb,DA,data analyst,1,13,762
gb-5873564274,20260907,gb,DA,data analyst,1,16,762
gb-5873564314,20260907,gb,DA,data analyst,1,11,762
gb-5873564327,20260907,gb,DA,data analyst,1,12,762
gb-5873698187,20260907,gb,BA,business analyst,1,18,1268
gb-5873698285,20260907,gb,DA,data analyst,1,10,762
gb-5873727929,20260907,gb,BA,business analyst,1,17,1268
gb-5873802995,20260907,gb,DA,data analyst,1,9,762
gb-5873817919,20260907,gb,DA,data analyst,1,7,762
gb-5873817947,20260907,gb,DA,data analyst,1,8,762
gb-5873822433,20260907,gb,BA,business analyst,1,16,1268
gb-5873919553,20260907,gb,BA,business analyst,1,15,1268
gb-5873933527,20260907,gb,BA,business analyst,1,14,1268
gb-5873934975,20260907,gb,BA,business analyst,1,13,1268
gb-5874052563,20260907,gb,BA,business analyst,1,12,1268
gb-5874056006,20260907,gb,BA,business analyst,1,11,1268
gb-5874056067,20260907,gb,BA,business analyst,1,10,1268
gb-5874056075,20260907,gb,BA,business analyst,1,9,1268
gb-5874058964,20260907,gb,DA,data analyst,1,6,762
gb-5874063372,20260907,gb,DA,data analyst,1,5,762
gb-5874063660,20260907,gb,BA,business analyst,1,8,1268
gb-5874122777,20260907,gb,BA,business analyst,1,7,1268
gb-5874123325,20260907,gb,BA,business analyst,1,6,1268
gb-5874125172,20260907,gb,BA,business analyst,1,4,1268
gb-5874125173,20260907,gb,BA,business analyst,1,5,1268
gb-5874131590,20260907,gb,DA,data analyst,1,4,762
gb-5874136549,20260907,gb,BA,business analyst,1,3,1268
gb-5874136572,20260907,gb,BI,BI analyst,1,1,36
gb-5874136572,20260907,gb,DA,data analyst,1,3,762
gb-5874136586,20260907,gb,DA,data analyst,1,2,762
gb-5874136795,20260907,gb,BA,business analyst,1,2,1268
gb-5874139106,20260907,gb,DA,data analyst,1,1,762
gb-5874139836,20260907,gb,BA,business analyst,1,1,1268
ch-4907507246,20260908,ch,BA,business analyst,4,196,196
ch-5049642724,20260908,ch,BA,business analyst,4,195,196
ch-5102286206,20260908,ch,BA,business analyst,4,194,196
ch-5253192882,20260908,ch,BA,business analyst,4,193,196
ch-5415997589,20260908,ch,BA,business analyst,4,192,196
ch-5501296599,20260908,ch,BA,business analyst,4,190,196
ch-5501296602,20260908,ch,BA,business analyst,4,191,196
ch-5544982395,20260908,ch,BA,business analyst,4,189,196
ch-5582074518,20260908,ch,BA,business analyst,4,188,196
ch-5624904803,20260908,ch,BA,business analyst,4,187,196
ch-5662130334,20260908,ch,BA,business analyst,4,186,196
ch-5706900763,20260908,ch,BA,business analyst,4,185,196
ch-5723540051,20260908,ch,BA,business analyst,4,184,196
ch-5723540105,20260908,ch,BA,business analyst,4,183,196
ch-5727378938,20260908,ch,BA,business analyst,4,182,196
ch-5727381173,20260908,ch,BA,business analyst,4,181,196
ch-5728539859,20260908,ch,BA,business analyst,4,180,196
ch-5736527696,20260908,ch,BA,business analyst,4,179,196
ch-5737723571,20260908,ch,BA,business analyst,4,178,196
ch-5751722820,20260908,ch,BA,business analyst,4,177,196
ch-5752476574,20260908,ch,BA,business analyst,4,176,196
ch-5754205825,20260908,ch,BA,business analyst,4,175,196
ch-5763015516,20260908,ch,BA,business analyst,4,174,196
ch-5772045252,20260908,ch,BA,business analyst,4,173,196
ch-5779533751,20260908,ch,BA,business analyst,4,172,196
ch-5784532475,20260908,ch,BA,business analyst,4,171,196
ch-5791318020,20260908,ch,BA,business analyst,4,170,196
ch-5795995207,20260908,ch,BA,business analyst,4,169,196
ch-5795995207,20260908,ch,DA,data analyst,1,30,30
ch-5798343353,20260908,ch,BA,business analyst,4,168,196
ch-5799099810,20260908,ch,DA,data analyst,1,29,30
ch-5805053425,20260908,ch,BA,business analyst,4,167,196
ch-5810001868,20260908,ch,BA,business analyst,4,166,196
ch-5810001868,20260908,ch,DA,data analyst,1,28,30
ch-5811519370,20260908,ch,BA,business analyst,4,165,196
ch-5814610054,20260908,ch,BA,business analyst,4,164,196
ch-5814700994,20260908,ch,BA,business analyst,4,163,196
ch-5814701018,20260908,ch,BA,business analyst,4,162,196
ch-5822720275,20260908,ch,BA,business analyst,4,161,196
ch-5822996836,20260908,ch,BA,business analyst,4,160,196
ch-5822997268,20260908,ch,BA,business analyst,4,159,196
ch-5826138284,20260908,ch,BA,business analyst,4,158,196
ch-5829693990,20260908,ch,BA,business analyst,4,157,196
ch-5830857008,20260908,ch,BA,business analyst,4,156,196
ch-5832355656,20260908,ch,BA,business analyst,4,155,196
ch-5832355656,20260908,ch,DA,data analyst,1,27,30
ch-5834044745,20260908,ch,BA,business analyst,4,154,196
ch-5837128521,20260908,ch,BA,business analyst,4,153,196
ch-5840951023,20260908,ch,BA,business analyst,4,152,196
ch-5841638762,20260908,ch,BA,business analyst,4,151,196
ch-5841641655,20260908,ch,BA,business analyst,3,150,196
ch-5841645920,20260908,ch,BA,business analyst,3,149,196
ch-5841647275,20260908,ch,BA,business analyst,3,148,196
ch-5841650730,20260908,ch,BA,business analyst,3,147,196
ch-5841650730,20260908,ch,DA,data analyst,1,26,30
ch-5841656718,20260908,ch,BA,business analyst,3,146,196
ch-5841660097,20260908,ch,BA,business analyst,3,145,196
ch-5841663916,20260908,ch,BA,business analyst,3,144,196
ch-5841664012,20260908,ch,BA,business analyst,3,143,196
ch-5841666061,20260908,ch,BA,business analyst,3,142,196
ch-5841672952,20260908,ch,BA,business analyst,3,141,196
ch-5841674749,20260908,ch,BA,business analyst,3,140,196
ch-5841677323,20260908,ch,BA,business analyst,3,139,196
ch-5841678642,20260908,ch,BA,business analyst,3,138,196
ch-5842832011,20260908,ch,BA,business analyst,3,137,196
ch-5843423869,20260908,ch,BA,business analyst,3,136,196
ch-5844661707,20260908,ch,DA,data analyst,1,25,30
ch-5844661743,20260908,ch,BA,business analyst,3,135,196
ch-5844661746,20260908,ch,BA,business analyst,3,134,196
ch-5846521489,20260908,ch,BA,business analyst,3,133,196
ch-5846524834,20260908,ch,BA,business analyst,3,132,196
ch-5846526241,20260908,ch,BA,business analyst,3,131,196
ch-5848038718,20260908,ch,BA,business analyst,3,130,196
ch-5848972179,20260908,ch,BA,business analyst,3,129,196
ch-5849618306,20260908,ch,BA,business analyst,3,128,196
ch-5850864273,20260908,ch,BA,business analyst,3,127,196
ch-5850865720,20260908,ch,BA,business analyst,3,126,196
ch-5851422313,20260908,ch,BA,business analyst,3,125,196
ch-5851683322,20260908,ch,DA,data analyst,1,24,30
ch-5851872574,20260908,ch,BA,business analyst,3,124,196
ch-5852323293,20260908,ch,BA,business analyst,3,123,196
ch-5852323459,20260908,ch,BA,business analyst,3,122,196
ch-5853039171,20260908,ch,BA,business analyst,3,121,196
ch-5853533474,20260908,ch,BA,business analyst,3,120,196
ch-5853533670,20260908,ch,BA,business analyst,3,119,196
ch-5853882183,20260908,ch,DA,data analyst,1,23,30
ch-5853882264,20260908,ch,BA,business analyst,3,118,196
ch-5853882351,20260908,ch,BA,business analyst,3,117,196
ch-5853961952,20260908,ch,DA,data analyst,1,22,30
ch-5853962010,20260908,ch,BA,business analyst,3,116,196
ch-5854312298,20260908,ch,BA,business analyst,3,115,196
ch-5854363607,20260908,ch,BA,business analyst,3,114,196
ch-5854383299,20260908,ch,BA,business analyst,3,113,196
ch-5855319525,20260908,ch,BA,business analyst,3,112,196
ch-5856657239,20260908,ch,BA,business analyst,3,111,196
ch-5856657614,20260908,ch,BA,business analyst,3,110,196
ch-5856657772,20260908,ch,BA,business analyst,3,109,196
ch-5856658307,20260908,ch,BA,business analyst,3,108,196
ch-5856658308,20260908,ch,BA,business analyst,3,107,196
ch-5856658308,20260908,ch,DA,data analyst,1,21,30
ch-5856658925,20260908,ch,BA,business analyst,3,106,196
ch-5856659715,20260908,ch,BA,business analyst,3,105,196
ch-5856659968,20260908,ch,BA,business analyst,3,104,196
ch-5856741570,20260908,ch,BA,business analyst,3,103,196
ch-5856741699,20260908,ch,BA,business analyst,3,102,196
ch-5856742226,20260908,ch,BA,business analyst,3,101,196
ch-5858108261,20260908,ch,BA,business analyst,2,100,196
ch-5858108492,20260908,ch,BA,business analyst,2,99,196
ch-5858108772,20260908,ch,BA,business analyst,2,98,196
ch-5858109433,20260908,ch,BA,business analyst,2,97,196
ch-5858109692,20260908,ch,BA,business analyst,2,96,196
ch-5858191100,20260908,ch,BA,business analyst,2,95,196
ch-5858191337,20260908,ch,BA,business analyst,2,94,196
ch-5858191352,20260908,ch,DA,data analyst,1,20,30
ch-5858200279,20260908,ch,BA,business analyst,2,93,196
ch-5858655034,20260908,ch,BA,business analyst,2,91,196
ch-5858655034,20260908,ch,DA,data analyst,1,18,30
ch-5858655041,20260908,ch,BA,business analyst,2,92,196
ch-5858655041,20260908,ch,DA,data analyst,1,19,30
ch-5858699531,20260908,ch,DA,data analyst,1,17,30
ch-5858930041,20260908,ch,BA,business analyst,2,90,196
ch-5858930499,20260908,ch,DA,data analyst,1,16,30
ch-5858930900,20260908,ch,BA,business analyst,2,89,196
ch-5858930900,20260908,ch,DA,data analyst,1,15,30
ch-5858931856,20260908,ch,BA,business analyst,2,88,196
ch-5859562226,20260908,ch,BA,business analyst,2,87,196
ch-5859562509,20260908,ch,BA,business analyst,2,86,196
ch-5859623248,20260908,ch,BA,business analyst,2,85,196
ch-5859625118,20260908,ch,BA,business analyst,2,84,196
ch-5859625414,20260908,ch,BA,business analyst,2,83,196
ch-5859625738,20260908,ch,BA,business analyst,2,82,196
ch-5860025567,20260908,ch,BA,business analyst,2,80,196
ch-5860025591,20260908,ch,BA,business analyst,2,81,196
ch-5860025604,20260908,ch,DA,data analyst,1,14,30
ch-5860952427,20260908,ch,BA,business analyst,2,79,196
ch-5860954532,20260908,ch,BA,business analyst,2,78,196
ch-5861035230,20260908,ch,BA,business analyst,2,77,196
ch-5861038915,20260908,ch,DA,data analyst,1,13,30
ch-5861621342,20260908,ch,BA,business analyst,2,76,196
ch-5862084044,20260908,ch,BA,business analyst,2,75,196
ch-5862206206,20260908,ch,BA,business analyst,2,74,196
ch-5862206270,20260908,ch,DA,data analyst,1,12,30
ch-5862206634,20260908,ch,BA,business analyst,2,73,196
ch-5862212824,20260908,ch,BI,BI analyst,1,3,3
ch-5862212824,20260908,ch,BA,business analyst,2,72,196
ch-5862876803,20260908,ch,BA,business analyst,2,71,196
ch-5862909113,20260908,ch,BA,business analyst,2,70,196
ch-5862911922,20260908,ch,BA,business analyst,2,69,196
ch-5862915600,20260908,ch,BA,business analyst,2,68,196
ch-5863094617,20260908,ch,DA,data analyst,1,11,30
ch-5863591272,20260908,ch,BA,business analyst,2,67,196
ch-5864095581,20260908,ch,BA,business analyst,2,66,196
ch-5864313658,20260908,ch,BA,business analyst,2,65,196
ch-5864313785,20260908,ch,BA,business analyst,2,64,196
ch-5864317496,20260908,ch,BA,business analyst,2,63,196
ch-5864318861,20260908,ch,DA,data analyst,1,10,30
ch-5864319035,20260908,ch,BA,business analyst,2,62,196
ch-5864321835,20260908,ch,BA,business analyst,2,61,196
ch-5864521373,20260908,ch,BA,business analyst,2,60,196
ch-5865208172,20260908,ch,BA,business analyst,2,59,196
ch-5865238768,20260908,ch,BA,business analyst,2,58,196
ch-5866723075,20260908,ch,BA,business analyst,2,57,196
ch-5866773861,20260908,ch,BA,business analyst,2,56,196
ch-5866881818,20260908,ch,BA,business analyst,2,55,196
ch-5866881961,20260908,ch,BA,business analyst,2,54,196
ch-5866882433,20260908,ch,BA,business analyst,2,53,196
ch-5866883860,20260908,ch,BA,business analyst,2,52,196
ch-5866885100,20260908,ch,BA,business analyst,2,51,196
ch-5866891317,20260908,ch,DA,data analyst,1,9,30
ch-5866893383,20260908,ch,BA,business analyst,1,50,196
ch-5867052084,20260908,ch,BA,business analyst,1,49,196
ch-5867052309,20260908,ch,BA,business analyst,1,48,196
ch-5867053397,20260908,ch,BA,business analyst,1,47,196
ch-5867073213,20260908,ch,BA,business analyst,1,46,196
ch-5867074233,20260908,ch,BA,business analyst,1,45,196
ch-5867075609,20260908,ch,BA,business analyst,1,44,196
ch-5867084032,20260908,ch,BA,business analyst,1,43,196
ch-5867085074,20260908,ch,BA,business analyst,1,42,196
ch-5867624725,20260908,ch,BA,business analyst,1,41,196
ch-5868666197,20260908,ch,BA,business analyst,1,40,196
ch-5868666937,20260908,ch,BA,business analyst,1,39,196
ch-5868667867,20260908,ch,BA,business analyst,1,38,196
ch-5868880783,20260908,ch,BI,BI analyst,1,2,3
ch-5868880783,20260908,ch,BA,business analyst,1,37,196
ch-5868880944,20260908,ch,DA,data analyst,1,8,30
ch-5868882186,20260908,ch,BA,business analyst,1,36,196
ch-5868886922,20260908,ch,BA,business analyst,1,35,196
ch-5868887400,20260908,ch,BA,business analyst,1,34,196
ch-5868888097,20260908,ch,BA,business analyst,1,33,196
ch-5869532600,20260908,ch,BA,business analyst,1,32,196
ch-5870421670,20260908,ch,BA,business analyst,1,31,196
ch-5870422413,20260908,ch,BA,business analyst,1,30,196
ch-5870422551,20260908,ch,BA,business analyst,1,29,196
ch-5870422848,20260908,ch,BA,business analyst,1,28,196
ch-5870580469,20260908,ch,BA,business analyst,1,27,196
ch-5870580585,20260908,ch,BA,business analyst,1,26,196
ch-5870587128,20260908,ch,BA,business analyst,1,25,196
ch-5870588150,20260908,ch,BA,business analyst,1,24,196
ch-5870590169,20260908,ch,BA,business analyst,1,23,196
ch-5870590503,20260908,ch,BA,business analyst,1,22,196
ch-5870592926,20260908,ch,DA,data analyst,1,7,30
ch-5870597130,20260908,ch,BA,business analyst,1,21,196
ch-5870597583,20260908,ch,BA,business analyst,1,20,196
ch-5870599269,20260908,ch,BA,business analyst,1,19,196
ch-5871134674,20260908,ch,BA,business analyst,1,18,196
ch-5871135120,20260908,ch,BA,business analyst,1,17,196
ch-5871135198,20260908,ch,BA,business analyst,1,16,196
ch-5871135545,20260908,ch,BA,business analyst,1,15,196
ch-5871764575,20260908,ch,BA,business analyst,1,14,196
ch-5871764843,20260908,ch,BA,business analyst,1,13,196
ch-5871765319,20260908,ch,BA,business analyst,1,12,196
ch-5871765334,20260908,ch,BA,business analyst,1,11,196
ch-5871765764,20260908,ch,BA,business analyst,1,10,196
ch-5871766315,20260908,ch,BA,business analyst,1,9,196
ch-5871766533,20260908,ch,BA,business analyst,1,8,196
ch-5871969399,20260908,ch,DA,data analyst,1,6,30
ch-5871981354,20260908,ch,BA,business analyst,1,7,196
ch-5871981944,20260908,ch,BA,business analyst,1,6,196
ch-5871982189,20260908,ch,BA,business analyst,1,5,196
ch-5872314605,20260908,ch,BA,business analyst,1,4,196
ch-5872391554,20260908,ch,DA,data analyst,1,5,30
ch-5872391566,20260908,ch,DA,data analyst,1,4,30
ch-5873050759,20260908,ch,BA,business analyst,1,3,196
ch-5873050759,20260908,ch,DA,data analyst,1,3,30
ch-5873053165,20260908,ch,DA,data analyst,1,2,30
ch-5873437167,20260908,ch,BI,BI analyst,1,1,3
ch-5874921330,20260908,ch,BA,business analyst,1,2,196
ch-5874921330,20260908,ch,DA,data analyst,1,1,30
ch-5875433332,20260908,ch,BA,business analyst,1,1,196
de-5330215394,20260908,de,BI,BI analyst,1,22,22
de-5479764604,20260908,de,BI,BI analyst,1,21,22
de-5485143529,20260908,de,DA,datenanalyst,1,29,29
de-5576705961,20260908,de,DA,datenanalyst,1,28,29
de-5622127807,20260908,de,DA,datenanalyst,1,27,29
de-5632671837,20260908,de,DA,datenanalyst,1,26,29
de-5727102241,20260908,de,BI,business intelligence analyst,1,8,8
de-5727297937,20260908,de,BI,BI analyst,1,20,22
de-5746660312,20260908,de,BI,business intelligence analyst,1,7,8
de-5751150763,20260908,de,BI,BI analyst,1,19,22
de-5752449435,20260908,de,DA,data analyst,5,250,296
de-5752459828,20260908,de,DA,data analyst,5,249,296
de-5754706908,20260908,de,DA,data analyst,5,248,296
de-5760275458,20260908,de,DA,data analyst,5,247,296
de-5760511308,20260908,de,DA,data analyst,5,246,296
de-5761817545,20260908,de,DA,data analyst,5,245,296
de-5762114133,20260908,de,DA,data analyst,5,244,296
de-5762859564,20260908,de,DA,data analyst,5,243,296
de-5765089843,20260908,de,DA,data analyst,5,242,296
de-5766006398,20260908,de,DA,data analyst,5,241,296
de-5767220946,20260908,de,DA,data analyst,5,240,296
de-5767410711,20260908,de,DA,data analyst,5,239,296
de-5770486747,20260908,de,DA,data analyst,5,238,296
de-5771981727,20260908,de,DA,data analyst,5,237,296
de-5774396511,20260908,de,BI,BI analyst,1,18,22
de-5775234210,20260908,de,DA,data analyst,5,236,296
de-5780538507,20260908,de,DA,data analyst,5,235,296
de-5780558194,20260908,de,DA,data analyst,5,234,296
de-5780991585,20260908,de,DA,data analyst,5,233,296
de-5782538825,20260908,de,DA,data analyst,5,232,296
de-5782547945,20260908,de,DA,data analyst,5,231,296
de-5784282088,20260908,de,DA,data analyst,5,230,296
de-5786675236,20260908,de,DA,data analyst,5,229,296
de-5786675237,20260908,de,DA,data analyst,5,228,296
de-5786679727,20260908,de,DA,data analyst,5,227,296
de-5787325956,20260908,de,DA,datenanalyst,1,25,29
de-5787618351,20260908,de,DA,data analyst,5,226,296
de-5788489663,20260908,de,DA,data analyst,5,225,296
de-5791613467,20260908,de,DA,data analyst,5,224,296
de-5793217303,20260908,de,DA,datenanalyst,1,24,29
de-5793393035,20260908,de,DA,data analyst,5,223,296
de-5794024968,20260908,de,DA,data analyst,5,222,296
de-5794789776,20260908,de,DA,data analyst,5,221,296
de-5794801891,20260908,de,DA,data analyst,5,220,296
de-5796235359,20260908,de,BI,BI analyst,1,17,22
de-5798313105,20260908,de,DA,data analyst,5,219,296
de-5799974240,20260908,de,DA,data analyst,5,218,296
de-5801823022,20260908,de,DA,data analyst,5,217,296
de-5802935348,20260908,de,DA,data analyst,5,215,296
de-5802935351,20260908,de,DA,data analyst,5,216,296
de-5802941272,20260908,de,DA,data analyst,5,214,296
de-5802961901,20260908,de,BI,BI analyst,1,16,22
de-5802963262,20260908,de,DA,data analyst,5,213,296
de-5802969084,20260908,de,DA,data analyst,5,212,296
de-5802971414,20260908,de,DA,data analyst,5,211,296
de-5802975615,20260908,de,DA,data analyst,5,210,296
de-5802980918,20260908,de,DA,data analyst,5,209,296
de-5802987103,20260908,de,DA,data analyst,5,208,296
de-5803454368,20260908,de,DA,data analyst,5,207,296
de-5803923930,20260908,de,DA,datenanalyst,1,23,29
de-5803943655,20260908,de,DA,data analyst,5,206,296
de-5804545971,20260908,de,DA,data analyst,5,205,296
de-5804553762,20260908,de,BI,BI analyst,1,15,22
de-5804554931,20260908,de,DA,data analyst,5,204,296
de-5805353472,20260908,de,DA,data analyst,5,203,296
de-5806175401,20260908,de,DA,data analyst,5,202,296
de-5808204469,20260908,de,DA,datenanalyst,1,22,29
de-5808554689,20260908,de,DA,data analyst,5,201,296
de-5809361546,20260908,de,DA,datenanalyst,1,21,29
de-5810334767,20260908,de,DA,datenanalyst,1,20,29
de-5810565879,20260908,de,DA,data analyst,4,200,296
de-5811155558,20260908,de,DA,data analyst,4,199,296
de-5811747254,20260908,de,DA,data analyst,4,198,296
de-5812407986,20260908,de,DA,data analyst,4,197,296
de-5812644167,20260908,de,DA,data analyst,4,196,296
de-5813675699,20260908,de,DA,data analyst,4,195,296
de-5816408358,20260908,de,DA,data analyst,4,194,296
de-5816415778,20260908,de,BI,BI analyst,1,14,22
de-5816491278,20260908,de,DA,datenanalyst,1,19,29
de-5821137355,20260908,de,DA,data analyst,4,193,296
de-5821322166,20260908,de,DA,data analyst,4,192,296
de-5825713005,20260908,de,DA,data analyst,4,191,296
de-5825713188,20260908,de,DA,data analyst,4,190,296
de-5825767190,20260908,de,DA,data analyst,4,189,296
de-5825806283,20260908,de,DA,data analyst,4,188,296
de-5827630039,20260908,de,DA,data analyst,4,187,296
de-5829292588,20260908,de,DA,data analyst,4,186,296
de-5830637305,20260908,de,BI,BI analyst,1,13,22
de-5830637305,20260908,de,DA,data analyst,4,185,296
de-5830749157,20260908,de,DA,data analyst,4,184,296
de-5831313567,20260908,de,DA,data analyst,4,183,296
de-5831968659,20260908,de,DA,data analyst,4,182,296
de-5832180650,20260908,de,DA,data analyst,4,181,296
de-5832194729,20260908,de,DA,data analyst,4,180,296
de-5833425418,20260908,de,DA,data analyst,4,179,296
de-5833425456,20260908,de,DA,data analyst,4,178,296
de-5833592056,20260908,de,DA,data analyst,4,177,296
de-5833598668,20260908,de,DA,data analyst,4,176,296
de-5833618547,20260908,de,DA,data analyst,4,175,296
de-5833647960,20260908,de,DA,data analyst,4,174,296
de-5833708491,20260908,de,DA,data analyst,4,173,296
de-5834385116,20260908,de,DA,data analyst,4,172,296
de-5834806004,20260908,de,BI,BI analyst,1,12,22
de-5834806004,20260908,de,DA,data analyst,4,171,296
de-5835180910,20260908,de,BI,BI analyst,1,11,22
de-5835234446,20260908,de,BI,BI analyst,1,10,22
de-5835493879,20260908,de,DA,datenanalyst,1,18,29
de-5835515492,20260908,de,BI,BI analyst,1,9,22
de-5835557994,20260908,de,BI,BI analyst,1,8,22
de-5835557994,20260908,de,DA,data analyst,4,170,296
de-5835783804,20260908,de,DA,data analyst,4,169,296
de-5835794982,20260908,de,DA,data analyst,4,168,296
de-5835856791,20260908,de,BI,BI analyst,1,7,22
de-5838216392,20260908,de,DA,data analyst,4,167,296
de-5838375932,20260908,de,DA,data analyst,4,166,296
de-5838745256,20260908,de,DA,data analyst,4,165,296
de-5840262921,20260908,de,DA,data analyst,4,164,296
de-5840355044,20260908,de,DA,data analyst,4,163,296
de-5840508797,20260908,de,DA,data analyst,4,162,296
de-5841890799,20260908,de,DA,data analyst,4,161,296
de-5841997634,20260908,de,DA,data analyst,4,160,296
de-5842039733,20260908,de,DA,data analyst,4,159,296
de-5842047732,20260908,de,DA,data analyst,4,158,296
de-5842069766,20260908,de,DA,data analyst,4,157,296
de-5842729684,20260908,de,DA,data analyst,4,156,296
de-5843240583,20260908,de,DA,data analyst,4,155,296
de-5843300954,20260908,de,DA,data analyst,4,154,296
de-5844198313,20260908,de,BI,BI analyst,1,6,22
de-5844372604,20260908,de,DA,data analyst,4,153,296
de-5845778274,20260908,de,DA,data analyst,4,152,296
de-5845897971,20260908,de,DA,data analyst,4,151,296
de-5847068515,20260908,de,DA,data analyst,3,150,296
de-5847435609,20260908,de,DA,datenanalyst,1,17,29
de-5847626132,20260908,de,DA,data analyst,3,149,296
de-5847687462,20260908,de,DA,data analyst,3,148,296
de-5847722529,20260908,de,DA,data analyst,3,147,296
de-5848032631,20260908,de,DA,data analyst,3,146,296
de-5848115620,20260908,de,BI,BI analyst,1,5,22
de-5848115620,20260908,de,DA,data analyst,3,145,296
de-5848128975,20260908,de,DA,data analyst,3,144,296
de-5848232080,20260908,de,DA,data analyst,3,143,296
de-5848496731,20260908,de,DA,data analyst,3,142,296
de-5848533692,20260908,de,DA,data analyst,3,141,296
de-5848586738,20260908,de,DA,data analyst,3,140,296
de-5849082736,20260908,de,DA,datenanalyst,1,16,29
de-5849251398,20260908,de,DA,data analyst,3,139,296
de-5849325391,20260908,de,DA,data analyst,3,138,296
de-5849585787,20260908,de,DA,data analyst,3,137,296
de-5849585790,20260908,de,DA,data analyst,3,136,296
de-5849769507,20260908,de,DA,data analyst,3,135,296
de-5849808301,20260908,de,DA,data analyst,3,134,296
de-5850001762,20260908,de,DA,data analyst,3,133,296
de-5850159030,20260908,de,DA,data analyst,3,132,296
de-5850417363,20260908,de,DA,data analyst,3,131,296
de-5850731785,20260908,de,DA,data analyst,3,130,296
de-5851307364,20260908,de,DA,data analyst,3,129,296
de-5851313135,20260908,de,DA,data analyst,3,128,296
de-5851326698,20260908,de,DA,data analyst,3,127,296
de-5851345939,20260908,de,DA,datenanalyst,1,15,29
de-5851395837,20260908,de,DA,data analyst,3,126,296
de-5852181999,20260908,de,DA,data analyst,3,125,296
de-5852480853,20260908,de,DA,data analyst,3,124,296
de-5852577992,20260908,de,DA,data analyst,3,123,296
de-5852710200,20260908,de,DA,datenanalyst,1,14,29
de-5853561751,20260908,de,DA,datenanalyst,1,13,29
de-5853565462,20260908,de,DA,data analyst,3,122,296
de-5853565462,20260908,de,DA,datenanalyst,1,12,29
de-5853722616,20260908,de,DA,data analyst,3,121,296
de-5854367551,20260908,de,DA,data analyst,3,120,296
de-5854367552,20260908,de,DA,data analyst,3,119,296
de-5854422641,20260908,de,DA,data analyst,3,118,296
de-5854692629,20260908,de,DA,data analyst,3,117,296
de-5854821554,20260908,de,DA,data analyst,3,116,296
de-5855327520,20260908,de,DA,data analyst,3,115,296
de-5855434419,20260908,de,DA,data analyst,3,114,296
de-5855591218,20260908,de,BI,business intelligence analyst,1,6,8
de-5855591218,20260908,de,DA,data analyst,3,113,296
de-5855599314,20260908,de,DA,data analyst,3,112,296
de-5856084517,20260908,de,DA,data analyst,3,111,296
de-5856263806,20260908,de,DA,datenanalyst,1,11,29
de-5856263876,20260908,de,BI,BI analyst,1,4,22
de-5856263876,20260908,de,DA,data analyst,3,110,296
de-5856676532,20260908,de,DA,data analyst,3,109,296
de-5856974440,20260908,de,DA,data analyst,3,108,296
de-5857113284,20260908,de,DA,data analyst,3,107,296
de-5857315270,20260908,de,DA,data analyst,3,106,296
de-5857319234,20260908,de,DA,data analyst,3,105,296
de-5857626297,20260908,de,DA,data analyst,3,104,296
de-5857692590,20260908,de,DA,data analyst,3,103,296
de-5857805575,20260908,de,DA,data analyst,3,102,296
de-5857993681,20260908,de,DA,data analyst,3,101,296
de-5858169364,20260908,de,DA,data analyst,2,100,296
de-5858186004,20260908,de,DA,data analyst,2,99,296
de-5858230960,20260908,de,DA,data analyst,2,98,296
de-5858237375,20260908,de,DA,data analyst,2,97,296
de-5858241214,20260908,de,DA,data analyst,2,86,296
de-5858241215,20260908,de,DA,data analyst,2,93,296
de-5858241216,20260908,de,DA,data analyst,2,91,296
de-5858241217,20260908,de,DA,data analyst,2,94,296
de-5858241220,20260908,de,DA,data analyst,2,89,296
de-5858241222,20260908,de,DA,data analyst,2,92,296
de-5858241224,20260908,de,DA,data analyst,2,96,296
de-5858241225,20260908,de,DA,data analyst,2,87,296
de-5858241230,20260908,de,DA,data analyst,2,95,296
de-5858241232,20260908,de,DA,data analyst,2,88,296
de-5858241233,20260908,de,DA,data analyst,2,90,296
de-5858241234,20260908,de,DA,data analyst,2,78,296
de-5858241235,20260908,de,DA,data analyst,2,81,296
de-5858241236,20260908,de,DA,data analyst,2,80,296
de-5858241237,20260908,de,DA,data analyst,2,79,296
de-5858241238,20260908,de,DA,data analyst,2,85,296
de-5858241239,20260908,de,DA,data analyst,2,83,296
de-5858241240,20260908,de,DA,data analyst,2,82,296
de-5858241241,20260908,de,DA,data analyst,2,77,296
de-5858241243,20260908,de,DA,data analyst,2,76,296
de-5858241244,20260908,de,DA,data analyst,2,75,296
de-5858241247,20260908,de,DA,data analyst,2,84,296
de-5858242933,20260908,de,BI,business intelligence analyst,1,5,8
de-5858265769,20260908,de,DA,data analyst,2,74,296
de-5858329815,20260908,de,DA,data analyst,2,73,296
de-5858487962,20260908,de,DA,datenanalyst,1,10,29
de-5858502452,20260908,de,DA,data analyst,2,72,296
de-5858512268,20260908,de,DA,data analyst,2,71,296
de-5858577600,20260908,de,BI,business intelligence analyst,1,4,8
de-5858577600,20260908,de,DA,data analyst,2,70,296
de-5858661082,20260908,de,DA,data analyst,2,69,296
de-5858728979,20260908,de,DA,data analyst,2,68,296
de-5858838387,20260908,de,DA,data analyst,2,67,296
de-5858907192,20260908,de,BI,business intelligence analyst,1,3,8
de-5858907192,20260908,de,DA,data analyst,2,66,296
de-5859138453,20260908,de,DA,data analyst,2,65,296
de-5859138618,20260908,de,DA,data analyst,2,64,296
de-5859165714,20260908,de,DA,data analyst,2,63,296
de-5859654609,20260908,de,DA,data analyst,2,61,296
de-5859654610,20260908,de,DA,data analyst,2,62,296
de-5859654611,20260908,de,DA,data analyst,2,60,296
de-5859871991,20260908,de,DA,data analyst,2,59,296
de-5859890717,20260908,de,DA,data analyst,2,58,296
de-5859891409,20260908,de,DA,data analyst,2,57,296
de-5860576256,20260908,de,DA,data analyst,2,56,296
de-5860798575,20260908,de,DA,data analyst,2,55,296
de-5861202126,20260908,de,DA,data analyst,2,54,296
de-5861225956,20260908,de,DA,datenanalyst,1,9,29
de-5861314826,20260908,de,DA,data analyst,2,53,296
de-5862103183,20260908,de,DA,data analyst,2,52,296
de-5862118873,20260908,de,DA,data analyst,2,51,296
de-5862125839,20260908,de,DA,datenanalyst,1,8,29
de-5863094623,20260908,de,DA,data analyst,1,50,296
de-5863612058,20260908,de,DA,data analyst,1,49,296
de-5863811463,20260908,de,DA,data analyst,1,48,296
de-5864593761,20260908,de,DA,data analyst,1,47,296
de-5864751829,20260908,de,DA,data analyst,1,46,296
de-5864752274,20260908,de,BA,business analyst,5,250,902
de-5864752337,20260908,de,BA,business analyst,5,249,902
de-5864752337,20260908,de,DA,data analyst,1,45,296
de-5864754317,20260908,de,BA,business analyst,5,246,902
de-5864754326,20260908,de,BA,business analyst,5,247,902
de-5864754327,20260908,de,BA,business analyst,5,245,902
de-5864754340,20260908,de,BA,business analyst,5,248,902
de-5864754347,20260908,de,BA,business analyst,5,244,902
de-5864754351,20260908,de,BA,business analyst,5,232,902
de-5864754352,20260908,de,BA,business analyst,5,233,902
de-5864754355,20260908,de,BA,business analyst,5,243,902
de-5864754356,20260908,de,BA,business analyst,5,235,902
de-5864754357,20260908,de,BA,business analyst,5,239,902
de-5864754360,20260908,de,BA,business analyst,5,237,902
de-5864754361,20260908,de,BA,business analyst,5,238,902
de-5864754368,20260908,de,BA,business analyst,5,241,902
de-5864754374,20260908,de,BA,business analyst,5,234,902
de-5864754377,20260908,de,BA,business analyst,5,236,902
de-5864754379,20260908,de,BA,business analyst,5,242,902
de-5864754412,20260908,de,BA,business analyst,5,240,902
de-5864754493,20260908,de,BA,business analyst,5,231,902
de-5864754539,20260908,de,BA,business analyst,5,230,902
de-5864785135,20260908,de,BA,business analyst,5,229,902
de-5864798580,20260908,de,BA,business analyst,5,228,902
de-5864807023,20260908,de,BA,business analyst,5,227,902
de-5865026942,20260908,de,BA,business analyst,5,226,902
de-5865037184,20260908,de,BA,business analyst,5,225,902
de-5865132455,20260908,de,DA,data analyst,1,44,296
de-5865133388,20260908,de,DA,data analyst,1,43,296
de-5865134979,20260908,de,BA,business analyst,5,224,902
de-5865136526,20260908,de,BA,business analyst,5,223,902
de-5865242906,20260908,de,BA,business analyst,5,222,902
de-5865808146,20260908,de,BA,business analyst,5,221,902
de-5865808878,20260908,de,BA,business analyst,5,220,902
de-5865994095,20260908,de,BA,business analyst,5,219,902
de-5866020234,20260908,de,BA,business analyst,5,218,902
de-5866022033,20260908,de,BA,business analyst,5,217,902
de-5866120252,20260908,de,BA,business analyst,5,216,902
de-5866229420,20260908,de,BA,business analyst,5,215,902
de-5866285263,20260908,de,BA,business analyst,5,214,902
de-5866320361,20260908,de,BA,business analyst,5,213,902
de-5866572896,20260908,de,BA,business analyst,5,212,902
de-5866676670,20260908,de,BA,business analyst,5,209,902
de-5866676672,20260908,de,BA,business analyst,5,210,902
de-5866676689,20260908,de,BA,business analyst,5,211,902
de-5866676779,20260908,de,BA,business analyst,5,207,902
de-5866676782,20260908,de,BA,business analyst,5,208,902
de-5866676789,20260908,de,BA,business analyst,5,205,902
de-5866676790,20260908,de,BA,business analyst,5,204,902
de-5866676792,20260908,de,BA,business analyst,5,206,902
de-5866676799,20260908,de,BA,business analyst,5,202,902
de-5866676803,20260908,de,BA,business analyst,5,203,902
de-5866676853,20260908,de,BA,business analyst,5,201,902
de-5866676876,20260908,de,BA,business analyst,4,200,902
de-5866677108,20260908,de,BA,business analyst,4,199,902
de-5866677158,20260908,de,BA,business analyst,4,198,902
de-5866919183,20260908,de,BA,business analyst,4,197,902
de-5866919499,20260908,de,BA,business analyst,4,196,902
de-5866943465,20260908,de,BA,business analyst,4,195,902
de-5867004154,20260908,de,DA,data analyst,1,42,296
de-5867040194,20260908,de,BA,business analyst,4,194,902
de-5867100794,20260908,de,BA,business analyst,4,193,902
de-5867100988,20260908,de,BA,business analyst,4,192,902
de-5867165493,20260908,de,BA,business analyst,4,191,902
de-5867197926,20260908,de,BA,business analyst,4,190,902
de-5867197926,20260908,de,DA,data analyst,1,41,296
de-5867219861,20260908,de,BA,business analyst,4,189,902
de-5867225687,20260908,de,BA,business analyst,4,188,902
de-5867235006,20260908,de,BA,business analyst,4,187,902
de-5867251090,20260908,de,BA,business analyst,4,186,902
de-5867259205,20260908,de,BA,business analyst,4,185,902
de-5867276716,20260908,de,DA,data analyst,1,40,296
de-5867307429,20260908,de,DA,data analyst,1,39,296
de-5867425265,20260908,de,BA,business analyst,4,184,902
de-5867425267,20260908,de,BA,business analyst,4,183,902
de-5867426501,20260908,de,BA,business analyst,4,182,902
de-5867436476,20260908,de,BA,business analyst,4,181,902
de-5867625023,20260908,de,BA,business analyst,4,180,902
de-5867754936,20260908,de,BA,business analyst,4,179,902
de-5867799719,20260908,de,BA,business analyst,4,178,902
de-5868095631,20260908,de,BA,business analyst,4,177,902
de-5868096405,20260908,de,BA,business analyst,4,176,902
de-5868154580,20260908,de,BA,business analyst,4,175,902
de-5868154596,20260908,de,BI,BI analyst,1,3,22
de-5868154596,20260908,de,BA,business analyst,4,174,902
de-5868154596,20260908,de,DA,data analyst,1,38,296
de-5868157312,20260908,de,BA,business analyst,4,173,902
de-5868413713,20260908,de,BA,business analyst,4,172,902
de-5868413877,20260908,de,BA,business analyst,4,171,902
de-5868413976,20260908,de,BA,business analyst,4,169,902
de-5868414016,20260908,de,BA,business analyst,4,170,902
de-5868414052,20260908,de,BA,business analyst,4,168,902
de-5868414177,20260908,de,BA,business analyst,4,166,902
de-5868414256,20260908,de,BA,business analyst,4,167,902
de-5868439002,20260908,de,BA,business analyst,4,165,902
de-5868510508,20260908,de,BA,business analyst,4,163,902
de-5868510509,20260908,de,BA,business analyst,4,164,902
de-5868510515,20260908,de,BA,business analyst,4,162,902
de-5868510521,20260908,de,BA,business analyst,4,161,902
de-5868510591,20260908,de,BA,business analyst,4,160,902
de-5868510699,20260908,de,DA,data analyst,1,37,296
de-5868510978,20260908,de,BA,business analyst,4,159,902
de-5868510981,20260908,de,BA,business analyst,4,158,902
de-5868544356,20260908,de,DA,data analyst,1,36,296
de-5868889250,20260908,de,BA,business analyst,4,157,902
de-5868892953,20260908,de,DA,data analyst,1,35,296
de-5869038599,20260908,de,BA,business analyst,4,156,902
de-5869038924,20260908,de,BA,business analyst,4,155,902
de-5869039336,20260908,de,BA,business analyst,4,154,902
de-5869076623,20260908,de,BI,BI analyst,1,2,22
de-5869077840,20260908,de,BA,business analyst,4,153,902
de-5869154698,20260908,de,BA,business analyst,4,152,902
de-5869210764,20260908,de,BA,business analyst,4,151,902
de-5869212189,20260908,de,DA,data analyst,1,34,296
de-5869219989,20260908,de,BA,business analyst,3,150,902
de-5869221531,20260908,de,BA,business analyst,3,149,902
de-5869226460,20260908,de,BA,business analyst,3,148,902
de-5869245425,20260908,de,BA,business analyst,3,147,902
de-5869245425,20260908,de,BI,business intelligence analyst,1,2,8
de-5869272970,20260908,de,BA,business analyst,3,146,902
de-5869282795,20260908,de,BA,business analyst,3,145,902
de-5869335341,20260908,de,BA,business analyst,3,144,902
de-5869358608,20260908,de,BA,business analyst,3,143,902
de-5869384550,20260908,de,BA,business analyst,3,142,902
de-5869477484,20260908,de,BA,business analyst,3,141,902
de-5869478320,20260908,de,BA,business analyst,3,140,902
de-5869545707,20260908,de,BA,business analyst,3,139,902
de-5869665493,20260908,de,BA,business analyst,3,138,902
de-5869911785,20260908,de,BA,business analyst,3,137,902
de-5869911804,20260908,de,BA,business analyst,3,136,902
de-5869912761,20260908,de,BA,business analyst,3,135,902
de-5869977676,20260908,de,BA,business analyst,3,134,902
de-5870114373,20260908,de,BA,business analyst,3,133,902
de-5870114579,20260908,de,BA,business analyst,3,132,902
de-5870222007,20260908,de,BA,business analyst,3,131,902
de-5870222049,20260908,de,BA,business analyst,3,130,902
de-5870222082,20260908,de,BA,business analyst,3,129,902
de-5870222099,20260908,de,BA,business analyst,3,127,902
de-5870222121,20260908,de,BA,business analyst,3,128,902
de-5870222306,20260908,de,BA,business analyst,3,120,902
de-5870222309,20260908,de,BA,business analyst,3,125,902
de-5870222311,20260908,de,BA,business analyst,3,121,902
de-5870222312,20260908,de,BA,business analyst,3,122,902
de-5870222313,20260908,de,BA,business analyst,3,124,902
de-5870222315,20260908,de,BA,business analyst,3,123,902
de-5870222316,20260908,de,BA,business analyst,3,126,902
de-5870222323,20260908,de,BA,business analyst,3,119,902
de-5870460928,20260908,de,DA,data analyst,1,33,296
de-5870466679,20260908,de,BA,business analyst,3,118,902
de-5870557331,20260908,de,BA,business analyst,3,117,902
de-5870609930,20260908,de,BA,business analyst,3,116,902
de-5870610068,20260908,de,DA,data analyst,1,32,296
de-5870610138,20260908,de,BA,business analyst,3,115,902
de-5870636941,20260908,de,BA,business analyst,3,114,902
de-5870673286,20260908,de,BA,business analyst,3,113,902
de-5870692683,20260908,de,DA,data analyst,1,31,296
de-5870692683,20260908,de,DA,datenanalyst,1,7,29
de-5870692692,20260908,de,BA,business analyst,3,112,902
de-5870692904,20260908,de,DA,data analyst,1,30,296
de-5870695330,20260908,de,DA,data analyst,1,29,296
de-5870740760,20260908,de,DA,data analyst,1,28,296
de-5870751059,20260908,de,BA,business analyst,3,111,902
de-5870755630,20260908,de,BA,business analyst,3,110,902
de-5870764188,20260908,de,DA,datenanalyst,1,6,29
de-5870766278,20260908,de,BA,business analyst,3,109,902
de-5870800132,20260908,de,BA,business analyst,3,108,902
de-5870800132,20260908,de,DA,data analyst,1,27,296
de-5870850264,20260908,de,DA,data analyst,1,26,296
de-5870919212,20260908,de,BA,business analyst,3,107,902
de-5870919268,20260908,de,BA,business analyst,3,106,902
de-5871008983,20260908,de,BA,business analyst,3,105,902
de-5871070053,20260908,de,DA,data analyst,1,25,296
de-5871120602,20260908,de,DA,data analyst,1,24,296
de-5871120602,20260908,de,DA,datenanalyst,1,5,29
de-5871128043,20260908,de,BA,business analyst,3,104,902
de-5871135186,20260908,de,BA,business analyst,3,103,902
de-5871265665,20260908,de,BA,business analyst,3,102,902
de-5871337708,20260908,de,DA,data analyst,1,23,296
de-5871403440,20260908,de,BA,business analyst,3,101,902
de-5871405313,20260908,de,BA,business analyst,2,100,902
de-5871407493,20260908,de,DA,data analyst,1,22,296
de-5871419093,20260908,de,BA,business analyst,2,99,902
de-5871419748,20260908,de,BA,business analyst,2,98,902
de-5871420857,20260908,de,DA,data analyst,1,21,296
de-5871426380,20260908,de,DA,data analyst,1,20,296
de-5871509571,20260908,de,BA,business analyst,2,97,902
de-5871768323,20260908,de,DA,data analyst,1,19,296
de-5871980875,20260908,de,DA,data analyst,1,18,296
de-5871980933,20260908,de,DA,data analyst,1,17,296
de-5871983352,20260908,de,BA,business analyst,2,96,902
de-5872119603,20260908,de,BA,business analyst,2,95,902
de-5872119603,20260908,de,BI,business intelligence analyst,1,1,8
de-5872128372,20260908,de,BA,business analyst,2,94,902
de-5872133269,20260908,de,BA,business analyst,2,93,902
de-5872133872,20260908,de,BA,business analyst,2,92,902
de-5872135025,20260908,de,BA,business analyst,2,91,902
de-5872141470,20260908,de,BA,business analyst,2,90,902
de-5872142852,20260908,de,BA,business analyst,2,89,902
de-5872145888,20260908,de,BA,business analyst,2,88,902
de-5872157565,20260908,de,BA,business analyst,2,87,902
de-5872158455,20260908,de,BA,business analyst,2,86,902
de-5872158617,20260908,de,BA,business analyst,2,85,902
de-5872158981,20260908,de,BA,business analyst,2,84,902
de-5872159873,20260908,de,BA,business analyst,2,83,902
de-5872189453,20260908,de,DA,data analyst,1,16,296
de-5872196310,20260908,de,DA,data analyst,1,15,296
de-5872671396,20260908,de,BA,business analyst,2,82,902
de-5872711289,20260908,de,BA,business analyst,2,81,902
de-5872716183,20260908,de,BA,business analyst,2,80,902
de-5872718161,20260908,de,BA,business analyst,2,79,902
de-5872836336,20260908,de,BA,business analyst,2,78,902
de-5872868991,20260908,de,BA,business analyst,2,76,902
de-5872869000,20260908,de,BA,business analyst,2,74,902
de-5872869002,20260908,de,BA,business analyst,2,72,902
de-5872869003,20260908,de,BA,business analyst,2,77,902
de-5872869023,20260908,de,BA,business analyst,2,75,902
de-5872869036,20260908,de,BA,business analyst,2,71,902
de-5872869040,20260908,de,BA,business analyst,2,70,902
de-5872869043,20260908,de,BA,business analyst,2,73,902
de-5872869055,20260908,de,BA,business analyst,2,69,902
de-5872869059,20260908,de,BA,business analyst,2,67,902
de-5872869064,20260908,de,BA,business analyst,2,68,902
de-5872869306,20260908,de,BA,business analyst,2,63,902
de-5872869315,20260908,de,BA,business analyst,2,65,902
de-5872869318,20260908,de,BA,business analyst,2,66,902
de-5872869319,20260908,de,BA,business analyst,2,64,902
de-5872869321,20260908,de,BA,business analyst,2,60,902
de-5872869322,20260908,de,DA,data analyst,1,13,296
de-5872869324,20260908,de,BA,business analyst,2,59,902
de-5872869325,20260908,de,BA,business analyst,2,61,902
de-5872869326,20260908,de,BA,business analyst,2,62,902
de-5872869343,20260908,de,DA,data analyst,1,14,296
de-5872869345,20260908,de,BA,business analyst,2,58,902
de-5872869345,20260908,de,DA,data analyst,1,12,296
de-5872960651,20260908,de,DA,datenanalyst,1,4,29
de-5873064965,20260908,de,BA,business analyst,2,57,902
de-5873064966,20260908,de,BA,business analyst,2,56,902
de-5873064967,20260908,de,BA,business analyst,2,55,902
de-5873130381,20260908,de,BA,business analyst,2,54,902
de-5873208726,20260908,de,BA,business analyst,2,53,902
de-5873211412,20260908,de,BA,business analyst,2,52,902
de-5873216272,20260908,de,BA,business analyst,2,51,902
de-5873219567,20260908,de,BI,BI analyst,1,1,22
de-5873558278,20260908,de,BA,business analyst,1,50,902
de-5873634548,20260908,de,BA,business analyst,1,49,902
de-5873635208,20260908,de,BA,business analyst,1,48,902
de-5873635871,20260908,de,DA,datenanalyst,1,3,29
de-5873636172,20260908,de,DA,data analyst,1,11,296
de-5873685422,20260908,de,DA,datenanalyst,1,2,29
de-5873685670,20260908,de,BA,business analyst,1,47,902
de-5873687151,20260908,de,BA,business analyst,1,46,902
de-5873690658,20260908,de,DA,data analyst,1,10,296
de-5873690763,20260908,de,BA,business analyst,1,45,902
de-5873692898,20260908,de,BA,business analyst,1,44,902
de-5873693491,20260908,de,BA,business analyst,1,43,902
de-5873774782,20260908,de,BA,business analyst,1,42,902
de-5873883176,20260908,de,BA,business analyst,1,40,902
de-5873883183,20260908,de,BA,business analyst,1,41,902
de-5873883186,20260908,de,BA,business analyst,1,39,902
de-5873883245,20260908,de,DA,data analyst,1,9,296
de-5873890700,20260908,de,BA,business analyst,1,38,902
de-5873891085,20260908,de,BA,business analyst,1,37,902
de-5873904190,20260908,de,BA,business analyst,1,36,902
de-5873913366,20260908,de,BA,business analyst,1,35,902
de-5874059885,20260908,de,BA,business analyst,1,34,902
de-5874076520,20260908,de,BA,business analyst,1,33,902
de-5874132105,20260908,de,BA,business analyst,1,32,902
de-5874179170,20260908,de,BA,business analyst,1,31,902
de-5874180482,20260908,de,BA,business analyst,1,29,902
de-5874180500,20260908,de,BA,business analyst,1,30,902
de-5874180910,20260908,de,DA,data analyst,1,8,296
de-5874185176,20260908,de,BA,business analyst,1,28,902
de-5874188083,20260908,de,BA,business analyst,1,27,902
de-5874189820,20260908,de,BA,business analyst,1,26,902
de-5874196276,20260908,de,BA,business analyst,1,25,902
de-5874196401,20260908,de,BA,business analyst,1,23,902
de-5874196424,20260908,de,BA,business analyst,1,24,902
de-5874306062,20260908,de,BA,business analyst,1,22,902
de-5874367707,20260908,de,BA,business analyst,1,21,902
de-5874368305,20260908,de,BA,business analyst,1,20,902
de-5874369278,20260908,de,BA,business analyst,1,19,902
de-5874947056,20260908,de,BA,business analyst,1,18,902
de-5874950684,20260908,de,BA,business analyst,1,17,902
de-5874960152,20260908,de,BA,business analyst,1,16,902
de-5874977778,20260908,de,BA,business analyst,1,15,902
de-5874992700,20260908,de,BA,business analyst,1,14,902
de-5875010436,20260908,de,DA,data analyst,1,7,296
de-5875138197,20260908,de,BA,business analyst,1,12,902
de-5875138215,20260908,de,BA,business analyst,1,13,902
de-5875138234,20260908,de,BA,business analyst,1,11,902
de-5875147926,20260908,de,DA,datenanalyst,1,1,29
de-5875148561,20260908,de,BA,business analyst,1,10,902
de-5875149493,20260908,de,DA,data analyst,1,6,296
de-5875150140,20260908,de,BA,business analyst,1,9,902
de-5875150496,20260908,de,BA,business analyst,1,8,902
de-5875162957,20260908,de,DA,data analyst,1,5,296
de-5875165011,20260908,de,DA,data analyst,1,4,296
de-5875166021,20260908,de,BA,business analyst,1,7,902
de-5875167516,20260908,de,BA,business analyst,1,6,902
de-5875170019,20260908,de,BA,business analyst,1,5,902
de-5875170573,20260908,de,BA,business analyst,1,4,902
de-5875209008,20260908,de,DA,data analyst,1,3,296
de-5875270653,20260908,de,BA,business analyst,1,3,902
de-5875286870,20260908,de,BA,business analyst,1,2,902
de-5875287821,20260908,de,DA,data analyst,1,2,296
de-5875504554,20260908,de,BA,business analyst,1,1,902
de-5875504554,20260908,de,DA,data analyst,1,1,296
es-3913351514,20260908,es,BA,business analyst,4,184,184
es-4338872287,20260908,es,DA,analista de datos,1,32,32
es-4844318797,20260908,es,DA,analista de datos,1,31,32
es-5053523221,20260908,es,DA,data analyst,5,220,220
es-5062368554,20260908,es,DA,data analyst,5,219,220
es-5414439868,20260908,es,BA,business analyst,4,183,184
es-5443261819,20260908,es,DA,data analyst,5,218,220
es-5448239326,20260908,es,BA,business analyst,4,182,184
es-5454305538,20260908,es,DA,data analyst,5,217,220
es-5455470367,20260908,es,DA,data analyst,5,216,220
es-5475582558,20260908,es,BA,business analyst,4,181,184
es-5486939001,20260908,es,BI,BI analyst,1,13,13
es-5486939001,20260908,es,DA,data analyst,5,215,220
es-5488503517,20260908,es,BA,business analyst,4,180,184
es-5542436881,20260908,es,BA,business analyst,4,179,184
es-5549132895,20260908,es,DA,data analyst,5,214,220
es-5552905057,20260908,es,DA,data analyst,5,213,220
es-5556867176,20260908,es,DA,data analyst,5,212,220
es-5584479066,20260908,es,DA,data analyst,5,211,220
es-5584544401,20260908,es,DA,data analyst,5,210,220
es-5602338439,20260908,es,DA,data analyst,5,209,220
es-5605372024,20260908,es,BA,business analyst,4,178,184
es-5638566356,20260908,es,DA,analista de datos,1,30,32
es-5642703201,20260908,es,BA,business analyst,4,177,184
es-5642703202,20260908,es,BA,business analyst,4,176,184
es-5646338521,20260908,es,DA,data analyst,5,208,220
es-5660680567,20260908,es,DA,data analyst,5,207,220
es-5660680575,20260908,es,BA,business analyst,4,175,184
es-5661996002,20260908,es,BA,business analyst,4,174,184
es-5664289290,20260908,es,BA,business analyst,4,173,184
es-5668783933,20260908,es,DA,data analyst,5,206,220
es-5673565699,20260908,es,DA,data analyst,5,205,220
es-5673565897,20260908,es,DA,data analyst,5,204,220
es-5681713155,20260908,es,DA,data analyst,5,203,220
es-5683448359,20260908,es,DA,data analyst,5,202,220
es-5686363415,20260908,es,BA,business analyst,4,172,184
es-5687747590,20260908,es,DA,data analyst,5,201,220
es-5691444053,20260908,es,BI,analista BI,1,8,8
es-5693810934,20260908,es,BA,business analyst,4,171,184
es-5698322475,20260908,es,DA,data analyst,4,200,220
es-5698322731,20260908,es,BA,business analyst,4,170,184
es-5702619332,20260908,es,DA,data analyst,4,199,220
es-5705383100,20260908,es,BA,business analyst,4,169,184
es-5708767888,20260908,es,DA,data analyst,4,198,220
es-5713960479,20260908,es,DA,data analyst,4,197,220
es-5714273777,20260908,es,DA,data analyst,4,196,220
es-5716635479,20260908,es,BA,business analyst,4,168,184
es-5716635479,20260908,es,BI,business intelligence analyst,1,4,4
es-5716635479,20260908,es,DA,data analyst,4,195,220
es-5718777969,20260908,es,BA,business analyst,4,167,184
es-5718777969,20260908,es,DA,data analyst,4,194,220
es-5724647242,20260908,es,DA,data analyst,4,193,220
es-5724649232,20260908,es,DA,data analyst,4,192,220
es-5727385101,20260908,es,BA,analista de negocio,1,7,7
es-5727390046,20260908,es,BA,business analyst,4,166,184
es-5727681262,20260908,es,BI,BI analyst,1,12,13
es-5727681262,20260908,es,DA,data analyst,4,191,220
es-5727802231,20260908,es,DA,analista de datos,1,29,32
es-5728541860,20260908,es,BA,business analyst,4,165,184
es-5728543636,20260908,es,DA,data analyst,4,190,220
es-5729388183,20260908,es,DA,data analyst,4,189,220
es-5729388186,20260908,es,BA,business analyst,4,164,184
es-5733359643,20260908,es,BA,business analyst,4,162,184
es-5733359703,20260908,es,BA,business analyst,4,163,184
es-5741905961,20260908,es,DA,data analyst,4,188,220
es-5742532966,20260908,es,BA,business analyst,4,161,184
es-5743996351,20260908,es,DA,data analyst,4,187,220
es-5745004276,20260908,es,DA,data analyst,4,186,220
es-5748434539,20260908,es,DA,data analyst,4,185,220
es-5749558087,20260908,es,DA,data analyst,4,184,220
es-5749589355,20260908,es,BI,analista BI,1,7,8
es-5751211477,20260908,es,DA,data analyst,4,183,220
es-5751245740,20260908,es,DA,data analyst,4,182,220
es-5752846256,20260908,es,DA,data analyst,4,181,220
es-5752881648,20260908,es,BA,business analyst,4,159,184
es-5752881656,20260908,es,BA,business analyst,4,160,184
es-5752881669,20260908,es,DA,analista de datos,1,28,32
es-5753696198,20260908,es,DA,data analyst,4,180,220
es-5755773975,20260908,es,BI,BI analyst,1,11,13
es-5756959457,20260908,es,BA,business analyst,4,158,184
es-5756959460,20260908,es,BA,business analyst,4,157,184
es-5757435367,20260908,es,DA,data analyst,4,179,220
es-5757544454,20260908,es,DA,data analyst,4,178,220
es-5758393861,20260908,es,DA,analista de datos,1,27,32
es-5759182288,20260908,es,DA,data analyst,4,177,220
es-5759700087,20260908,es,BA,business analyst,4,156,184
es-5761078609,20260908,es,DA,data analyst,4,176,220
es-5761078622,20260908,es,BA,business analyst,4,155,184
es-5761853071,20260908,es,BA,business analyst,4,154,184
es-5763015185,20260908,es,BA,business analyst,4,153,184
es-5764608267,20260908,es,BA,business analyst,4,152,184
es-5768404746,20260908,es,DA,data analyst,4,175,220
es-5769095161,20260908,es,DA,analista de datos,1,26,32
es-5769095161,20260908,es,DA,data analyst,4,174,220
es-5769095240,20260908,es,BA,analista de negocio,1,6,7
es-5769205031,20260908,es,BA,business analyst,4,151,184
es-5770246172,20260908,es,BA,business analyst,3,150,184
es-5772801320,20260908,es,BA,business analyst,3,149,184
es-5772801320,20260908,es,DA,data analyst,4,173,220
es-5772822358,20260908,es,DA,data analyst,4,172,220
es-5772841708,20260908,es,DA,data analyst,4,171,220
es-5773204123,20260908,es,DA,data analyst,4,170,220
es-5775499094,20260908,es,BA,business analyst,3,148,184
es-5775801242,20260908,es,BA,business analyst,3,147,184
es-5775849278,20260908,es,BA,business analyst,3,146,184
es-5775903592,20260908,es,BA,business analyst,3,145,184
es-5776910376,20260908,es,BA,business analyst,3,144,184
es-5777371432,20260908,es,BI,analista BI,1,6,8
es-5777371432,20260908,es,DA,analista de datos,1,25,32
es-5777371435,20260908,es,DA,analista de datos,1,24,32
es-5777371447,20260908,es,BA,business analyst,3,143,184
es-5777582600,20260908,es,DA,data analyst,4,169,220
es-5778317579,20260908,es,BA,business analyst,3,142,184
es-5779525202,20260908,es,DA,data analyst,4,168,220
es-5779525298,20260908,es,DA,analista de datos,1,23,32
es-5779542422,20260908,es,BA,business analyst,3,141,184
es-5781090243,20260908,es,DA,data analyst,4,167,220
es-5781890023,20260908,es,BI,BI analyst,1,10,13
es-5782656178,20260908,es,DA,data analyst,4,166,220
es-5784531003,20260908,es,DA,data analyst,4,165,220
es-5785454418,20260908,es,BA,business analyst,3,140,184
es-5787322539,20260908,es,DA,data analyst,4,164,220
es-5788548819,20260908,es,BA,business analyst,3,139,184
es-5788549885,20260908,es,BA,business analyst,3,138,184
es-5788550130,20260908,es,DA,data analyst,4,163,220
es-5788551290,20260908,es,BA,business analyst,3,137,184
es-5789442565,20260908,es,BA,business analyst,3,136,184
es-5790240184,20260908,es,DA,analista de datos,1,22,32
es-5790240230,20260908,es,BI,BI analyst,1,9,13
es-5790240230,20260908,es,BA,business analyst,3,135,184
es-5790664903,20260908,es,BA,business analyst,3,134,184
es-5790664925,20260908,es,BI,BI analyst,1,8,13
es-5790664925,20260908,es,DA,data analyst,4,162,220
es-5795133088,20260908,es,BA,business analyst,3,133,184
es-5795188847,20260908,es,BA,business analyst,3,132,184
es-5795188848,20260908,es,DA,data analyst,4,161,220
es-5795188858,20260908,es,DA,analista de datos,1,21,32
es-5795188874,20260908,es,BA,business analyst,3,131,184
es-5796275001,20260908,es,BA,business analyst,3,130,184
es-5796276181,20260908,es,DA,data analyst,4,160,220
es-5798345034,20260908,es,DA,data analyst,4,159,220
es-5798605394,20260908,es,DA,data analyst,4,158,220
es-5801923689,20260908,es,DA,data analyst,4,157,220
es-5801930193,20260908,es,DA,data analyst,4,156,220
es-5802304797,20260908,es,BA,business analyst,3,129,184
es-5802390840,20260908,es,DA,data analyst,4,155,220
es-5802409104,20260908,es,BI,BI analyst,1,7,13
es-5802409104,20260908,es,DA,data analyst,4,154,220
es-5804499903,20260908,es,BA,business analyst,3,127,184
es-5804499903,20260908,es,DA,data analyst,3,150,220
es-5804499904,20260908,es,DA,data analyst,4,152,220
es-5804499906,20260908,es,DA,data analyst,4,151,220
es-5804499911,20260908,es,BA,business analyst,3,128,184
es-5804499912,20260908,es,DA,data analyst,4,153,220
es-5804499919,20260908,es,DA,data analyst,3,149,220
es-5804499920,20260908,es,BA,business analyst,3,125,184
es-5804499921,20260908,es,BA,business analyst,3,126,184
es-5805218141,20260908,es,DA,data analyst,3,148,220
es-5805256753,20260908,es,DA,data analyst,3,147,220
es-5805466910,20260908,es,DA,data analyst,3,146,220
es-5805845515,20260908,es,BA,business analyst,3,124,184
es-5805845815,20260908,es,BA,business analyst,3,123,184
es-5805910251,20260908,es,DA,data analyst,3,145,220
es-5806611926,20260908,es,BA,business analyst,3,122,184
es-5806932448,20260908,es,BA,business analyst,3,121,184
es-5807567705,20260908,es,DA,analista de datos,1,20,32
es-5807567789,20260908,es,BA,business analyst,3,120,184
es-5807568221,20260908,es,BA,business analyst,3,119,184
es-5807568381,20260908,es,DA,data analyst,3,144,220
es-5808917016,20260908,es,DA,data analyst,3,143,220
es-5809366771,20260908,es,BA,business analyst,3,118,184
es-5811212058,20260908,es,BA,business analyst,3,117,184
es-5811218534,20260908,es,DA,data analyst,3,142,220
es-5811519298,20260908,es,DA,analista de datos,1,19,32
es-5811519595,20260908,es,DA,data analyst,3,141,220
es-5811523003,20260908,es,DA,data analyst,3,140,220
es-5811523768,20260908,es,BA,business analyst,3,116,184
es-5812739545,20260908,es,BA,business analyst,3,115,184
es-5812975128,20260908,es,BA,business analyst,3,114,184
es-5813471620,20260908,es,BA,business analyst,3,113,184
es-5813471622,20260908,es,BA,business analyst,3,112,184
es-5814612643,20260908,es,DA,data analyst,3,139,220
es-5814614706,20260908,es,DA,data analyst,3,138,220
es-5815003253,20260908,es,BA,business analyst,3,111,184
es-5815067896,20260908,es,DA,data analyst,3,137,220
es-5815897769,20260908,es,BA,business analyst,3,110,184
es-5815899015,20260908,es,DA,data analyst,3,136,220
es-5816882064,20260908,es,DA,data analyst,3,135,220
es-5816886466,20260908,es,DA,data analyst,3,134,220
es-5816887070,20260908,es,DA,data analyst,3,133,220
es-5816888575,20260908,es,DA,analista de datos,1,18,32
es-5816888575,20260908,es,BA,analista de negocio,1,5,7
es-5816889149,20260908,es,DA,data analyst,3,132,220
es-5817668350,20260908,es,DA,data analyst,3,131,220
es-5818054313,20260908,es,DA,analista de datos,1,17,32
es-5819155335,20260908,es,BA,business analyst,3,109,184
es-5819525301,20260908,es,BA,business analyst,3,108,184
es-5819735866,20260908,es,BA,business analyst,3,107,184
es-5820783942,20260908,es,DA,data analyst,3,130,220
es-5820880710,20260908,es,DA,data analyst,3,129,220
es-5821484196,20260908,es,BA,business analyst,3,106,184
es-5822105505,20260908,es,DA,analista de datos,1,16,32
es-5822105512,20260908,es,BA,business analyst,3,105,184
es-5822105517,20260908,es,DA,data analyst,3,128,220
es-5822105536,20260908,es,BI,analista BI,1,5,8
es-5822127039,20260908,es,BA,business analyst,3,104,184
es-5822127039,20260908,es,DA,data analyst,3,127,220
es-5822127739,20260908,es,DA,data analyst,3,126,220
es-5822582301,20260908,es,DA,data analyst,3,125,220
es-5823528096,20260908,es,BA,business analyst,3,103,184
es-5823530887,20260908,es,BA,business analyst,3,102,184
es-5825429896,20260908,es,BA,business analyst,3,101,184
es-5825429896,20260908,es,BI,business intelligence analyst,1,3,4
es-5826399292,20260908,es,DA,analista de datos,1,15,32
es-5826930088,20260908,es,BA,business analyst,2,99,184
es-5826930123,20260908,es,BA,business analyst,2,100,184
es-5827420415,20260908,es,BA,business analyst,2,98,184
es-5827484280,20260908,es,BA,analista de negocio,1,4,7
es-5827489363,20260908,es,BA,business analyst,2,97,184
es-5828841183,20260908,es,DA,data analyst,3,124,220
es-5828841240,20260908,es,DA,data analyst,3,123,220
es-5830168260,20260908,es,BA,business analyst,2,96,184
es-5831007196,20260908,es,DA,data analyst,3,122,220
es-5831622577,20260908,es,BA,business analyst,2,95,184
es-5831622821,20260908,es,BA,business analyst,2,94,184
es-5831663786,20260908,es,DA,data analyst,3,119,220
es-5831663787,20260908,es,DA,data analyst,3,120,220
es-5831663790,20260908,es,DA,data analyst,3,121,220
es-5831663808,20260908,es,BA,analista de negocio,1,3,7
es-5831682141,20260908,es,BA,business analyst,2,93,184
es-5831947917,20260908,es,BI,BI analyst,1,6,13
es-5831947917,20260908,es,BA,business analyst,2,92,184
es-5831947917,20260908,es,DA,data analyst,3,118,220
es-5831947933,20260908,es,DA,data analyst,3,117,220
es-5832297089,20260908,es,DA,data analyst,3,116,220
es-5833078922,20260908,es,BA,business analyst,2,91,184
es-5833173127,20260908,es,BI,analista BI,1,4,8
es-5833175641,20260908,es,DA,data analyst,3,115,220
es-5833175918,20260908,es,DA,data analyst,3,114,220
es-5833180127,20260908,es,BA,business analyst,2,90,184
es-5833180196,20260908,es,DA,data analyst,3,113,220
es-5833183483,20260908,es,DA,data analyst,3,112,220
es-5834448734,20260908,es,BA,business analyst,2,89,184
es-5834449339,20260908,es,BA,business analyst,2,88,184
es-5834450385,20260908,es,BI,BI analyst,1,5,13
es-5834452055,20260908,es,DA,data analyst,3,111,220
es-5834452112,20260908,es,BA,analista de negocio,1,2,7
es-5835351026,20260908,es,BA,business analyst,2,87,184
es-5835351268,20260908,es,DA,data analyst,3,110,220
es-5835846461,20260908,es,BA,business analyst,2,86,184
es-5836460035,20260908,es,DA,data analyst,3,109,220
es-5836461020,20260908,es,DA,data analyst,3,108,220
es-5837896345,20260908,es,DA,data analyst,3,107,220
es-5838199216,20260908,es,BA,business analyst,2,85,184
es-5838725798,20260908,es,BA,business analyst,2,84,184
es-5839930698,20260908,es,BA,business analyst,2,83,184
es-5840002498,20260908,es,BA,business analyst,2,82,184
es-5840003172,20260908,es,DA,analista de datos,1,14,32
es-5840004496,20260908,es,BA,business analyst,2,81,184
es-5840008267,20260908,es,BA,business analyst,2,80,184
es-5840008880,20260908,es,DA,data analyst,3,106,220
es-5841410469,20260908,es,BA,business analyst,2,79,184
es-5841477025,20260908,es,DA,analista de datos,1,11,32
es-5841477028,20260908,es,DA,analista de datos,1,12,32
es-5841477029,20260908,es,DA,data analyst,3,105,220
es-5841477041,20260908,es,DA,analista de datos,1,13,32
es-5841481504,20260908,es,BA,business analyst,2,78,184
es-5841483165,20260908,es,BA,business analyst,2,77,184
es-5841483670,20260908,es,BA,business analyst,2,76,184
es-5842845523,20260908,es,DA,data analyst,3,104,220
es-5842845776,20260908,es,DA,data analyst,3,103,220
es-5842845804,20260908,es,DA,data analyst,3,102,220
es-5842846465,20260908,es,DA,data analyst,2,100,220
es-5842846466,20260908,es,DA,data analyst,3,101,220
es-5842846655,20260908,es,DA,data analyst,2,99,220
es-5844045073,20260908,es,DA,data analyst,2,98,220
es-5845483674,20260908,es,DA,data analyst,2,97,220
es-5845483714,20260908,es,BA,business analyst,2,75,184
es-5846288432,20260908,es,BA,business analyst,2,74,184
es-5846295281,20260908,es,BI,analista BI,1,3,8
es-5846566085,20260908,es,BA,business analyst,2,73,184
es-5846566085,20260908,es,DA,data analyst,2,96,220
es-5846769007,20260908,es,BA,business analyst,2,72,184
es-5847858891,20260908,es,BA,business analyst,2,71,184
es-5847858891,20260908,es,DA,data analyst,2,95,220
es-5847928313,20260908,es,BA,business analyst,2,70,184
es-5847928313,20260908,es,DA,data analyst,2,94,220
es-5848696994,20260908,es,BI,analista BI,1,2,8
es-5849310743,20260908,es,BA,business analyst,2,69,184
es-5849364519,20260908,es,BA,business analyst,2,68,184
es-5849618350,20260908,es,BA,business analyst,2,67,184
es-5849618350,20260908,es,DA,data analyst,2,93,220
es-5849713446,20260908,es,DA,data analyst,2,92,220
es-5850719036,20260908,es,BA,business analyst,2,66,184
es-5850719037,20260908,es,DA,analista de datos,1,9,32
es-5850719041,20260908,es,DA,analista de datos,1,10,32
es-5852180548,20260908,es,BA,business analyst,2,65,184
es-5852211253,20260908,es,DA,data analyst,2,91,220
es-5852212327,20260908,es,DA,data analyst,2,90,220
es-5853440777,20260908,es,DA,data analyst,2,89,220
es-5853440938,20260908,es,BA,business analyst,2,64,184
es-5853441347,20260908,es,DA,data analyst,2,88,220
es-5853441702,20260908,es,DA,data analyst,2,87,220
es-5854610741,20260908,es,BA,business analyst,2,63,184
es-5854612154,20260908,es,DA,data analyst,2,86,220
es-5855789317,20260908,es,BA,business analyst,2,62,184
es-5855789317,20260908,es,BI,business intelligence analyst,1,2,4
es-5855789317,20260908,es,DA,data analyst,2,85,220
es-5856423548,20260908,es,BI,BI analyst,1,4,13
es-5856423548,20260908,es,DA,data analyst,2,84,220
es-5856690559,20260908,es,DA,analista de datos,1,8,32
es-5857251291,20260908,es,BA,business analyst,2,61,184
es-5857251293,20260908,es,BA,business analyst,2,60,184
es-5857298502,20260908,es,DA,data analyst,2,83,220
es-5857315544,20260908,es,BA,business analyst,2,59,184
es-5858021855,20260908,es,BA,business analyst,2,58,184
es-5858022178,20260908,es,BA,business analyst,2,57,184
es-5858113036,20260908,es,BA,business analyst,2,56,184
es-5859470325,20260908,es,BI,analista BI,1,1,8
es-5859470325,20260908,es,DA,analista de datos,1,7,32
es-5859470328,20260908,es,BA,business analyst,2,55,184
es-5859470330,20260908,es,DA,analista de datos,1,6,32
es-5859486123,20260908,es,DA,data analyst,2,82,220
es-5860792312,20260908,es,DA,data analyst,2,81,220
es-5860793667,20260908,es,BA,business analyst,2,54,184
es-5860876076,20260908,es,BA,business analyst,2,53,184
es-5860876260,20260908,es,BA,business analyst,2,52,184
es-5860876510,20260908,es,BA,business analyst,2,51,184
es-5860876693,20260908,es,BA,business analyst,1,50,184
es-5860876702,20260908,es,BA,business analyst,1,49,184
es-5860876784,20260908,es,DA,data analyst,2,80,220
es-5860876791,20260908,es,DA,data analyst,2,79,220
es-5860877226,20260908,es,BA,business analyst,1,48,184
es-5861953952,20260908,es,DA,data analyst,2,78,220
es-5862004925,20260908,es,BA,business analyst,1,47,184
es-5862803275,20260908,es,DA,data analyst,2,77,220
es-5863094494,20260908,es,DA,data analyst,2,76,220
es-5863165497,20260908,es,BA,business analyst,1,46,184
es-5863165538,20260908,es,DA,data analyst,2,75,220
es-5863173131,20260908,es,BA,business analyst,1,45,184
es-5863174231,20260908,es,DA,data analyst,2,74,220
es-5864029874,20260908,es,BA,business analyst,1,43,184
es-5864029875,20260908,es,BA,business analyst,1,44,184
es-5865208293,20260908,es,BA,business analyst,1,42,184
es-5866597031,20260908,es,BA,business analyst,1,41,184
es-5866702428,20260908,es,BA,business analyst,1,40,184
es-5866703354,20260908,es,DA,data analyst,2,73,220
es-5866704344,20260908,es,BA,business analyst,1,39,184
es-5866754797,20260908,es,DA,analista de datos,1,5,32
es-5868522660,20260908,es,DA,data analyst,2,72,220
es-5868522682,20260908,es,BA,business analyst,1,38,184
es-5868523115,20260908,es,DA,data analyst,2,71,220
es-5868523147,20260908,es,BA,business analyst,1,37,184
es-5868523535,20260908,es,DA,data analyst,2,70,220
es-5868523889,20260908,es,BA,business analyst,1,36,184
es-5868523893,20260908,es,DA,data analyst,2,69,220
es-5868545064,20260908,es,BA,business analyst,1,35,184
es-5869620929,20260908,es,DA,data analyst,2,68,220
es-5869800024,20260908,es,DA,data analyst,2,67,220
es-5870124651,20260908,es,DA,data analyst,2,66,220
es-5870124759,20260908,es,BA,business analyst,1,34,184
es-5870227666,20260908,es,DA,analista de datos,1,4,32
es-5870227709,20260908,es,BA,business analyst,1,33,184
es-5870237059,20260908,es,DA,data analyst,2,65,220
es-5870237775,20260908,es,BA,analista de negocio,1,1,7
es-5870238152,20260908,es,BA,business analyst,1,32,184
es-5870238555,20260908,es,BA,business analyst,1,31,184
es-5870238555,20260908,es,DA,data analyst,2,64,220
es-5870238699,20260908,es,DA,data analyst,2,63,220
es-5870239214,20260908,es,DA,data analyst,2,62,220
es-5870239690,20260908,es,DA,data analyst,2,61,220
es-5870239815,20260908,es,BA,business analyst,1,30,184
es-5870528418,20260908,es,BI,BI analyst,1,3,13
es-5871535959,20260908,es,DA,data analyst,2,60,220
es-5871672539,20260908,es,BA,business analyst,1,29,184
es-5871678780,20260908,es,DA,data analyst,2,59,220
es-5871678935,20260908,es,DA,data analyst,2,58,220
es-5871919099,20260908,es,DA,data analyst,2,57,220
es-5872316798,20260908,es,BA,business analyst,1,28,184
es-5872316839,20260908,es,DA,analista de datos,1,3,32
es-5872317300,20260908,es,BI,BI analyst,1,2,13
es-5872317300,20260908,es,DA,data analyst,2,56,220
es-5872317439,20260908,es,BA,business analyst,1,27,184
es-5872317735,20260908,es,DA,data analyst,2,55,220
es-5872317766,20260908,es,BA,business analyst,1,26,184
es-5872318027,20260908,es,BA,business analyst,1,25,184
es-5872318131,20260908,es,DA,data analyst,2,54,220
es-5872319410,20260908,es,BA,business analyst,1,24,184
es-5872320006,20260908,es,BA,business analyst,1,23,184
es-5872321482,20260908,es,DA,data analyst,2,53,220
es-5872322152,20260908,es,DA,data analyst,2,52,220
es-5872323403,20260908,es,DA,data analyst,2,51,220
es-5872323534,20260908,es,DA,data analyst,1,50,220
es-5872324165,20260908,es,DA,data analyst,1,49,220
es-5872325027,20260908,es,BA,business analyst,1,22,184
es-5872326446,20260908,es,DA,data analyst,1,48,220
es-5872326617,20260908,es,DA,analista de datos,1,2,32
es-5872328673,20260908,es,BA,business analyst,1,21,184
es-5872877960,20260908,es,DA,data analyst,1,47,220
es-5872878044,20260908,es,DA,data analyst,1,46,220
es-5872878492,20260908,es,BA,business analyst,1,20,184
es-5872878705,20260908,es,BA,business analyst,1,19,184
es-5872878843,20260908,es,BI,BI analyst,1,1,13
es-5872878993,20260908,es,DA,data analyst,1,45,220
es-5873338785,20260908,es,DA,data analyst,1,44,220
es-5873338870,20260908,es,BA,business analyst,1,18,184
es-5873339847,20260908,es,DA,data analyst,1,43,220
es-5873340818,20260908,es,BA,business analyst,1,17,184
es-5873340998,20260908,es,DA,data analyst,1,42,220
es-5873570987,20260908,es,DA,data analyst,1,41,220
es-5873575633,20260908,es,BA,business analyst,1,16,184
es-5873772242,20260908,es,DA,data analyst,1,39,220
es-5873772243,20260908,es,DA,data analyst,1,40,220
es-5873887817,20260908,es,DA,data analyst,1,38,220
es-5873887845,20260908,es,DA,data analyst,1,37,220
es-5873887913,20260908,es,DA,data analyst,1,36,220
es-5874145290,20260908,es,DA,data analyst,1,35,220
es-5874806009,20260908,es,DA,data analyst,1,34,220
es-5874806079,20260908,es,DA,data analyst,1,33,220
es-5874806166,20260908,es,BA,business analyst,1,15,184
es-5874806166,20260908,es,DA,data analyst,1,32,220
es-5874806172,20260908,es,DA,data analyst,1,31,220
es-5874806402,20260908,es,DA,data analyst,1,30,220
es-5874806437,20260908,es,DA,data analyst,1,29,220
es-5874806545,20260908,es,DA,data analyst,1,28,220
es-5874806587,20260908,es,BA,business analyst,1,14,184
es-5874806638,20260908,es,DA,data analyst,1,27,220
es-5874806669,20260908,es,DA,data analyst,1,25,220
es-5874806733,20260908,es,DA,data analyst,1,26,220
es-5874806836,20260908,es,DA,data analyst,1,24,220
es-5874806977,20260908,es,DA,data analyst,1,23,220
es-5874807052,20260908,es,DA,data analyst,1,21,220
es-5874807109,20260908,es,DA,data analyst,1,22,220
es-5874807266,20260908,es,BA,business analyst,1,13,184
es-5874807437,20260908,es,DA,data analyst,1,20,220
es-5874807532,20260908,es,DA,data analyst,1,19,220
es-5874807545,20260908,es,BA,business analyst,1,12,184
es-5874807564,20260908,es,BA,business analyst,1,11,184
es-5874807643,20260908,es,DA,data analyst,1,18,220
es-5874807916,20260908,es,BA,business analyst,1,10,184
es-5874808033,20260908,es,DA,data analyst,1,17,220
es-5874808253,20260908,es,BA,business analyst,1,9,184
es-5874808454,20260908,es,DA,data analyst,1,16,220
es-5874808534,20260908,es,DA,data analyst,1,15,220
es-5874808699,20260908,es,BA,business analyst,1,8,184
es-5874808931,20260908,es,DA,analista de datos,1,1,32
es-5874808965,20260908,es,DA,data analyst,1,14,220
es-5874809155,20260908,es,BA,business analyst,1,7,184
es-5874809200,20260908,es,DA,data analyst,1,13,220
es-5874809294,20260908,es,DA,data analyst,1,12,220
es-5874809421,20260908,es,BA,business analyst,1,6,184
es-5874809515,20260908,es,DA,data analyst,1,11,220
es-5874809583,20260908,es,DA,data analyst,1,10,220
es-5874810146,20260908,es,DA,data analyst,1,9,220
es-5874810242,20260908,es,BA,business analyst,1,5,184
es-5874810247,20260908,es,BA,business analyst,1,4,184
es-5874810319,20260908,es,DA,data analyst,1,8,220
es-5874810372,20260908,es,BA,business analyst,1,3,184
es-5874810517,20260908,es,DA,data analyst,1,7,220
es-5874810718,20260908,es,DA,data analyst,1,6,220
es-5874810879,20260908,es,DA,data analyst,1,5,220
es-5874811025,20260908,es,DA,data analyst,1,4,220
es-5874811242,20260908,es,DA,data analyst,1,3,220
es-5874811427,20260908,es,BA,business analyst,1,2,184
es-5874811508,20260908,es,DA,data analyst,1,2,220
es-5875309248,20260908,es,BA,business analyst,1,1,184
es-5875309248,20260908,es,BI,business intelligence analyst,1,1,4
es-5875391026,20260908,es,DA,data analyst,1,1,220
gb-5210480123,20260908,gb,BI,BI analyst,1,42,42
gb-5663621960,20260908,gb,BI,business intelligence analyst,1,39,39
gb-5748978694,20260908,gb,BI,BI analyst,1,41,42
gb-5761909402,20260908,gb,BI,business intelligence analyst,1,38,39
gb-5780349070,20260908,gb,BI,business intelligence analyst,1,37,39
gb-5794840082,20260908,gb,BI,business intelligence analyst,1,36,39
gb-5795609519,20260908,gb,BI,BI analyst,1,40,42
gb-5795617519,20260908,gb,BI,BI analyst,1,39,42
gb-5802870387,20260908,gb,BI,BI analyst,1,38,42
gb-5810688125,20260908,gb,BI,business intelligence analyst,1,35,39
gb-5812625608,20260908,gb,BI,business intelligence analyst,1,34,39
gb-5814771693,20260908,gb,BI,BI analyst,1,37,42
gb-5816502339,20260908,gb,BI,business intelligence analyst,1,33,39
gb-5816506157,20260908,gb,BI,business intelligence analyst,1,32,39
gb-5827485642,20260908,gb,BI,BI analyst,1,36,42
gb-5828022787,20260908,gb,BI,BI analyst,1,35,42
gb-5828402671,20260908,gb,BI,BI analyst,1,34,42
gb-5829404077,20260908,gb,BI,business intelligence analyst,1,31,39
gb-5829818220,20260908,gb,BI,business intelligence analyst,1,30,39
gb-5835737479,20260908,gb,BI,business intelligence analyst,1,29,39
gb-5838730541,20260908,gb,BI,business intelligence analyst,1,28,39
gb-5839572817,20260908,gb,BI,business intelligence analyst,1,27,39
gb-5840649326,20260908,gb,BI,BI analyst,1,33,42
gb-5843072790,20260908,gb,BI,BI analyst,1,32,42
gb-5845658880,20260908,gb,BI,business intelligence analyst,1,26,39
gb-5846046384,20260908,gb,BI,BI analyst,1,31,42
gb-5847255298,20260908,gb,BI,BI analyst,1,30,42
gb-5851016025,20260908,gb,BI,business intelligence analyst,1,25,39
gb-5852576301,20260908,gb,BI,business intelligence analyst,1,24,39
gb-5852581991,20260908,gb,BI,BI analyst,1,29,42
gb-5854310824,20260908,gb,BI,BI analyst,1,28,42
gb-5854951538,20260908,gb,BI,business intelligence analyst,1,23,39
gb-5855328200,20260908,gb,BI,BI analyst,1,27,42
gb-5855373744,20260908,gb,BI,BI analyst,1,26,42
gb-5855373969,20260908,gb,BI,business intelligence analyst,1,22,39
gb-5855373983,20260908,gb,BI,BI analyst,1,25,42
gb-5855377743,20260908,gb,BI,BI analyst,1,24,42
gb-5855381953,20260908,gb,BI,BI analyst,1,23,42
gb-5855716317,20260908,gb,BI,BI analyst,1,22,42
gb-5857174948,20260908,gb,BI,business intelligence analyst,1,21,39
gb-5857216253,20260908,gb,BI,business intelligence analyst,1,20,39
gb-5857221137,20260908,gb,BI,BI analyst,1,20,42
gb-5857221143,20260908,gb,BI,BI analyst,1,21,42
gb-5858177274,20260908,gb,BI,BI analyst,1,19,42
gb-5858200065,20260908,gb,BI,BI analyst,1,18,42
gb-5858220107,20260908,gb,BI,BI analyst,1,17,42
gb-5858374336,20260908,gb,BI,business intelligence analyst,1,19,39
gb-5858377515,20260908,gb,BI,BI analyst,1,16,42
gb-5858404920,20260908,gb,BI,business intelligence analyst,1,18,39
gb-5859614908,20260908,gb,DA,data analyst,5,250,749
gb-5859619578,20260908,gb,DA,data analyst,5,249,749
gb-5859656397,20260908,gb,BI,BI analyst,1,15,42
gb-5859656830,20260908,gb,DA,data analyst,5,248,749
gb-5859757634,20260908,gb,DA,data analyst,5,247,749
gb-5859761219,20260908,gb,DA,data analyst,5,246,749
gb-5859761566,20260908,gb,DA,data analyst,5,245,749
gb-5859763673,20260908,gb,DA,data analyst,5,244,749
gb-5859769677,20260908,gb,DA,data analyst,5,243,749
gb-5859770298,20260908,gb,DA,data analyst,5,242,749
gb-5859795918,20260908,gb,DA,data analyst,5,240,749
gb-5859795949,20260908,gb,DA,data analyst,5,241,749
gb-5859809944,20260908,gb,DA,data analyst,5,239,749
gb-5859974794,20260908,gb,DA,data analyst,5,238,749
gb-5859990443,20260908,gb,DA,data analyst,5,237,749
gb-5859992488,20260908,gb,DA,data analyst,5,236,749
gb-5859992645,20260908,gb,DA,data analyst,5,235,749
gb-5859992676,20260908,gb,DA,data analyst,5,234,749
gb-5859994642,20260908,gb,DA,data analyst,5,232,749
gb-5859994646,20260908,gb,DA,data analyst,5,233,749
gb-5859994652,20260908,gb,DA,data analyst,5,231,749
gb-5859994674,20260908,gb,DA,data analyst,5,230,749
gb-5860066671,20260908,gb,DA,data analyst,5,228,749
gb-5860066687,20260908,gb,DA,data analyst,5,229,749
gb-5860751563,20260908,gb,DA,data analyst,5,227,749
gb-5861182353,20260908,gb,DA,data analyst,5,226,749
gb-5861222704,20260908,gb,DA,data analyst,5,225,749
gb-5861234016,20260908,gb,DA,data analyst,5,224,749
gb-5861242326,20260908,gb,DA,data analyst,5,223,749
gb-5861397280,20260908,gb,DA,data analyst,5,222,749
gb-5861428762,20260908,gb,DA,data analyst,5,221,749
gb-5861733142,20260908,gb,DA,data analyst,5,220,749
gb-5861761607,20260908,gb,DA,data analyst,5,219,749
gb-5861792243,20260908,gb,DA,data analyst,5,218,749
gb-5862276870,20260908,gb,DA,data analyst,5,217,749
gb-5862284826,20260908,gb,DA,data analyst,5,216,749
gb-5862688235,20260908,gb,DA,data analyst,5,215,749
gb-5862989176,20260908,gb,DA,data analyst,5,214,749
gb-5863109993,20260908,gb,DA,data analyst,5,213,749
gb-5863586463,20260908,gb,DA,data analyst,5,212,749
gb-5864147983,20260908,gb,DA,data analyst,5,210,749
gb-5864147992,20260908,gb,DA,data analyst,5,211,749
gb-5864528709,20260908,gb,DA,data analyst,5,209,749
gb-5864671247,20260908,gb,DA,data analyst,5,208,749
gb-5864677608,20260908,gb,DA,data analyst,5,207,749
gb-5864728782,20260908,gb,DA,data analyst,5,206,749
gb-5864792047,20260908,gb,DA,data analyst,5,205,749
gb-5864834295,20260908,gb,DA,data analyst,5,204,749
gb-5864882328,20260908,gb,DA,data analyst,5,203,749
gb-5864981083,20260908,gb,DA,data analyst,5,202,749
gb-5865162761,20260908,gb,DA,data analyst,5,201,749
gb-5865190428,20260908,gb,DA,data analyst,4,197,749
gb-5865190429,20260908,gb,DA,data analyst,4,195,749
gb-5865190431,20260908,gb,DA,data analyst,4,200,749
gb-5865190433,20260908,gb,DA,data analyst,4,198,749
gb-5865190456,20260908,gb,DA,data analyst,4,199,749
gb-5865190459,20260908,gb,DA,data analyst,4,196,749
gb-5865190460,20260908,gb,DA,data analyst,4,193,749
gb-5865190461,20260908,gb,DA,data analyst,4,194,749
gb-5865197791,20260908,gb,DA,data analyst,4,192,749
gb-5865259321,20260908,gb,DA,data analyst,4,191,749
gb-5865261664,20260908,gb,DA,data analyst,4,190,749
gb-5865265463,20260908,gb,DA,data analyst,4,187,749
gb-5865265469,20260908,gb,DA,data analyst,4,188,749
gb-5865265477,20260908,gb,DA,data analyst,4,189,749
gb-5865265496,20260908,gb,DA,data analyst,4,186,749
gb-5865265519,20260908,gb,DA,data analyst,4,185,749
gb-5865267720,20260908,gb,DA,data analyst,4,183,749
gb-5865267722,20260908,gb,DA,data analyst,4,182,749
gb-5865267724,20260908,gb,DA,data analyst,4,184,749
gb-5865269133,20260908,gb,DA,data analyst,4,181,749
gb-5865273205,20260908,gb,DA,data analyst,4,180,749
gb-5866532943,20260908,gb,DA,data analyst,4,179,749
gb-5866532951,20260908,gb,DA,data analyst,4,178,749
gb-5866718600,20260908,gb,BI,business intelligence analyst,1,17,39
gb-5867043036,20260908,gb,DA,data analyst,4,177,749
gb-5867061975,20260908,gb,DA,data analyst,4,176,749
gb-5867151553,20260908,gb,BI,BI analyst,1,14,42
gb-5867151553,20260908,gb,DA,data analyst,4,175,749
gb-5867187726,20260908,gb,DA,data analyst,4,174,749
gb-5867187859,20260908,gb,DA,data analyst,4,173,749
gb-5867188589,20260908,gb,DA,data analyst,4,172,749
gb-5867235621,20260908,gb,DA,data analyst,4,171,749
gb-5867236624,20260908,gb,DA,data analyst,4,170,749
gb-5867237314,20260908,gb,DA,data analyst,4,169,749
gb-5867249007,20260908,gb,BI,business intelligence analyst,1,16,39
gb-5867249869,20260908,gb,DA,data analyst,4,168,749
gb-5867251190,20260908,gb,DA,data analyst,4,167,749
gb-5867251978,20260908,gb,DA,data analyst,4,166,749
gb-5867306037,20260908,gb,DA,data analyst,4,165,749
gb-5867316849,20260908,gb,DA,data analyst,4,164,749
gb-5867338630,20260908,gb,DA,data analyst,4,163,749
gb-5867507447,20260908,gb,DA,data analyst,4,162,749
gb-5867515337,20260908,gb,BI,business intelligence analyst,1,15,39
gb-5867530033,20260908,gb,DA,data analyst,4,161,749
gb-5867643019,20260908,gb,DA,data analyst,4,160,749
gb-5867643027,20260908,gb,DA,data analyst,4,159,749
gb-5867645592,20260908,gb,BA,business analyst,5,250,1269
gb-5867645763,20260908,gb,BA,business analyst,5,249,1269
gb-5867645767,20260908,gb,BA,business analyst,5,248,1269
gb-5867645768,20260908,gb,BA,business analyst,5,246,1269
gb-5867645768,20260908,gb,BI,business intelligence analyst,1,14,39
gb-5867645772,20260908,gb,DA,data analyst,4,158,749
gb-5867645773,20260908,gb,BA,business analyst,5,247,1269
gb-5867726461,20260908,gb,BI,BI analyst,1,13,42
gb-5867727563,20260908,gb,BA,business analyst,5,245,1269
gb-5867727691,20260908,gb,BA,business analyst,5,244,1269
gb-5867727691,20260908,gb,BI,business intelligence analyst,1,13,39
gb-5867756760,20260908,gb,DA,data analyst,4,157,749
gb-5867757879,20260908,gb,BA,business analyst,5,243,1269
gb-5868099172,20260908,gb,BA,business analyst,5,242,1269
gb-5868148988,20260908,gb,BA,business analyst,5,241,1269
gb-5868148988,20260908,gb,BI,business intelligence analyst,1,12,39
gb-5868151937,20260908,gb,BA,business analyst,5,240,1269
gb-5868152267,20260908,gb,BA,business analyst,5,239,1269
gb-5868292468,20260908,gb,DA,data analyst,4,156,749
gb-5868301226,20260908,gb,BA,business analyst,5,238,1269
gb-5868301591,20260908,gb,BA,business analyst,5,237,1269
gb-5868417643,20260908,gb,BA,business analyst,5,236,1269
gb-5868457217,20260908,gb,BA,business analyst,5,235,1269
gb-5868457878,20260908,gb,DA,data analyst,4,155,749
gb-5868542800,20260908,gb,BA,business analyst,5,234,1269
gb-5868766842,20260908,gb,BA,business analyst,5,232,1269
gb-5868766893,20260908,gb,BA,business analyst,5,233,1269
gb-5868766897,20260908,gb,BA,business analyst,5,231,1269
gb-5868767157,20260908,gb,BA,business analyst,5,230,1269
gb-5868767169,20260908,gb,BA,business analyst,5,229,1269
gb-5868767297,20260908,gb,BA,business analyst,5,228,1269
gb-5868767755,20260908,gb,BA,business analyst,5,226,1269
gb-5868767760,20260908,gb,DA,data analyst,4,154,749
gb-5868767785,20260908,gb,BA,business analyst,5,227,1269
gb-5868767979,20260908,gb,DA,data analyst,4,153,749
gb-5868776956,20260908,gb,BA,business analyst,5,225,1269
gb-5868779114,20260908,gb,DA,data analyst,4,152,749
gb-5868804489,20260908,gb,BA,business analyst,5,224,1269
gb-5868804516,20260908,gb,DA,data analyst,4,151,749
gb-5868804602,20260908,gb,DA,data analyst,3,150,749
gb-5868804623,20260908,gb,DA,data analyst,3,149,749
gb-5868804734,20260908,gb,DA,data analyst,3,148,749
gb-5868804736,20260908,gb,BA,business analyst,5,222,1269
gb-5868804739,20260908,gb,BA,business analyst,5,221,1269
gb-5868804753,20260908,gb,BA,business analyst,5,223,1269
gb-5868804757,20260908,gb,DA,data analyst,3,147,749
gb-5868804868,20260908,gb,BI,BI analyst,1,12,42
gb-5868804868,20260908,gb,DA,data analyst,3,146,749
gb-5868804972,20260908,gb,DA,data analyst,3,145,749
gb-5868804984,20260908,gb,BA,business analyst,5,220,1269
gb-5868805062,20260908,gb,BA,business analyst,5,219,1269
gb-5868805111,20260908,gb,DA,data analyst,3,144,749
gb-5868805413,20260908,gb,BA,business analyst,5,218,1269
gb-5868805425,20260908,gb,DA,data analyst,3,143,749
gb-5868805430,20260908,gb,BA,business analyst,5,217,1269
gb-5868805681,20260908,gb,BA,business analyst,5,216,1269
gb-5868805681,20260908,gb,DA,data analyst,3,142,749
gb-5868805768,20260908,gb,BA,business analyst,5,215,1269
gb-5868805774,20260908,gb,BA,business analyst,5,214,1269
gb-5868805873,20260908,gb,DA,data analyst,3,141,749
gb-5868805902,20260908,gb,DA,data analyst,3,140,749
gb-5868805944,20260908,gb,BA,business analyst,5,213,1269
gb-5868805944,20260908,gb,BI,business intelligence analyst,1,11,39
gb-5868813184,20260908,gb,BA,business analyst,5,212,1269
gb-5868813596,20260908,gb,BA,business analyst,5,211,1269
gb-5868891748,20260908,gb,BA,business analyst,5,210,1269
gb-5868891748,20260908,gb,BI,business intelligence analyst,1,10,39
gb-5868906185,20260908,gb,BA,business analyst,5,209,1269
gb-5868906307,20260908,gb,BA,business analyst,5,208,1269
gb-5868909048,20260908,gb,BA,business analyst,5,207,1269
gb-5868909139,20260908,gb,BA,business analyst,5,206,1269
gb-5868913954,20260908,gb,DA,data analyst,3,139,749
gb-5868917250,20260908,gb,BA,business analyst,5,205,1269
gb-5868918352,20260908,gb,DA,data analyst,3,138,749
gb-5868984171,20260908,gb,DA,data analyst,3,137,749
gb-5868984224,20260908,gb,BA,business analyst,5,204,1269
gb-5868984242,20260908,gb,BA,business analyst,5,203,1269
gb-5868990973,20260908,gb,DA,data analyst,3,136,749
gb-5869005150,20260908,gb,BA,business analyst,5,202,1269
gb-5869075476,20260908,gb,DA,data analyst,3,135,749
gb-5869105942,20260908,gb,DA,data analyst,3,134,749
gb-5869120196,20260908,gb,BA,business analyst,5,201,1269
gb-5869120401,20260908,gb,BA,business analyst,4,200,1269
gb-5869121529,20260908,gb,BA,business analyst,4,199,1269
gb-5869121529,20260908,gb,DA,data analyst,3,133,749
gb-5869134880,20260908,gb,BA,business analyst,4,198,1269
gb-5869150614,20260908,gb,DA,data analyst,3,132,749
gb-5869150885,20260908,gb,BA,business analyst,4,197,1269
gb-5869151509,20260908,gb,BA,business analyst,4,196,1269
gb-5869155664,20260908,gb,DA,data analyst,3,131,749
gb-5869157546,20260908,gb,BA,business analyst,4,195,1269
gb-5869157666,20260908,gb,DA,data analyst,3,130,749
gb-5869161425,20260908,gb,BA,business analyst,4,194,1269
gb-5869180933,20260908,gb,BI,BI analyst,1,11,42
gb-5869183304,20260908,gb,DA,data analyst,3,129,749
gb-5869193044,20260908,gb,BA,business analyst,4,193,1269
gb-5869196700,20260908,gb,DA,data analyst,3,128,749
gb-5869198302,20260908,gb,DA,data analyst,3,127,749
gb-5869208889,20260908,gb,DA,data analyst,3,126,749
gb-5869213473,20260908,gb,DA,data analyst,3,125,749
gb-5869301662,20260908,gb,DA,data analyst,3,124,749
gb-5869442593,20260908,gb,BA,business analyst,4,192,1269
gb-5869442717,20260908,gb,BA,business analyst,4,191,1269
gb-5869442923,20260908,gb,BA,business analyst,4,190,1269
gb-5869442923,20260908,gb,BI,business intelligence analyst,1,9,39
gb-5869444083,20260908,gb,BA,business analyst,4,189,1269
gb-5869444098,20260908,gb,DA,data analyst,3,123,749
gb-5869444100,20260908,gb,BA,business analyst,4,188,1269
gb-5869444100,20260908,gb,DA,data analyst,3,122,749
gb-5869444112,20260908,gb,BA,business analyst,4,187,1269
gb-5869444118,20260908,gb,BA,business analyst,4,186,1269
gb-5869444118,20260908,gb,DA,data analyst,3,121,749
gb-5869444131,20260908,gb,BA,business analyst,4,185,1269
gb-5869452153,20260908,gb,BA,business analyst,4,184,1269
gb-5869452153,20260908,gb,BI,business intelligence analyst,1,8,39
gb-5869479486,20260908,gb,BA,business analyst,4,183,1269
gb-5869493390,20260908,gb,DA,data analyst,3,120,749
gb-5869493833,20260908,gb,BA,business analyst,4,182,1269
gb-5869508533,20260908,gb,BA,business analyst,4,181,1269
gb-5869519856,20260908,gb,BA,business analyst,4,180,1269
gb-5869520056,20260908,gb,BA,business analyst,4,179,1269
gb-5869520124,20260908,gb,BA,business analyst,4,178,1269
gb-5869544669,20260908,gb,DA,data analyst,3,119,749
gb-5869546377,20260908,gb,BA,business analyst,4,177,1269
gb-5869547950,20260908,gb,BA,business analyst,4,176,1269
gb-5869549719,20260908,gb,DA,data analyst,3,118,749
gb-5869549725,20260908,gb,BA,business analyst,4,175,1269
gb-5869550457,20260908,gb,BI,BI analyst,1,10,42
gb-5869552159,20260908,gb,DA,data analyst,3,116,749
gb-5869552162,20260908,gb,DA,data analyst,3,117,749
gb-5869552164,20260908,gb,DA,data analyst,3,115,749
gb-5869554109,20260908,gb,DA,data analyst,3,114,749
gb-5869554110,20260908,gb,BA,business analyst,4,172,1269
gb-5869554111,20260908,gb,BA,business analyst,4,173,1269
gb-5869554114,20260908,gb,BA,business analyst,4,171,1269
gb-5869554116,20260908,gb,BA,business analyst,4,174,1269
gb-5869554876,20260908,gb,BA,business analyst,4,170,1269
gb-5869559727,20260908,gb,BA,business analyst,4,169,1269
gb-5869559762,20260908,gb,DA,data analyst,3,113,749
gb-5869562897,20260908,gb,BA,business analyst,4,168,1269
gb-5869586939,20260908,gb,DA,data analyst,3,112,749
gb-5869622912,20260908,gb,DA,data analyst,3,111,749
gb-5869662130,20260908,gb,BA,business analyst,4,167,1269
gb-5869782932,20260908,gb,BA,business analyst,4,166,1269
gb-5869789329,20260908,gb,BA,business analyst,4,165,1269
gb-5869799826,20260908,gb,DA,data analyst,3,110,749
gb-5869804842,20260908,gb,BA,business analyst,4,164,1269
gb-5869804868,20260908,gb,DA,data analyst,3,109,749
gb-5869818354,20260908,gb,BA,business analyst,4,163,1269
gb-5869886951,20260908,gb,DA,data analyst,3,107,749
gb-5869886955,20260908,gb,DA,data analyst,3,108,749
gb-5869942796,20260908,gb,BA,business analyst,4,161,1269
gb-5869942801,20260908,gb,BA,business analyst,4,162,1269
gb-5869964105,20260908,gb,BA,business analyst,4,160,1269
gb-5870432930,20260908,gb,BA,business analyst,4,159,1269
gb-5870549762,20260908,gb,DA,data analyst,3,106,749
gb-5870597643,20260908,gb,DA,data analyst,3,105,749
gb-5870618225,20260908,gb,BA,business analyst,4,158,1269
gb-5870618232,20260908,gb,BA,business analyst,4,157,1269
gb-5870624631,20260908,gb,BA,business analyst,4,156,1269
gb-5870624715,20260908,gb,BA,business analyst,4,154,1269
gb-5870624724,20260908,gb,BA,business analyst,4,155,1269
gb-5870625840,20260908,gb,BA,business analyst,4,153,1269
gb-5870625973,20260908,gb,BA,business analyst,4,152,1269
gb-5870628588,20260908,gb,DA,data analyst,3,104,749
gb-5870638972,20260908,gb,BA,business analyst,4,151,1269
gb-5870639008,20260908,gb,BA,business analyst,3,150,1269
gb-5870675843,20260908,gb,BA,business analyst,3,149,1269
gb-5870713316,20260908,gb,BA,business analyst,3,148,1269
gb-5870713848,20260908,gb,DA,data analyst,3,103,749
gb-5870741084,20260908,gb,BA,business analyst,3,147,1269
gb-5870741084,20260908,gb,BI,business intelligence analyst,1,7,39
gb-5870741984,20260908,gb,BA,business analyst,3,146,1269
gb-5870744917,20260908,gb,BA,business analyst,3,145,1269
gb-5870746875,20260908,gb,BA,business analyst,3,144,1269
gb-5870748752,20260908,gb,BA,business analyst,3,143,1269
gb-5870749603,20260908,gb,DA,data analyst,3,102,749
gb-5870752713,20260908,gb,BA,business analyst,3,142,1269
gb-5870753152,20260908,gb,BA,business analyst,3,141,1269
gb-5870753215,20260908,gb,BA,business analyst,3,140,1269
gb-5870755983,20260908,gb,BA,business analyst,3,139,1269
gb-5870758339,20260908,gb,DA,data analyst,3,101,749
gb-5870759329,20260908,gb,DA,data analyst,2,100,749
gb-5870760707,20260908,gb,BA,business analyst,3,138,1269
gb-5870761386,20260908,gb,BA,business analyst,3,137,1269
gb-5870766110,20260908,gb,BA,business analyst,3,136,1269
gb-5870770143,20260908,gb,BA,business analyst,3,135,1269
gb-5870770812,20260908,gb,BA,business analyst,3,134,1269
gb-5870773212,20260908,gb,BA,business analyst,3,133,1269
gb-5870776356,20260908,gb,BA,business analyst,3,131,1269
gb-5870776358,20260908,gb,BA,business analyst,3,132,1269
gb-5870797719,20260908,gb,BA,business analyst,3,129,1269
gb-5870797720,20260908,gb,BA,business analyst,3,130,1269
gb-5870815876,20260908,gb,DA,data analyst,2,99,749
gb-5870816065,20260908,gb,DA,data analyst,2,98,749
gb-5870816322,20260908,gb,DA,data analyst,2,96,749
gb-5870816364,20260908,gb,DA,data analyst,2,97,749
gb-5870884518,20260908,gb,BA,business analyst,3,128,1269
gb-5870884752,20260908,gb,BA,business analyst,3,127,1269
gb-5870922540,20260908,gb,BA,business analyst,3,126,1269
gb-5871005369,20260908,gb,BA,business analyst,3,125,1269
gb-5871005401,20260908,gb,DA,data analyst,2,95,749
gb-5871011188,20260908,gb,DA,data analyst,2,94,749
gb-5871014147,20260908,gb,DA,data analyst,2,93,749
gb-5871014203,20260908,gb,BA,business analyst,3,123,1269
gb-5871014203,20260908,gb,DA,data analyst,2,91,749
gb-5871014207,20260908,gb,BA,business analyst,3,124,1269
gb-5871014210,20260908,gb,DA,data analyst,2,92,749
gb-5871015124,20260908,gb,BA,business analyst,3,122,1269
gb-5871023051,20260908,gb,BA,business analyst,3,121,1269
gb-5871028594,20260908,gb,BI,BI analyst,1,9,42
gb-5871029118,20260908,gb,DA,data analyst,2,90,749
gb-5871030865,20260908,gb,DA,data analyst,2,89,749
gb-5871033540,20260908,gb,BA,business analyst,3,120,1269
gb-5871043916,20260908,gb,DA,data analyst,2,88,749
gb-5871044050,20260908,gb,BA,business analyst,3,119,1269
gb-5871135754,20260908,gb,BA,business analyst,3,118,1269
gb-5871241488,20260908,gb,DA,data analyst,2,87,749
gb-5871242766,20260908,gb,BA,business analyst,3,117,1269
gb-5871243065,20260908,gb,BA,business analyst,3,116,1269
gb-5871261504,20260908,gb,DA,data analyst,2,86,749
gb-5871261748,20260908,gb,BA,business analyst,3,115,1269
gb-5871306012,20260908,gb,BA,business analyst,3,114,1269
gb-5871328915,20260908,gb,BA,business analyst,3,113,1269
gb-5871339130,20260908,gb,BA,business analyst,3,112,1269
gb-5871409621,20260908,gb,BA,business analyst,3,111,1269
gb-5871611701,20260908,gb,DA,data analyst,2,85,749
gb-5871611706,20260908,gb,DA,data analyst,2,84,749
gb-5871611722,20260908,gb,DA,data analyst,2,83,749
gb-5871614422,20260908,gb,DA,data analyst,2,82,749
gb-5871617311,20260908,gb,DA,data analyst,2,81,749
gb-5871617319,20260908,gb,BA,business analyst,3,110,1269
gb-5871776402,20260908,gb,BA,business analyst,3,109,1269
gb-5871776433,20260908,gb,BA,business analyst,3,108,1269
gb-5871776444,20260908,gb,BA,business analyst,3,107,1269
gb-5871776512,20260908,gb,BA,business analyst,3,106,1269
gb-5871839762,20260908,gb,DA,data analyst,2,80,749
gb-5871839919,20260908,gb,DA,data analyst,2,79,749
gb-5871839972,20260908,gb,BA,business analyst,3,105,1269
gb-5871839972,20260908,gb,BI,business intelligence analyst,1,6,39
gb-5871840937,20260908,gb,BI,BI analyst,1,8,42
gb-5871840963,20260908,gb,BA,business analyst,3,104,1269
gb-5871840969,20260908,gb,BA,business analyst,3,103,1269
gb-5871840995,20260908,gb,BA,business analyst,3,101,1269
gb-5871841001,20260908,gb,BA,business analyst,3,102,1269
gb-5871841199,20260908,gb,DA,data analyst,2,78,749
gb-5871841210,20260908,gb,DA,data analyst,2,77,749
gb-5871841422,20260908,gb,BA,business analyst,2,98,1269
gb-5871841437,20260908,gb,BA,business analyst,2,100,1269
gb-5871841492,20260908,gb,BA,business analyst,2,99,1269
gb-5871841514,20260908,gb,DA,data analyst,2,76,749
gb-5871887766,20260908,gb,BA,business analyst,2,97,1269
gb-5871887901,20260908,gb,DA,data analyst,2,75,749
gb-5871897227,20260908,gb,BA,business analyst,2,96,1269
gb-5871940068,20260908,gb,DA,data analyst,2,74,749
gb-5871987802,20260908,gb,BA,business analyst,2,95,1269
gb-5871990160,20260908,gb,BA,business analyst,2,94,1269
gb-5872036234,20260908,gb,BA,business analyst,2,93,1269
gb-5872081754,20260908,gb,BA,business analyst,2,92,1269
gb-5872082583,20260908,gb,DA,data analyst,2,73,749
gb-5872090134,20260908,gb,BA,business analyst,2,91,1269
gb-5872091920,20260908,gb,BA,business analyst,2,90,1269
gb-5872097625,20260908,gb,BA,business analyst,2,89,1269
gb-5872108433,20260908,gb,DA,data analyst,2,72,749
gb-5872109795,20260908,gb,BA,business analyst,2,88,1269
gb-5872112385,20260908,gb,BA,business analyst,2,87,1269
gb-5872112532,20260908,gb,BA,business analyst,2,86,1269
gb-5872113219,20260908,gb,BA,business analyst,2,85,1269
gb-5872113905,20260908,gb,DA,data analyst,2,71,749
gb-5872114472,20260908,gb,DA,data analyst,2,70,749
gb-5872116186,20260908,gb,BA,business analyst,2,84,1269
gb-5872120033,20260908,gb,DA,data analyst,2,69,749
gb-5872123477,20260908,gb,DA,data analyst,2,68,749
gb-5872180638,20260908,gb,DA,data analyst,2,67,749
gb-5872300185,20260908,gb,DA,data analyst,2,66,749
gb-5872485992,20260908,gb,BA,business analyst,2,83,1269
gb-5872651308,20260908,gb,DA,data analyst,2,65,749
gb-5872784095,20260908,gb,BA,business analyst,2,82,1269
gb-5872784433,20260908,gb,BA,business analyst,2,81,1269
gb-5872822444,20260908,gb,DA,data analyst,2,63,749
gb-5872822448,20260908,gb,DA,data analyst,2,64,749
gb-5872906430,20260908,gb,BA,business analyst,2,80,1269
gb-5872906430,20260908,gb,DA,data analyst,2,62,749
gb-5872971641,20260908,gb,BA,business analyst,2,79,1269
gb-5872971641,20260908,gb,DA,data analyst,2,61,749
gb-5872972849,20260908,gb,BA,business analyst,2,78,1269
gb-5873088328,20260908,gb,BA,business analyst,2,77,1269
gb-5873088328,20260908,gb,DA,data analyst,2,60,749
gb-5873154934,20260908,gb,BA,business analyst,2,76,1269
gb-5873157161,20260908,gb,DA,data analyst,2,59,749
gb-5873162654,20260908,gb,DA,data analyst,2,58,749
gb-5873163248,20260908,gb,BA,business analyst,2,75,1269
gb-5873164739,20260908,gb,DA,data analyst,2,57,749
gb-5873169412,20260908,gb,BA,business analyst,2,74,1269
gb-5873181355,20260908,gb,DA,data analyst,2,56,749
gb-5873182087,20260908,gb,BA,business analyst,2,73,1269
gb-5873188565,20260908,gb,BA,business analyst,2,72,1269
gb-5873190757,20260908,gb,DA,data analyst,2,55,749
gb-5873191559,20260908,gb,DA,data analyst,2,54,749
gb-5873192199,20260908,gb,BA,business analyst,2,71,1269
gb-5873192632,20260908,gb,DA,data analyst,2,53,749
gb-5873194093,20260908,gb,DA,data analyst,2,52,749
gb-5873194548,20260908,gb,DA,data analyst,2,51,749
gb-5873195507,20260908,gb,DA,data analyst,1,50,749
gb-5873197733,20260908,gb,DA,data analyst,1,49,749
gb-5873198578,20260908,gb,DA,data analyst,1,48,749
gb-5873199126,20260908,gb,DA,data analyst,1,47,749
gb-5873200149,20260908,gb,BA,business analyst,2,70,1269
gb-5873200149,20260908,gb,BI,business intelligence analyst,1,5,39
gb-5873203012,20260908,gb,BI,BI analyst,1,7,42
gb-5873203012,20260908,gb,DA,data analyst,1,46,749
gb-5873204578,20260908,gb,BA,business analyst,2,69,1269
gb-5873205987,20260908,gb,BA,business analyst,2,68,1269
gb-5873205987,20260908,gb,DA,data analyst,1,45,749
gb-5873317407,20260908,gb,BA,business analyst,2,67,1269
gb-5873317429,20260908,gb,BA,business analyst,2,66,1269
gb-5873321394,20260908,gb,DA,data analyst,1,42,749
gb-5873321396,20260908,gb,DA,data analyst,1,44,749
gb-5873321402,20260908,gb,DA,data analyst,1,43,749
gb-5873326995,20260908,gb,BA,business analyst,2,65,1269
gb-5873562022,20260908,gb,DA,data analyst,1,41,749
gb-5873563158,20260908,gb,BA,business analyst,2,63,1269
gb-5873563167,20260908,gb,BA,business analyst,2,64,1269
gb-5873564258,20260908,gb,DA,data analyst,1,39,749
gb-5873564265,20260908,gb,DA,data analyst,1,40,749
gb-5873564270,20260908,gb,DA,data analyst,1,38,749
gb-5873564274,20260908,gb,DA,data analyst,1,37,749
gb-5873564314,20260908,gb,DA,data analyst,1,36,749
gb-5873564327,20260908,gb,DA,data analyst,1,35,749
gb-5873698187,20260908,gb,BA,business analyst,2,62,1269
gb-5873698285,20260908,gb,DA,data analyst,1,34,749
gb-5873727929,20260908,gb,BA,business analyst,2,61,1269
gb-5873817919,20260908,gb,DA,data analyst,1,33,749
gb-5873822433,20260908,gb,BA,business analyst,2,60,1269
gb-5873919553,20260908,gb,BA,business analyst,2,59,1269
gb-5873933527,20260908,gb,BA,business analyst,2,58,1269
gb-5873934975,20260908,gb,BA,business analyst,2,57,1269
gb-5874052563,20260908,gb,BA,business analyst,2,56,1269
gb-5874056006,20260908,gb,BA,business analyst,2,55,1269
gb-5874056067,20260908,gb,BA,business analyst,2,53,1269
gb-5874056075,20260908,gb,BA,business analyst,2,54,1269
gb-5874058964,20260908,gb,DA,data analyst,1,32,749
gb-5874063372,20260908,gb,DA,data analyst,1,31,749
gb-5874063660,20260908,gb,BA,business analyst,2,52,1269
gb-5874122777,20260908,gb,BA,business analyst,2,51,1269
gb-5874123325,20260908,gb,BA,business analyst,1,50,1269
gb-5874125172,20260908,gb,BA,business analyst,1,49,1269
gb-5874125173,20260908,gb,BA,business analyst,1,48,1269
gb-5874136549,20260908,gb,BA,business analyst,1,47,1269
gb-5874136572,20260908,gb,BI,BI analyst,1,6,42
gb-5874136572,20260908,gb,DA,data analyst,1,30,749
gb-5874136586,20260908,gb,DA,data analyst,1,29,749
gb-5874136795,20260908,gb,BA,business analyst,1,46,1269
gb-5874139106,20260908,gb,DA,data analyst,1,28,749
gb-5874139836,20260908,gb,BA,business analyst,1,45,1269
gb-5874156157,20260908,gb,DA,data analyst,1,27,749
gb-5874164897,20260908,gb,BA,business analyst,1,44,1269
gb-5874169298,20260908,gb,BA,business analyst,1,43,1269
gb-5874169483,20260908,gb,BA,business analyst,1,42,1269
gb-5874198103,20260908,gb,BA,business analyst,1,41,1269
gb-5874217186,20260908,gb,DA,data analyst,1,26,749
gb-5874220883,20260908,gb,DA,data analyst,1,25,749
gb-5874253058,20260908,gb,BA,business analyst,1,40,1269
gb-5874264808,20260908,gb,DA,data analyst,1,24,749
gb-5874275602,20260908,gb,BA,business analyst,1,39,1269
gb-5874276443,20260908,gb,DA,data analyst,1,23,749
gb-5874276534,20260908,gb,DA,data analyst,1,22,749
gb-5874276642,20260908,gb,DA,data analyst,1,21,749
gb-5874276773,20260908,gb,DA,data analyst,1,20,749
gb-5874276863,20260908,gb,DA,data analyst,1,19,749
gb-5874305260,20260908,gb,BA,business analyst,1,38,1269
gb-5874305309,20260908,gb,BA,business analyst,1,37,1269
gb-5874305309,20260908,gb,BI,business intelligence analyst,1,4,39
gb-5874305725,20260908,gb,BA,business analyst,1,36,1269
gb-5874345238,20260908,gb,BA,business analyst,1,35,1269
gb-5874353544,20260908,gb,BA,business analyst,1,34,1269
gb-5874376026,20260908,gb,BA,business analyst,1,33,1269
gb-5874392526,20260908,gb,BA,business analyst,1,32,1269
gb-5874392533,20260908,gb,BA,business analyst,1,31,1269
gb-5874392633,20260908,gb,DA,data analyst,1,18,749
gb-5874418500,20260908,gb,BI,BI analyst,1,5,42
gb-5874418862,20260908,gb,DA,data analyst,1,17,749
gb-5874433962,20260908,gb,BA,business analyst,1,30,1269
gb-5874487851,20260908,gb,DA,data analyst,1,16,749
gb-5874489689,20260908,gb,BA,business analyst,1,29,1269
gb-5874493866,20260908,gb,BA,business analyst,1,28,1269
gb-5874508666,20260908,gb,BA,business analyst,1,26,1269
gb-5874508666,20260908,gb,BI,business intelligence analyst,1,3,39
gb-5874508680,20260908,gb,BA,business analyst,1,27,1269
gb-5874508689,20260908,gb,DA,data analyst,1,15,749
gb-5874516749,20260908,gb,BA,business analyst,1,25,1269
gb-5874516815,20260908,gb,BA,business analyst,1,24,1269
gb-5874518734,20260908,gb,BA,business analyst,1,23,1269
gb-5874520009,20260908,gb,BA,business analyst,1,22,1269
gb-5874666931,20260908,gb,BA,business analyst,1,21,1269
gb-5874666941,20260908,gb,DA,data analyst,1,14,749
gb-5874671009,20260908,gb,DA,data analyst,1,13,749
gb-5874800211,20260908,gb,DA,data analyst,1,12,749
gb-5874800224,20260908,gb,BA,business analyst,1,20,1269
gb-5875056099,20260908,gb,BA,business analyst,1,18,1269
gb-5875056099,20260908,gb,BI,business intelligence analyst,1,1,39
gb-5875056109,20260908,gb,BA,business analyst,1,19,1269
gb-5875056109,20260908,gb,BI,business intelligence analyst,1,2,39
gb-5875057713,20260908,gb,BA,business analyst,1,17,1269
gb-5875062899,20260908,gb,BA,business analyst,1,16,1269
gb-5875137141,20260908,gb,BA,business analyst,1,15,1269
gb-5875137390,20260908,gb,BA,business analyst,1,13,1269
gb-5875137396,20260908,gb,BA,business analyst,1,14,1269
gb-5875137690,20260908,gb,BI,BI analyst,1,4,42
gb-5875137690,20260908,gb,BA,business analyst,1,12,1269
gb-5875231579,20260908,gb,BA,business analyst,1,11,1269
gb-5875329351,20260908,gb,BA,business analyst,1,10,1269
gb-5875438608,20260908,gb,BA,business analyst,1,9,1269
gb-5875455900,20260908,gb,BA,business analyst,1,8,1269
gb-5875482158,20260908,gb,DA,data analyst,1,11,749
gb-5875482639,20260908,gb,DA,data analyst,1,10,749
gb-5875482722,20260908,gb,DA,data analyst,1,8,749
gb-5875482754,20260908,gb,DA,data analyst,1,9,749
gb-5875482796,20260908,gb,BA,business analyst,1,7,1269
gb-5875482998,20260908,gb,DA,data analyst,1,7,749
gb-5875483163,20260908,gb,BI,BI analyst,1,3,42
gb-5875483280,20260908,gb,DA,data analyst,1,6,749
gb-5875483346,20260908,gb,BI,BI analyst,1,1,42
gb-5875483386,20260908,gb,BI,BI analyst,1,2,42
gb-5875483473,20260908,gb,BA,business analyst,1,6,1269
gb-5875483473,20260908,gb,DA,data analyst,1,5,749
gb-5875483523,20260908,gb,BA,business analyst,1,5,1269
gb-5875483599,20260908,gb,BA,business analyst,1,4,1269
gb-5875483604,20260908,gb,BA,business analyst,1,3,1269
gb-5875483699,20260908,gb,BA,business analyst,1,2,1269
gb-5875483765,20260908,gb,BA,business analyst,1,1,1269
gb-5875483804,20260908,gb,DA,data analyst,1,3,749
gb-5875483809,20260908,gb,DA,data analyst,1,4,749
gb-5875536107,20260908,gb,DA,data analyst,1,2,749
gb-5875536150,20260908,gb,DA,data analyst,1,1,749
ch-4907507246,20260909,ch,BA,business analyst,4,195,195
ch-5049642724,20260909,ch,BA,business analyst,4,194,195
ch-5102286206,20260909,ch,BA,business analyst,4,193,195
ch-5253192882,20260909,ch,BA,business analyst,4,192,195
ch-5415997589,20260909,ch,BA,business analyst,4,191,195
ch-5501296599,20260909,ch,BA,business analyst,4,190,195
ch-5501296602,20260909,ch,BA,business analyst,4,189,195
ch-5544982395,20260909,ch,BA,business analyst,4,188,195
ch-5582074518,20260909,ch,BA,business analyst,4,187,195
ch-5624904803,20260909,ch,BA,business analyst,4,186,195
ch-5662130334,20260909,ch,BA,business analyst,4,185,195
ch-5706900763,20260909,ch,BA,business analyst,4,184,195
ch-5723540051,20260909,ch,BA,business analyst,4,183,195
ch-5723540105,20260909,ch,BA,business analyst,4,182,195
ch-5727378938,20260909,ch,BA,business analyst,4,181,195
ch-5727381173,20260909,ch,BA,business analyst,4,180,195
ch-5728539859,20260909,ch,BA,business analyst,4,179,195
ch-5736527696,20260909,ch,BA,business analyst,4,178,195
ch-5737723571,20260909,ch,BA,business analyst,4,177,195
ch-5751722820,20260909,ch,BA,business analyst,4,176,195
ch-5752476574,20260909,ch,BA,business analyst,4,175,195
ch-5754205825,20260909,ch,BA,business analyst,4,174,195
ch-5763015516,20260909,ch,BA,business analyst,4,173,195
ch-5772045252,20260909,ch,BA,business analyst,4,172,195
ch-5779533751,20260909,ch,BA,business analyst,4,171,195
ch-5784532475,20260909,ch,BA,business analyst,4,170,195
ch-5791318020,20260909,ch,BA,business analyst,4,169,195
ch-5795995207,20260909,ch,BA,business analyst,4,168,195
ch-5795995207,20260909,ch,DA,data analyst,1,32,32
ch-5798343353,20260909,ch,BA,business analyst,4,167,195
ch-5799099810,20260909,ch,DA,data analyst,1,31,32
ch-5805053425,20260909,ch,BA,business analyst,4,166,195
ch-5810001868,20260909,ch,BA,business analyst,4,165,195
ch-5810001868,20260909,ch,DA,data analyst,1,30,32
ch-5811519370,20260909,ch,BA,business analyst,4,164,195
ch-5814610054,20260909,ch,BA,business analyst,4,163,195
ch-5814700994,20260909,ch,BA,business analyst,4,162,195
ch-5814701018,20260909,ch,BA,business analyst,4,161,195
ch-5822720275,20260909,ch,BA,business analyst,4,160,195
ch-5822996836,20260909,ch,BA,business analyst,4,159,195
ch-5822997268,20260909,ch,BA,business analyst,4,158,195
ch-5826138284,20260909,ch,BA,business analyst,4,157,195
ch-5829693990,20260909,ch,BA,business analyst,4,156,195
ch-5830857008,20260909,ch,BA,business analyst,4,155,195
ch-5832355656,20260909,ch,BA,business analyst,4,154,195
ch-5832355656,20260909,ch,DA,data analyst,1,29,32
ch-5834044745,20260909,ch,BA,business analyst,4,153,195
ch-5837128521,20260909,ch,BA,business analyst,4,152,195
ch-5840951023,20260909,ch,BA,business analyst,4,151,195
ch-5841638762,20260909,ch,BA,business analyst,3,150,195
ch-5841641655,20260909,ch,BA,business analyst,3,149,195
ch-5841645920,20260909,ch,BA,business analyst,3,148,195
ch-5841647275,20260909,ch,BA,business analyst,3,147,195
ch-5841656718,20260909,ch,BA,business analyst,3,146,195
ch-5841660097,20260909,ch,BA,business analyst,3,145,195
ch-5841663916,20260909,ch,BA,business analyst,3,144,195
ch-5841664012,20260909,ch,BA,business analyst,3,143,195
ch-5841666061,20260909,ch,BA,business analyst,3,142,195
ch-5841672952,20260909,ch,BA,business analyst,3,141,195
ch-5841674749,20260909,ch,BA,business analyst,3,140,195
ch-5841677323,20260909,ch,BA,business analyst,3,139,195
ch-5841678642,20260909,ch,BA,business analyst,3,138,195
ch-5842832011,20260909,ch,BA,business analyst,3,137,195
ch-5843423869,20260909,ch,BA,business analyst,3,136,195
ch-5844661707,20260909,ch,DA,data analyst,1,28,32
ch-5844661743,20260909,ch,BA,business analyst,3,135,195
ch-5844661746,20260909,ch,BA,business analyst,3,134,195
ch-5846524834,20260909,ch,BA,business analyst,3,133,195
ch-5846526241,20260909,ch,BA,business analyst,3,132,195
ch-5848038718,20260909,ch,BA,business analyst,3,131,195
ch-5848972179,20260909,ch,BA,business analyst,3,130,195
ch-5849618306,20260909,ch,BA,business analyst,3,129,195
ch-5850864273,20260909,ch,BA,business analyst,3,128,195
ch-5850865720,20260909,ch,BA,business analyst,3,127,195
ch-5851422313,20260909,ch,BA,business analyst,3,126,195
ch-5851683322,20260909,ch,DA,data analyst,1,27,32
ch-5851872574,20260909,ch,BA,business analyst,3,125,195
ch-5852323293,20260909,ch,BA,business analyst,3,124,195
ch-5852323459,20260909,ch,BA,business analyst,3,123,195
ch-5853039171,20260909,ch,BA,business analyst,3,122,195
ch-5853533474,20260909,ch,BA,business analyst,3,121,195
ch-5853533670,20260909,ch,BA,business analyst,3,120,195
ch-5853882183,20260909,ch,DA,data analyst,1,26,32
ch-5853882264,20260909,ch,BA,business analyst,3,119,195
ch-5853882351,20260909,ch,BA,business analyst,3,118,195
ch-5853961952,20260909,ch,DA,data analyst,1,25,32
ch-5853962010,20260909,ch,BA,business analyst,3,117,195
ch-5854312298,20260909,ch,BA,business analyst,3,116,195
ch-5854363607,20260909,ch,BA,business analyst,3,115,195
ch-5854383299,20260909,ch,BA,business analyst,3,114,195
ch-5855319525,20260909,ch,BA,business analyst,3,113,195
ch-5856657239,20260909,ch,BA,business analyst,3,112,195
ch-5856657614,20260909,ch,BA,business analyst,3,111,195
ch-5856657772,20260909,ch,BA,business analyst,3,110,195
ch-5856658307,20260909,ch,BA,business analyst,3,109,195
ch-5856658308,20260909,ch,BA,business analyst,3,108,195
ch-5856658308,20260909,ch,DA,data analyst,1,24,32
ch-5856658925,20260909,ch,BA,business analyst,3,107,195
ch-5856659715,20260909,ch,BA,business analyst,3,106,195
ch-5856659968,20260909,ch,BA,business analyst,3,105,195
ch-5858108261,20260909,ch,BA,business analyst,3,104,195
ch-5858108492,20260909,ch,BA,business analyst,3,103,195
ch-5858108772,20260909,ch,BA,business analyst,3,102,195
ch-5858109433,20260909,ch,BA,business analyst,3,101,195
ch-5858109692,20260909,ch,BA,business analyst,2,100,195
ch-5858191100,20260909,ch,BA,business analyst,2,99,195
ch-5858191337,20260909,ch,BA,business analyst,2,98,195
ch-5858191352,20260909,ch,DA,data analyst,1,23,32
ch-5858200279,20260909,ch,BA,business analyst,2,97,195
ch-5858655034,20260909,ch,BA,business analyst,2,96,195
ch-5858655034,20260909,ch,DA,data analyst,1,22,32
ch-5858655041,20260909,ch,BA,business analyst,2,95,195
ch-5858655041,20260909,ch,DA,data analyst,1,21,32
ch-5858699531,20260909,ch,DA,data analyst,1,20,32
ch-5858930041,20260909,ch,BA,business analyst,2,94,195
ch-5858930499,20260909,ch,DA,data analyst,1,19,32
ch-5858930900,20260909,ch,BA,business analyst,2,93,195
ch-5858930900,20260909,ch,DA,data analyst,1,18,32
ch-5858931856,20260909,ch,BA,business analyst,2,92,195
ch-5859562226,20260909,ch,BA,business analyst,2,91,195
ch-5859562509,20260909,ch,BA,business analyst,2,90,195
ch-5859623248,20260909,ch,BA,business analyst,2,89,195
ch-5859625118,20260909,ch,BA,business analyst,2,88,195
ch-5859625414,20260909,ch,BA,business analyst,2,87,195
ch-5859625738,20260909,ch,BA,business analyst,2,86,195
ch-5860025567,20260909,ch,BA,business analyst,2,85,195
ch-5860025604,20260909,ch,DA,data analyst,1,17,32
ch-5860952427,20260909,ch,BA,business analyst,2,84,195
ch-5860954314,20260909,ch,DA,data analyst,1,16,32
ch-5860954532,20260909,ch,BA,business analyst,2,83,195
ch-5861035230,20260909,ch,BA,business analyst,2,82,195
ch-5861038915,20260909,ch,DA,data analyst,1,15,32
ch-5861621342,20260909,ch,BA,business analyst,2,81,195
ch-5862084044,20260909,ch,BA,business analyst,2,80,195
ch-5862206206,20260909,ch,BA,business analyst,2,79,195
ch-5862206270,20260909,ch,DA,data analyst,1,14,32
ch-5862206634,20260909,ch,BA,business analyst,2,78,195
ch-5862212824,20260909,ch,BI,BI analyst,1,3,3
ch-5862212824,20260909,ch,BA,business analyst,2,77,195
ch-5862876803,20260909,ch,BA,business analyst,2,76,195
ch-5862909113,20260909,ch,BA,business analyst,2,75,195
ch-5862911922,20260909,ch,BA,business analyst,2,74,195
ch-5862915600,20260909,ch,BA,business analyst,2,73,195
ch-5863094617,20260909,ch,DA,data analyst,1,13,32
ch-5864095581,20260909,ch,BA,business analyst,2,72,195
ch-5864313658,20260909,ch,BA,business analyst,2,71,195
ch-5864313785,20260909,ch,BA,business analyst,2,70,195
ch-5864317496,20260909,ch,BA,business analyst,2,69,195
ch-5864318861,20260909,ch,DA,data analyst,1,12,32
ch-5864319035,20260909,ch,BA,business analyst,2,68,195
ch-5864321835,20260909,ch,BA,business analyst,2,67,195
ch-5864521373,20260909,ch,BA,business analyst,2,66,195
ch-5865238768,20260909,ch,BA,business analyst,2,65,195
ch-5866723075,20260909,ch,BA,business analyst,2,64,195
ch-5866773861,20260909,ch,BA,business analyst,2,63,195
ch-5866881818,20260909,ch,BA,business analyst,2,61,195
ch-5866881828,20260909,ch,BA,business analyst,2,62,195
ch-5866881961,20260909,ch,BA,business analyst,2,60,195
ch-5866882433,20260909,ch,BA,business analyst,2,59,195
ch-5866883860,20260909,ch,BA,business analyst,2,58,195
ch-5866885100,20260909,ch,BA,business analyst,2,57,195
ch-5866891317,20260909,ch,DA,data analyst,1,11,32
ch-5866893383,20260909,ch,BA,business analyst,2,56,195
ch-5867052084,20260909,ch,BA,business analyst,2,55,195
ch-5867052309,20260909,ch,BA,business analyst,2,54,195
ch-5867053397,20260909,ch,BA,business analyst,2,53,195
ch-5867073213,20260909,ch,BA,business analyst,2,52,195
ch-5867074233,20260909,ch,BA,business analyst,2,51,195
ch-5867084032,20260909,ch,BA,business analyst,1,50,195
ch-5867085074,20260909,ch,BA,business analyst,1,49,195
ch-5868666197,20260909,ch,BA,business analyst,1,48,195
ch-5868666937,20260909,ch,BA,business analyst,1,47,195
ch-5868667867,20260909,ch,BA,business analyst,1,46,195
ch-5868880783,20260909,ch,BI,BI analyst,1,2,3
ch-5868880783,20260909,ch,BA,business analyst,1,45,195
ch-5868880944,20260909,ch,DA,data analyst,1,10,32
ch-5868882186,20260909,ch,BA,business analyst,1,44,195
ch-5868886922,20260909,ch,BA,business analyst,1,43,195
ch-5868887400,20260909,ch,BA,business analyst,1,42,195
ch-5868888097,20260909,ch,BA,business analyst,1,41,195
ch-5869532600,20260909,ch,BA,business analyst,1,40,195
ch-5870422413,20260909,ch,BA,business analyst,1,39,195
ch-5870422551,20260909,ch,BA,business analyst,1,38,195
ch-5870422848,20260909,ch,BA,business analyst,1,37,195
ch-5870580469,20260909,ch,BA,business analyst,1,36,195
ch-5870580585,20260909,ch,BA,business analyst,1,35,195
ch-5870587128,20260909,ch,BA,business analyst,1,34,195
ch-5870588150,20260909,ch,BA,business analyst,1,33,195
ch-5870590169,20260909,ch,BA,business analyst,1,32,195
ch-5870590503,20260909,ch,BA,business analyst,1,31,195
ch-5870597130,20260909,ch,BA,business analyst,1,30,195
ch-5870597583,20260909,ch,BA,business analyst,1,29,195
ch-5870599269,20260909,ch,BA,business analyst,1,28,195
ch-5871134674,20260909,ch,BA,business analyst,1,27,195
ch-5871135120,20260909,ch,BA,business analyst,1,26,195
ch-5871135198,20260909,ch,BA,business analyst,1,25,195
ch-5871135545,20260909,ch,BA,business analyst,1,24,195
ch-5871764575,20260909,ch,BA,business analyst,1,23,195
ch-5871764843,20260909,ch,BA,business analyst,1,22,195
ch-5871765319,20260909,ch,BA,business analyst,1,21,195
ch-5871765334,20260909,ch,BA,business analyst,1,20,195
ch-5871765764,20260909,ch,BA,business analyst,1,19,195
ch-5871766315,20260909,ch,BA,business analyst,1,18,195
ch-5871969399,20260909,ch,DA,data analyst,1,9,32
ch-5871981354,20260909,ch,BA,business analyst,1,17,195
ch-5871981944,20260909,ch,BA,business analyst,1,16,195
ch-5871982189,20260909,ch,BA,business analyst,1,15,195
ch-5872314605,20260909,ch,BA,business analyst,1,14,195
ch-5872391554,20260909,ch,DA,data analyst,1,8,32
ch-5872391566,20260909,ch,DA,data analyst,1,7,32
ch-5873050759,20260909,ch,BA,business analyst,1,13,195
ch-5873050759,20260909,ch,DA,data analyst,1,6,32
ch-5873053165,20260909,ch,DA,data analyst,1,5,32
ch-5873437167,20260909,ch,BI,BI analyst,1,1,3
ch-5874921330,20260909,ch,BA,business analyst,1,12,195
ch-5874921330,20260909,ch,DA,data analyst,1,4,32
ch-5875433332,20260909,ch,BA,business analyst,1,11,195
ch-5876090087,20260909,ch,BA,business analyst,1,10,195
ch-5876274029,20260909,ch,BA,business analyst,1,9,195
ch-5876276673,20260909,ch,BA,business analyst,1,8,195
ch-5876276673,20260909,ch,DA,data analyst,1,3,32
ch-5876535938,20260909,ch,BA,business analyst,1,7,195
ch-5876535938,20260909,ch,DA,data analyst,1,2,32
ch-5876535953,20260909,ch,BA,business analyst,1,6,195
ch-5876922004,20260909,ch,BA,business analyst,1,5,195
ch-5876922240,20260909,ch,BA,business analyst,1,4,195
ch-5876923421,20260909,ch,DA,data analyst,1,1,32
ch-5876966238,20260909,ch,BA,business analyst,1,3,195
ch-5877030962,20260909,ch,BA,business analyst,1,2,195
ch-5877099458,20260909,ch,BA,business analyst,1,1,195
de-5330215394,20260909,de,BI,BI analyst,1,22,22
de-5479764604,20260909,de,BI,BI analyst,1,21,22
de-5485143529,20260909,de,DA,datenanalyst,1,31,31
de-5576705961,20260909,de,DA,datenanalyst,1,30,31
de-5622127807,20260909,de,DA,datenanalyst,1,29,31
de-5632671837,20260909,de,DA,datenanalyst,1,28,31
de-5727102241,20260909,de,BI,business intelligence analyst,1,11,11
de-5727297937,20260909,de,BI,BI analyst,1,20,22
de-5746660312,20260909,de,BI,business intelligence analyst,1,10,11
de-5751150763,20260909,de,BI,BI analyst,1,19,22
de-5765089843,20260909,de,DA,data analyst,5,250,302
de-5766006398,20260909,de,DA,data analyst,5,249,302
de-5767220946,20260909,de,DA,data analyst,5,248,302
de-5767410711,20260909,de,DA,data analyst,5,247,302
de-5770486747,20260909,de,DA,data analyst,5,246,302
de-5771981727,20260909,de,DA,data analyst,5,245,302
de-5775234210,20260909,de,DA,data analyst,5,244,302
de-5780538507,20260909,de,DA,data analyst,5,243,302
de-5780558194,20260909,de,DA,data analyst,5,242,302
de-5780991585,20260909,de,DA,data analyst,5,241,302
de-5782538825,20260909,de,DA,data analyst,5,240,302
de-5782547945,20260909,de,DA,data analyst,5,239,302
de-5784282088,20260909,de,DA,data analyst,5,238,302
de-5786675236,20260909,de,DA,data analyst,5,237,302
de-5786675237,20260909,de,DA,data analyst,5,236,302
de-5786679727,20260909,de,DA,data analyst,5,235,302
de-5787325956,20260909,de,DA,datenanalyst,1,27,31
de-5787618351,20260909,de,DA,data analyst,5,234,302
de-5788489663,20260909,de,DA,data analyst,5,233,302
de-5791474202,20260909,de,DA,data analyst,5,232,302
de-5791613467,20260909,de,DA,data analyst,5,231,302
de-5793217303,20260909,de,DA,datenanalyst,1,26,31
de-5793393035,20260909,de,DA,data analyst,5,230,302
de-5794024968,20260909,de,DA,data analyst,5,229,302
de-5794789776,20260909,de,DA,data analyst,5,228,302
de-5794801891,20260909,de,DA,data analyst,5,227,302
de-5796235359,20260909,de,BI,BI analyst,1,18,22
de-5798313105,20260909,de,DA,data analyst,5,226,302
de-5799974240,20260909,de,DA,data analyst,5,225,302
de-5801823022,20260909,de,DA,data analyst,5,224,302
de-5802935348,20260909,de,DA,data analyst,5,222,302
de-5802935351,20260909,de,DA,data analyst,5,223,302
de-5802941272,20260909,de,DA,data analyst,5,221,302
de-5802961901,20260909,de,BI,BI analyst,1,17,22
de-5802963262,20260909,de,DA,data analyst,5,220,302
de-5802969084,20260909,de,DA,data analyst,5,219,302
de-5802971414,20260909,de,DA,data analyst,5,218,302
de-5802975615,20260909,de,DA,data analyst,5,217,302
de-5802980918,20260909,de,DA,data analyst,5,216,302
de-5802987103,20260909,de,DA,data analyst,5,215,302
de-5803454368,20260909,de,DA,data analyst,5,214,302
de-5803923930,20260909,de,DA,datenanalyst,1,25,31
de-5803943655,20260909,de,DA,data analyst,5,213,302
de-5804545971,20260909,de,DA,data analyst,5,212,302
de-5804553762,20260909,de,BI,BI analyst,1,16,22
de-5804554931,20260909,de,DA,data analyst,5,211,302
de-5805353472,20260909,de,DA,data analyst,5,210,302
de-5806175401,20260909,de,DA,data analyst,5,209,302
de-5808204469,20260909,de,DA,datenanalyst,1,24,31
de-5808554689,20260909,de,DA,data analyst,5,208,302
de-5809361546,20260909,de,DA,datenanalyst,1,23,31
de-5810334767,20260909,de,DA,datenanalyst,1,22,31
de-5810565879,20260909,de,DA,data analyst,5,207,302
de-5811155558,20260909,de,DA,data analyst,5,206,302
de-5811747254,20260909,de,DA,data analyst,5,205,302
de-5812407986,20260909,de,DA,data analyst,5,204,302
de-5813675699,20260909,de,DA,data analyst,5,203,302
de-5816408358,20260909,de,DA,data analyst,5,202,302
de-5816415778,20260909,de,BI,BI analyst,1,15,22
de-5816491278,20260909,de,DA,datenanalyst,1,21,31
de-5821137355,20260909,de,DA,data analyst,5,201,302
de-5821322166,20260909,de,DA,data analyst,4,200,302
de-5825713005,20260909,de,DA,data analyst,4,199,302
de-5825713188,20260909,de,DA,data analyst,4,198,302
de-5825767190,20260909,de,DA,data analyst,4,197,302
de-5825806283,20260909,de,DA,data analyst,4,196,302
de-5829292588,20260909,de,DA,data analyst,4,195,302
de-5830637305,20260909,de,BI,BI analyst,1,14,22
de-5830637305,20260909,de,DA,data analyst,4,194,302
de-5830749157,20260909,de,DA,data analyst,4,193,302
de-5831313567,20260909,de,DA,data analyst,4,192,302
de-5831968659,20260909,de,DA,data analyst,4,191,302
de-5832180650,20260909,de,DA,data analyst,4,190,302
de-5832194729,20260909,de,DA,data analyst,4,189,302
de-5833425418,20260909,de,DA,data analyst,4,188,302
de-5833425456,20260909,de,DA,data analyst,4,187,302
de-5833592056,20260909,de,DA,data analyst,4,186,302
de-5833598668,20260909,de,DA,data analyst,4,185,302
de-5833618547,20260909,de,DA,data analyst,4,184,302
de-5833647960,20260909,de,DA,data analyst,4,183,302
de-5833708491,20260909,de,DA,data analyst,4,182,302
de-5834385116,20260909,de,DA,data analyst,4,181,302
de-5834806004,20260909,de,BI,BI analyst,1,13,22
de-5834806004,20260909,de,DA,data analyst,4,180,302
de-5835180910,20260909,de,BI,BI analyst,1,12,22
de-5835234446,20260909,de,BI,BI analyst,1,11,22
de-5835515492,20260909,de,BI,BI analyst,1,10,22
de-5835557994,20260909,de,BI,BI analyst,1,9,22
de-5835557994,20260909,de,DA,data analyst,4,179,302
de-5835783804,20260909,de,DA,data analyst,4,178,302
de-5835794982,20260909,de,DA,data analyst,4,177,302
de-5835856791,20260909,de,BI,BI analyst,1,8,22
de-5838216392,20260909,de,DA,data analyst,4,176,302
de-5838375932,20260909,de,DA,data analyst,4,175,302
de-5838745256,20260909,de,DA,data analyst,4,174,302
de-5840262921,20260909,de,DA,data analyst,4,173,302
de-5840355044,20260909,de,DA,data analyst,4,172,302
de-5840508797,20260909,de,DA,data analyst,4,171,302
de-5841890799,20260909,de,DA,data analyst,4,170,302
de-5841997634,20260909,de,DA,data analyst,4,169,302
de-5842039733,20260909,de,DA,data analyst,4,168,302
de-5842047732,20260909,de,DA,data analyst,4,167,302
de-5842729684,20260909,de,DA,data analyst,4,166,302
de-5843240583,20260909,de,DA,data analyst,4,165,302
de-5843300954,20260909,de,DA,data analyst,4,164,302
de-5844198313,20260909,de,BI,BI analyst,1,7,22
de-5844372604,20260909,de,DA,data analyst,4,163,302
de-5845778274,20260909,de,DA,data analyst,4,162,302
de-5845897971,20260909,de,DA,data analyst,4,161,302
de-5847068515,20260909,de,DA,data analyst,4,160,302
de-5847435609,20260909,de,DA,datenanalyst,1,20,31
de-5847626132,20260909,de,DA,data analyst,4,159,302
de-5847687462,20260909,de,DA,data analyst,4,158,302
de-5847722529,20260909,de,DA,data analyst,4,157,302
de-5848032631,20260909,de,DA,data analyst,4,156,302
de-5848115620,20260909,de,BI,BI analyst,1,6,22
de-5848115620,20260909,de,DA,data analyst,4,155,302
de-5848128975,20260909,de,BI,business intelligence analyst,1,9,11
de-5848232080,20260909,de,DA,data analyst,4,154,302
de-5848345509,20260909,de,DA,data analyst,4,153,302
de-5848496731,20260909,de,DA,data analyst,4,152,302
de-5848533692,20260909,de,DA,data analyst,4,151,302
de-5848586738,20260909,de,DA,data analyst,3,150,302
de-5849082736,20260909,de,DA,datenanalyst,1,19,31
de-5849251398,20260909,de,DA,data analyst,3,149,302
de-5849325391,20260909,de,DA,data analyst,3,148,302
de-5849585787,20260909,de,DA,data analyst,3,146,302
de-5849585790,20260909,de,DA,data analyst,3,147,302
de-5849769507,20260909,de,DA,data analyst,3,145,302
de-5849808301,20260909,de,DA,data analyst,3,144,302
de-5850001762,20260909,de,DA,data analyst,3,143,302
de-5850159030,20260909,de,DA,data analyst,3,142,302
de-5850417363,20260909,de,DA,data analyst,3,141,302
de-5850731785,20260909,de,DA,data analyst,3,140,302
de-5851307364,20260909,de,DA,data analyst,3,139,302
de-5851313135,20260909,de,DA,data analyst,3,138,302
de-5851326698,20260909,de,DA,data analyst,3,137,302
de-5851345939,20260909,de,DA,datenanalyst,1,18,31
de-5851395837,20260909,de,DA,data analyst,3,136,302
de-5852181999,20260909,de,DA,data analyst,3,135,302
de-5852480853,20260909,de,DA,data analyst,3,134,302
de-5852577992,20260909,de,DA,data analyst,3,133,302
de-5852710200,20260909,de,DA,datenanalyst,1,17,31
de-5853561751,20260909,de,DA,datenanalyst,1,16,31
de-5853565462,20260909,de,DA,data analyst,3,132,302
de-5853565462,20260909,de,DA,datenanalyst,1,15,31
de-5853722616,20260909,de,DA,data analyst,3,131,302
de-5854367551,20260909,de,DA,data analyst,3,130,302
de-5854367552,20260909,de,DA,data analyst,3,129,302
de-5854422641,20260909,de,DA,data analyst,3,128,302
de-5854692629,20260909,de,DA,data analyst,3,127,302
de-5854821554,20260909,de,DA,data analyst,3,126,302
de-5855327520,20260909,de,DA,data analyst,3,125,302
de-5855434419,20260909,de,DA,data analyst,3,124,302
de-5855591218,20260909,de,BI,business intelligence analyst,1,8,11
de-5855591218,20260909,de,DA,data analyst,3,123,302
de-5855599314,20260909,de,DA,data analyst,3,122,302
de-5856084517,20260909,de,DA,data analyst,3,121,302
de-5856263806,20260909,de,DA,datenanalyst,1,14,31
de-5856263876,20260909,de,BI,BI analyst,1,5,22
de-5856263876,20260909,de,DA,data analyst,3,120,302
de-5856676532,20260909,de,DA,data analyst,3,119,302
de-5856974440,20260909,de,DA,data analyst,3,118,302
de-5857113284,20260909,de,DA,data analyst,3,117,302
de-5857315270,20260909,de,DA,data analyst,3,116,302
de-5857319234,20260909,de,DA,data analyst,3,115,302
de-5857805575,20260909,de,DA,data analyst,3,114,302
de-5857993681,20260909,de,DA,data analyst,3,113,302
de-5858169364,20260909,de,DA,data analyst,3,112,302
de-5858186004,20260909,de,DA,data analyst,3,111,302
de-5858237375,20260909,de,DA,data analyst,3,110,302
de-5858241214,20260909,de,DA,data analyst,3,106,302
de-5858241215,20260909,de,DA,data analyst,3,105,302
de-5858241216,20260909,de,DA,data analyst,3,107,302
de-5858241217,20260909,de,DA,data analyst,3,104,302
de-5858241220,20260909,de,DA,data analyst,3,108,302
de-5858241222,20260909,de,DA,data analyst,3,101,302
de-5858241224,20260909,de,DA,data analyst,3,103,302
de-5858241225,20260909,de,DA,data analyst,2,99,302
de-5858241230,20260909,de,DA,data analyst,3,102,302
de-5858241232,20260909,de,DA,data analyst,3,109,302
de-5858241233,20260909,de,DA,data analyst,2,100,302
de-5858241234,20260909,de,DA,data analyst,2,91,302
de-5858241235,20260909,de,DA,data analyst,2,93,302
de-5858241236,20260909,de,DA,data analyst,2,96,302
de-5858241237,20260909,de,DA,data analyst,2,92,302
de-5858241238,20260909,de,DA,data analyst,2,98,302
de-5858241239,20260909,de,DA,data analyst,2,94,302
de-5858241240,20260909,de,DA,data analyst,2,97,302
de-5858241241,20260909,de,DA,data analyst,2,90,302
de-5858241243,20260909,de,DA,data analyst,2,89,302
de-5858241244,20260909,de,DA,data analyst,2,88,302
de-5858241247,20260909,de,DA,data analyst,2,95,302
de-5858242933,20260909,de,BI,business intelligence analyst,1,7,11
de-5858265769,20260909,de,DA,data analyst,2,87,302
de-5858329815,20260909,de,DA,data analyst,2,86,302
de-5858487962,20260909,de,DA,datenanalyst,1,13,31
de-5858502452,20260909,de,DA,data analyst,2,85,302
de-5858512268,20260909,de,DA,data analyst,2,84,302
de-5858577600,20260909,de,BI,business intelligence analyst,1,6,11
de-5858577600,20260909,de,DA,data analyst,2,83,302
de-5858661082,20260909,de,DA,data analyst,2,82,302
de-5858728979,20260909,de,DA,data analyst,2,81,302
de-5858838387,20260909,de,DA,data analyst,2,80,302
de-5858907192,20260909,de,BI,business intelligence analyst,1,5,11
de-5858907192,20260909,de,DA,data analyst,2,79,302
de-5859138453,20260909,de,DA,data analyst,2,78,302
de-5859138618,20260909,de,DA,data analyst,2,77,302
de-5859165714,20260909,de,DA,data analyst,2,76,302
de-5859654609,20260909,de,DA,data analyst,2,73,302
de-5859654610,20260909,de,DA,data analyst,2,75,302
de-5859654611,20260909,de,DA,data analyst,2,74,302
de-5859871991,20260909,de,DA,data analyst,2,72,302
de-5859890717,20260909,de,DA,data analyst,2,71,302
de-5859891409,20260909,de,DA,data analyst,2,70,302
de-5860576256,20260909,de,DA,data analyst,2,69,302
de-5860798575,20260909,de,DA,data analyst,2,68,302
de-5861202126,20260909,de,DA,data analyst,2,67,302
de-5861225956,20260909,de,DA,datenanalyst,1,12,31
de-5861314826,20260909,de,DA,data analyst,2,66,302
de-5862103183,20260909,de,DA,data analyst,2,65,302
de-5862118873,20260909,de,DA,data analyst,2,64,302
de-5862125839,20260909,de,DA,datenanalyst,1,11,31
de-5863094623,20260909,de,DA,data analyst,2,63,302
de-5863612058,20260909,de,DA,data analyst,2,62,302
de-5863811463,20260909,de,DA,data analyst,2,61,302
de-5864593761,20260909,de,DA,data analyst,2,60,302
de-5864751829,20260909,de,DA,data analyst,2,59,302
de-5864752337,20260909,de,DA,data analyst,2,58,302
de-5864754493,20260909,de,BA,business analyst,5,250,913
de-5864754539,20260909,de,BA,business analyst,5,249,913
de-5864785135,20260909,de,BA,business analyst,5,248,913
de-5864798580,20260909,de,BA,business analyst,5,247,913
de-5864807023,20260909,de,BA,business analyst,5,246,913
de-5865026942,20260909,de,BA,business analyst,5,245,913
de-5865037184,20260909,de,BA,business analyst,5,244,913
de-5865132455,20260909,de,DA,data analyst,2,57,302
de-5865133388,20260909,de,DA,data analyst,2,56,302
de-5865134979,20260909,de,BA,business analyst,5,243,913
de-5865136526,20260909,de,BA,business analyst,5,242,913
de-5865242906,20260909,de,BA,business analyst,5,241,913
de-5865808146,20260909,de,BA,business analyst,5,240,913
de-5865808878,20260909,de,BA,business analyst,5,239,913
de-5865994095,20260909,de,BA,business analyst,5,238,913
de-5866020234,20260909,de,BA,business analyst,5,237,913
de-5866022033,20260909,de,BA,business analyst,5,236,913
de-5866120252,20260909,de,BA,business analyst,5,235,913
de-5866229420,20260909,de,BA,business analyst,5,234,913
de-5866285263,20260909,de,BA,business analyst,5,233,913
de-5866572896,20260909,de,BA,business analyst,5,232,913
de-5866919183,20260909,de,BA,business analyst,5,231,913
de-5866919499,20260909,de,BA,business analyst,5,230,913
de-5866943465,20260909,de,BA,business analyst,5,229,913
de-5867004154,20260909,de,DA,data analyst,2,55,302
de-5867040194,20260909,de,BA,business analyst,5,228,913
de-5867100794,20260909,de,BA,business analyst,5,227,913
de-5867100988,20260909,de,BA,business analyst,5,226,913
de-5867165493,20260909,de,BA,business analyst,5,225,913
de-5867197926,20260909,de,BA,business analyst,5,224,913
de-5867197926,20260909,de,DA,data analyst,2,54,302
de-5867219861,20260909,de,BA,business analyst,5,223,913
de-5867225687,20260909,de,BA,business analyst,5,222,913
de-5867235006,20260909,de,BA,business analyst,5,221,913
de-5867251090,20260909,de,BA,business analyst,5,220,913
de-5867259205,20260909,de,BA,business analyst,5,219,913
de-5867276716,20260909,de,DA,data analyst,2,53,302
de-5867307429,20260909,de,DA,data analyst,2,52,302
de-5867425265,20260909,de,BA,business analyst,5,218,913
de-5867436476,20260909,de,BA,business analyst,5,217,913
de-5867625023,20260909,de,BA,business analyst,5,216,913
de-5867754936,20260909,de,BA,business analyst,5,215,913
de-5867799719,20260909,de,BA,business analyst,5,214,913
de-5868095631,20260909,de,BA,business analyst,5,213,913
de-5868096405,20260909,de,BA,business analyst,5,212,913
de-5868154580,20260909,de,BA,business analyst,5,211,913
de-5868154596,20260909,de,BI,BI analyst,1,4,22
de-5868154596,20260909,de,BA,business analyst,5,210,913
de-5868154596,20260909,de,DA,data analyst,2,51,302
de-5868157312,20260909,de,BA,business analyst,5,209,913
de-5868413713,20260909,de,BA,business analyst,5,207,913
de-5868413775,20260909,de,BA,business analyst,5,206,913
de-5868413877,20260909,de,BA,business analyst,5,208,913
de-5868413976,20260909,de,BA,business analyst,5,204,913
de-5868414016,20260909,de,BA,business analyst,5,205,913
de-5868414052,20260909,de,BA,business analyst,5,203,913
de-5868414177,20260909,de,BA,business analyst,5,201,913
de-5868414256,20260909,de,BA,business analyst,5,202,913
de-5868438277,20260909,de,BA,business analyst,4,200,913
de-5868439002,20260909,de,BA,business analyst,4,199,913
de-5868510508,20260909,de,BA,business analyst,4,197,913
de-5868510509,20260909,de,BA,business analyst,4,198,913
de-5868510515,20260909,de,BA,business analyst,4,196,913
de-5868510521,20260909,de,BA,business analyst,4,195,913
de-5868510699,20260909,de,DA,data analyst,1,50,302
de-5868510978,20260909,de,BA,business analyst,4,194,913
de-5868510981,20260909,de,BA,business analyst,4,193,913
de-5868544356,20260909,de,DA,data analyst,1,49,302
de-5868889250,20260909,de,BA,business analyst,4,192,913
de-5868892953,20260909,de,DA,data analyst,1,48,302
de-5869038599,20260909,de,BA,business analyst,4,191,913
de-5869038924,20260909,de,BA,business analyst,4,190,913
de-5869039336,20260909,de,BA,business analyst,4,189,913
de-5869065953,20260909,de,BA,business analyst,4,188,913
de-5869067487,20260909,de,DA,data analyst,1,47,302
de-5869074778,20260909,de,BA,business analyst,4,187,913
de-5869077840,20260909,de,BA,business analyst,4,186,913
de-5869098548,20260909,de,DA,datenanalyst,1,10,31
de-5869103021,20260909,de,BA,business analyst,4,185,913
de-5869114486,20260909,de,DA,data analyst,1,46,302
de-5869149600,20260909,de,DA,datenanalyst,1,9,31
de-5869154698,20260909,de,BA,business analyst,4,184,913
de-5869210764,20260909,de,BA,business analyst,4,183,913
de-5869212189,20260909,de,DA,data analyst,1,45,302
de-5869219989,20260909,de,BA,business analyst,4,182,913
de-5869221531,20260909,de,BA,business analyst,4,181,913
de-5869226460,20260909,de,BA,business analyst,4,180,913
de-5869245425,20260909,de,BA,business analyst,4,179,913
de-5869245425,20260909,de,BI,business intelligence analyst,1,4,11
de-5869272970,20260909,de,BA,business analyst,4,178,913
de-5869282795,20260909,de,BA,business analyst,4,177,913
de-5869321600,20260909,de,BA,business analyst,4,176,913
de-5869324328,20260909,de,BA,business analyst,4,175,913
de-5869328958,20260909,de,BA,business analyst,4,174,913
de-5869358608,20260909,de,BA,business analyst,4,173,913
de-5869384550,20260909,de,BA,business analyst,4,172,913
de-5869477484,20260909,de,BA,business analyst,4,171,913
de-5869478320,20260909,de,BA,business analyst,4,170,913
de-5869545707,20260909,de,BA,business analyst,4,169,913
de-5869551157,20260909,de,BA,business analyst,4,168,913
de-5869665493,20260909,de,BA,business analyst,4,167,913
de-5869911785,20260909,de,BA,business analyst,4,165,913
de-5869911804,20260909,de,BA,business analyst,4,166,913
de-5869912761,20260909,de,BA,business analyst,4,164,913
de-5869922266,20260909,de,BA,business analyst,4,163,913
de-5869940907,20260909,de,BA,business analyst,4,162,913
de-5869977676,20260909,de,BA,business analyst,4,161,913
de-5870114373,20260909,de,BA,business analyst,4,160,913
de-5870114579,20260909,de,BA,business analyst,4,159,913
de-5870222007,20260909,de,BA,business analyst,4,158,913
de-5870222049,20260909,de,BA,business analyst,4,156,913
de-5870222082,20260909,de,BA,business analyst,4,157,913
de-5870222099,20260909,de,BA,business analyst,4,154,913
de-5870222121,20260909,de,BA,business analyst,4,155,913
de-5870222306,20260909,de,BA,business analyst,3,147,913
de-5870222309,20260909,de,BA,business analyst,4,152,913
de-5870222311,20260909,de,BA,business analyst,3,148,913
de-5870222312,20260909,de,BA,business analyst,3,149,913
de-5870222313,20260909,de,BA,business analyst,4,151,913
de-5870222315,20260909,de,BA,business analyst,3,150,913
de-5870222316,20260909,de,BA,business analyst,4,153,913
de-5870222323,20260909,de,BA,business analyst,3,146,913
de-5870460928,20260909,de,DA,data analyst,1,44,302
de-5870466679,20260909,de,BA,business analyst,3,145,913
de-5870557331,20260909,de,BA,business analyst,3,144,913
de-5870609930,20260909,de,BA,business analyst,3,143,913
de-5870610068,20260909,de,DA,data analyst,1,43,302
de-5870610138,20260909,de,BA,business analyst,3,142,913
de-5870636941,20260909,de,BA,business analyst,3,141,913
de-5870673286,20260909,de,BA,business analyst,3,140,913
de-5870692683,20260909,de,DA,data analyst,1,42,302
de-5870692683,20260909,de,DA,datenanalyst,1,8,31
de-5870692692,20260909,de,BA,business analyst,3,139,913
de-5870692904,20260909,de,DA,data analyst,1,41,302
de-5870695330,20260909,de,DA,data analyst,1,40,302
de-5870751059,20260909,de,BA,business analyst,3,138,913
de-5870755630,20260909,de,BA,business analyst,3,137,913
de-5870764188,20260909,de,DA,datenanalyst,1,7,31
de-5870766278,20260909,de,BA,business analyst,3,136,913
de-5870800132,20260909,de,BA,business analyst,3,135,913
de-5870800132,20260909,de,DA,data analyst,1,39,302
de-5871008983,20260909,de,BA,business analyst,3,134,913
de-5871070053,20260909,de,DA,data analyst,1,38,302
de-5871120602,20260909,de,DA,data analyst,1,37,302
de-5871120602,20260909,de,DA,datenanalyst,1,6,31
de-5871135186,20260909,de,BA,business analyst,3,133,913
de-5871265665,20260909,de,BA,business analyst,3,132,913
de-5871337708,20260909,de,DA,data analyst,1,36,302
de-5871367684,20260909,de,BA,business analyst,3,131,913
de-5871367727,20260909,de,BA,business analyst,3,130,913
de-5871403440,20260909,de,BA,business analyst,3,129,913
de-5871405313,20260909,de,BA,business analyst,3,128,913
de-5871407493,20260909,de,DA,data analyst,1,35,302
de-5871419093,20260909,de,BA,business analyst,3,127,913
de-5871420857,20260909,de,DA,data analyst,1,34,302
de-5871426380,20260909,de,DA,data analyst,1,33,302
de-5871509571,20260909,de,BA,business analyst,3,126,913
de-5871768323,20260909,de,DA,data analyst,1,32,302
de-5871983352,20260909,de,BA,business analyst,3,125,913
de-5872106832,20260909,de,BA,business analyst,3,124,913
de-5872119603,20260909,de,BA,business analyst,3,123,913
de-5872119603,20260909,de,BI,business intelligence analyst,1,3,11
de-5872128372,20260909,de,BA,business analyst,3,122,913
de-5872133269,20260909,de,BA,business analyst,3,121,913
de-5872133872,20260909,de,BA,business analyst,3,120,913
de-5872135025,20260909,de,BA,business analyst,3,119,913
de-5872141470,20260909,de,BA,business analyst,3,118,913
de-5872142852,20260909,de,BA,business analyst,3,117,913
de-5872143059,20260909,de,BA,business analyst,3,116,913
de-5872145888,20260909,de,BA,business analyst,3,115,913
de-5872157565,20260909,de,BA,business analyst,3,114,913
de-5872158455,20260909,de,BA,business analyst,3,113,913
de-5872158617,20260909,de,BA,business analyst,3,112,913
de-5872158981,20260909,de,BA,business analyst,3,111,913
de-5872159873,20260909,de,BA,business analyst,3,110,913
de-5872189453,20260909,de,DA,data analyst,1,31,302
de-5872196310,20260909,de,DA,data analyst,1,30,302
de-5872671396,20260909,de,BA,business analyst,3,109,913
de-5872711289,20260909,de,BA,business analyst,3,108,913
de-5872718161,20260909,de,BA,business analyst,3,107,913
de-5872836336,20260909,de,BA,business analyst,3,106,913
de-5872868991,20260909,de,BA,business analyst,3,104,913
de-5872869000,20260909,de,BA,business analyst,3,102,913
de-5872869002,20260909,de,BA,business analyst,2,100,913
de-5872869003,20260909,de,BA,business analyst,3,105,913
de-5872869023,20260909,de,BA,business analyst,3,103,913
de-5872869036,20260909,de,BA,business analyst,2,99,913
de-5872869040,20260909,de,BA,business analyst,2,98,913
de-5872869043,20260909,de,BA,business analyst,3,101,913
de-5872869055,20260909,de,BA,business analyst,2,96,913
de-5872869059,20260909,de,BA,business analyst,2,97,913
de-5872869064,20260909,de,BA,business analyst,2,95,913
de-5872869306,20260909,de,BA,business analyst,2,91,913
de-5872869315,20260909,de,BA,business analyst,2,93,913
de-5872869318,20260909,de,BA,business analyst,2,94,913
de-5872869319,20260909,de,BA,business analyst,2,92,913
de-5872869321,20260909,de,BA,business analyst,2,90,913
de-5872869322,20260909,de,DA,data analyst,1,29,302
de-5872869324,20260909,de,BA,business analyst,2,87,913
de-5872869325,20260909,de,BA,business analyst,2,88,913
de-5872869326,20260909,de,BA,business analyst,2,89,913
de-5872869343,20260909,de,DA,data analyst,1,28,302
de-5872869345,20260909,de,BA,business analyst,2,86,913
de-5872869345,20260909,de,DA,data analyst,1,27,302
de-5872960651,20260909,de,DA,datenanalyst,1,5,31
de-5873154482,20260909,de,BA,business analyst,2,85,913
de-5873208726,20260909,de,BA,business analyst,2,84,913
de-5873216272,20260909,de,BA,business analyst,2,83,913
de-5873219567,20260909,de,BI,BI analyst,1,3,22
de-5873634548,20260909,de,BA,business analyst,2,82,913
de-5873635208,20260909,de,BA,business analyst,2,81,913
de-5873635871,20260909,de,DA,datenanalyst,1,4,31
de-5873685422,20260909,de,DA,datenanalyst,1,3,31
de-5873693491,20260909,de,BA,business analyst,2,80,913
de-5873774782,20260909,de,BA,business analyst,2,79,913
de-5873883176,20260909,de,BA,business analyst,2,77,913
de-5873883183,20260909,de,BA,business analyst,2,78,913
de-5873883186,20260909,de,BA,business analyst,2,76,913
de-5873883245,20260909,de,DA,data analyst,1,26,302
de-5873890700,20260909,de,BA,business analyst,2,75,913
de-5873913366,20260909,de,BA,business analyst,2,74,913
de-5874059885,20260909,de,BA,business analyst,2,73,913
de-5874076520,20260909,de,BA,business analyst,2,72,913
de-5874132105,20260909,de,BA,business analyst,2,71,913
de-5874179170,20260909,de,BA,business analyst,2,70,913
de-5874180482,20260909,de,BA,business analyst,2,68,913
de-5874180500,20260909,de,BA,business analyst,2,69,913
de-5874180910,20260909,de,DA,data analyst,1,25,302
de-5874185176,20260909,de,BA,business analyst,2,67,913
de-5874188083,20260909,de,BA,business analyst,2,66,913
de-5874189820,20260909,de,BA,business analyst,2,65,913
de-5874196276,20260909,de,BA,business analyst,2,64,913
de-5874196401,20260909,de,BA,business analyst,2,62,913
de-5874196424,20260909,de,BA,business analyst,2,63,913
de-5874306062,20260909,de,BA,business analyst,2,61,913
de-5874367707,20260909,de,BA,business analyst,2,60,913
de-5874368305,20260909,de,BA,business analyst,2,59,913
de-5874369278,20260909,de,BA,business analyst,2,58,913
de-5875138197,20260909,de,BA,business analyst,2,56,913
de-5875138215,20260909,de,BA,business analyst,2,57,913
de-5875138234,20260909,de,BA,business analyst,2,55,913
de-5875147926,20260909,de,DA,datenanalyst,1,2,31
de-5875148561,20260909,de,BA,business analyst,2,54,913
de-5875150140,20260909,de,BA,business analyst,2,53,913
de-5875150496,20260909,de,BA,business analyst,2,52,913
de-5875162957,20260909,de,DA,data analyst,1,24,302
de-5875166021,20260909,de,BA,business analyst,2,51,913
de-5875167516,20260909,de,BA,business analyst,1,50,913
de-5875170019,20260909,de,BA,business analyst,1,49,913
de-5875170573,20260909,de,BA,business analyst,1,48,913
de-5875209008,20260909,de,DA,data analyst,1,23,302
de-5875270653,20260909,de,BA,business analyst,1,47,913
de-5875286870,20260909,de,BA,business analyst,1,46,913
de-5875287821,20260909,de,DA,data analyst,1,22,302
de-5875381675,20260909,de,DA,data analyst,1,21,302
de-5875381683,20260909,de,DA,data analyst,1,19,302
de-5875381696,20260909,de,DA,data analyst,1,20,302
de-5875381698,20260909,de,BA,business analyst,1,45,913
de-5875381708,20260909,de,BA,business analyst,1,43,913
de-5875381714,20260909,de,BA,business analyst,1,42,913
de-5875381717,20260909,de,BA,business analyst,1,44,913
de-5875504554,20260909,de,BA,business analyst,1,41,913
de-5875504554,20260909,de,DA,data analyst,1,18,302
de-5875565825,20260909,de,DA,data analyst,1,17,302
de-5875662187,20260909,de,DA,data analyst,1,16,302
de-5875663654,20260909,de,DA,data analyst,1,15,302
de-5875663682,20260909,de,BI,BI analyst,1,2,22
de-5875663682,20260909,de,BA,business analyst,1,40,913
de-5875663682,20260909,de,BI,business intelligence analyst,1,2,11
de-5875663682,20260909,de,DA,data analyst,1,14,302
de-5875663912,20260909,de,DA,data analyst,1,13,302
de-5875664506,20260909,de,BA,business analyst,1,39,913
de-5875665035,20260909,de,BA,business analyst,1,38,913
de-5875669932,20260909,de,DA,data analyst,1,12,302
de-5875711732,20260909,de,DA,data analyst,1,11,302
de-5875726333,20260909,de,BA,business analyst,1,37,913
de-5875726648,20260909,de,DA,data analyst,1,10,302
de-5875729373,20260909,de,BA,business analyst,1,36,913
de-5875730775,20260909,de,BA,business analyst,1,35,913
de-5875731482,20260909,de,DA,data analyst,1,9,302
de-5875780925,20260909,de,BA,business analyst,1,34,913
de-5875780925,20260909,de,BI,business intelligence analyst,1,1,11
de-5875800361,20260909,de,BA,business analyst,1,33,913
de-5875838055,20260909,de,DA,data analyst,1,8,302
de-5875838068,20260909,de,BA,business analyst,1,32,913
de-5875838337,20260909,de,BA,business analyst,1,31,913
de-5875838976,20260909,de,DA,data analyst,1,7,302
de-5875839254,20260909,de,BA,business analyst,1,30,913
de-5876188389,20260909,de,BA,business analyst,1,29,913
de-5876189812,20260909,de,BA,business analyst,1,28,913
de-5876260836,20260909,de,DA,data analyst,1,6,302
de-5876260863,20260909,de,BA,business analyst,1,27,913
de-5876272025,20260909,de,BA,business analyst,1,26,913
de-5876339677,20260909,de,DA,data analyst,1,5,302
de-5876344201,20260909,de,BA,business analyst,1,25,913
de-5876346023,20260909,de,BA,business analyst,1,24,913
de-5876346850,20260909,de,BA,business analyst,1,23,913
de-5876349136,20260909,de,BA,business analyst,1,22,913
de-5876361978,20260909,de,BA,business analyst,1,21,913
de-5876375453,20260909,de,BA,business analyst,1,20,913
de-5876387882,20260909,de,BA,business analyst,1,19,913
de-5876388966,20260909,de,BA,business analyst,1,18,913
de-5876389692,20260909,de,BA,business analyst,1,17,913
de-5876390040,20260909,de,BA,business analyst,1,16,913
de-5876395428,20260909,de,BA,business analyst,1,15,913
de-5876405939,20260909,de,DA,data analyst,1,4,302
de-5876411570,20260909,de,DA,data analyst,1,3,302
de-5876421208,20260909,de,BA,business analyst,1,14,913
de-5876547616,20260909,de,BA,business analyst,1,13,913
de-5876547620,20260909,de,BA,business analyst,1,12,913
de-5876547647,20260909,de,BA,business analyst,1,11,913
de-5876547682,20260909,de,BA,business analyst,1,10,913
de-5876547735,20260909,de,BA,business analyst,1,9,913
de-5876547830,20260909,de,BA,business analyst,1,8,913
de-5876547930,20260909,de,BA,business analyst,1,7,913
de-5876551340,20260909,de,BI,BI analyst,1,1,22
de-5876551340,20260909,de,DA,data analyst,1,2,302
de-5876649043,20260909,de,DA,datenanalyst,1,1,31
de-5876709432,20260909,de,BA,business analyst,1,6,913
de-5876791419,20260909,de,BA,business analyst,1,5,913
de-5876791555,20260909,de,BA,business analyst,1,4,913
de-5877007385,20260909,de,BA,business analyst,1,3,913
de-5877055839,20260909,de,BA,business analyst,1,2,913
de-5877056155,20260909,de,DA,data analyst,1,1,302
de-5877056156,20260909,de,BA,business analyst,1,1,913
es-3913351514,20260909,es,BA,business analyst,4,191,191
es-4338872287,20260909,es,DA,analista de datos,1,38,38
es-4844318797,20260909,es,DA,analista de datos,1,37,38
es-5053523221,20260909,es,DA,data analyst,5,236,236
es-5062368554,20260909,es,DA,data analyst,5,235,236
es-5414439868,20260909,es,BA,business analyst,4,190,191
es-5443261819,20260909,es,DA,data analyst,5,234,236
es-5448239326,20260909,es,BA,business analyst,4,189,191
es-5454305538,20260909,es,DA,data analyst,5,233,236
es-5455470367,20260909,es,DA,data analyst,5,232,236
es-5475582558,20260909,es,BA,business analyst,4,188,191
es-5486939001,20260909,es,BI,BI analyst,1,16,16
es-5486939001,20260909,es,DA,data analyst,5,231,236
es-5488503517,20260909,es,BA,business analyst,4,187,191
es-5542436881,20260909,es,BA,business analyst,4,186,191
es-5549132895,20260909,es,DA,data analyst,5,230,236
es-5552905057,20260909,es,DA,data analyst,5,229,236
es-5556867176,20260909,es,DA,data analyst,5,228,236
es-5584479066,20260909,es,DA,data analyst,5,227,236
es-5584544401,20260909,es,DA,data analyst,5,226,236
es-5602338439,20260909,es,DA,data analyst,5,225,236
es-5605372024,20260909,es,BA,business analyst,4,185,191
es-5638566356,20260909,es,DA,analista de datos,1,36,38
es-5642703201,20260909,es,BA,business analyst,4,183,191
es-5642703202,20260909,es,BA,business analyst,4,184,191
es-5646338521,20260909,es,DA,data analyst,5,224,236
es-5660680567,20260909,es,DA,data analyst,5,223,236
es-5660680575,20260909,es,BA,business analyst,4,182,191
es-5661996002,20260909,es,BA,business analyst,4,181,191
es-5664289290,20260909,es,BA,business analyst,4,180,191
es-5668783933,20260909,es,DA,data analyst,5,222,236
es-5673565699,20260909,es,DA,data analyst,5,221,236
es-5673565897,20260909,es,DA,data analyst,5,220,236
es-5681713155,20260909,es,DA,data analyst,5,219,236
es-5683448359,20260909,es,DA,data analyst,5,218,236
es-5686363415,20260909,es,BA,business analyst,4,179,191
es-5687747590,20260909,es,DA,data analyst,5,217,236
es-5691444053,20260909,es,BI,analista BI,1,8,8
es-5693810934,20260909,es,BA,business analyst,4,178,191
es-5698322475,20260909,es,DA,data analyst,5,216,236
es-5698322731,20260909,es,BA,business analyst,4,177,191
es-5702619332,20260909,es,DA,data analyst,5,215,236
es-5705383100,20260909,es,BA,business analyst,4,176,191
es-5708767888,20260909,es,DA,data analyst,5,214,236
es-5713960479,20260909,es,DA,data analyst,5,213,236
es-5714273777,20260909,es,DA,data analyst,5,212,236
es-5716635479,20260909,es,BA,business analyst,4,175,191
es-5716635479,20260909,es,BI,business intelligence analyst,1,4,4
es-5716635479,20260909,es,DA,data analyst,5,211,236
es-5718777969,20260909,es,BA,business analyst,4,174,191
es-5718777969,20260909,es,DA,data analyst,5,210,236
es-5724647242,20260909,es,DA,data analyst,5,209,236
es-5724649232,20260909,es,DA,data analyst,5,208,236
es-5727385101,20260909,es,BA,analista de negocio,1,9,9
es-5727390046,20260909,es,BA,business analyst,4,173,191
es-5727681262,20260909,es,BI,BI analyst,1,15,16
es-5727681262,20260909,es,DA,data analyst,5,207,236
es-5727802231,20260909,es,DA,analista de datos,1,35,38
es-5728541860,20260909,es,BA,business analyst,4,172,191
es-5728543636,20260909,es,DA,data analyst,5,206,236
es-5729388183,20260909,es,DA,data analyst,5,205,236
es-5729388186,20260909,es,BA,business analyst,4,171,191
es-5733359643,20260909,es,BA,business analyst,4,170,191
es-5733359703,20260909,es,BA,business analyst,4,169,191
es-5741905961,20260909,es,DA,data analyst,5,204,236
es-5742532966,20260909,es,BA,business analyst,4,168,191
es-5743996351,20260909,es,DA,data analyst,5,203,236
es-5745004276,20260909,es,DA,data analyst,5,202,236
es-5748434539,20260909,es,DA,data analyst,5,201,236
es-5749558087,20260909,es,DA,data analyst,4,200,236
es-5749589355,20260909,es,BI,analista BI,1,7,8
es-5751211477,20260909,es,DA,data analyst,4,199,236
es-5751245740,20260909,es,DA,data analyst,4,198,236
es-5752846256,20260909,es,DA,data analyst,4,197,236
es-5752881648,20260909,es,BA,business analyst,4,166,191
es-5752881656,20260909,es,BA,business analyst,4,167,191
es-5752881669,20260909,es,DA,analista de datos,1,34,38
es-5753696198,20260909,es,DA,data analyst,4,196,236
es-5755773975,20260909,es,BI,BI analyst,1,14,16
es-5756959457,20260909,es,BA,business analyst,4,165,191
es-5756959460,20260909,es,BA,business analyst,4,164,191
es-5757435367,20260909,es,DA,data analyst,4,195,236
es-5757544454,20260909,es,DA,data analyst,4,194,236
es-5759182288,20260909,es,DA,data analyst,4,193,236
es-5759700087,20260909,es,BA,business analyst,4,163,191
es-5761078609,20260909,es,DA,data analyst,4,192,236
es-5761078622,20260909,es,BA,business analyst,4,162,191
es-5761853071,20260909,es,BA,business analyst,4,161,191
es-5763015185,20260909,es,BA,business analyst,4,160,191
es-5764608267,20260909,es,BA,business analyst,4,159,191
es-5768404746,20260909,es,DA,data analyst,4,191,236
es-5769095161,20260909,es,DA,analista de datos,1,33,38
es-5769095161,20260909,es,DA,data analyst,4,190,236
es-5769095240,20260909,es,BA,analista de negocio,1,8,9
es-5769205031,20260909,es,BA,business analyst,4,158,191
es-5770246172,20260909,es,BA,business analyst,4,157,191
es-5772801320,20260909,es,BA,business analyst,4,156,191
es-5772801320,20260909,es,DA,data analyst,4,189,236
es-5772822358,20260909,es,DA,data analyst,4,188,236
es-5772841708,20260909,es,DA,data analyst,4,187,236
es-5773204123,20260909,es,DA,data analyst,4,186,236
es-5775499094,20260909,es,BA,business analyst,4,155,191
es-5775801242,20260909,es,BA,business analyst,4,154,191
es-5775849278,20260909,es,BA,business analyst,4,153,191
es-5775903592,20260909,es,BA,business analyst,4,152,191
es-5776910376,20260909,es,BA,business analyst,4,151,191
es-5777371432,20260909,es,BI,analista BI,1,6,8
es-5777371432,20260909,es,DA,analista de datos,1,32,38
es-5777371435,20260909,es,DA,analista de datos,1,31,38
es-5777371447,20260909,es,BA,business analyst,3,150,191
es-5777582600,20260909,es,DA,data analyst,4,185,236
es-5778317579,20260909,es,BA,business analyst,3,149,191
es-5779525202,20260909,es,DA,data analyst,4,184,236
es-5779525298,20260909,es,DA,analista de datos,1,30,38
es-5779542422,20260909,es,BA,business analyst,3,148,191
es-5781090243,20260909,es,DA,data analyst,4,183,236
es-5781890023,20260909,es,BI,BI analyst,1,13,16
es-5782656178,20260909,es,DA,data analyst,4,182,236
es-5784531003,20260909,es,DA,data analyst,4,181,236
es-5785454418,20260909,es,BA,business analyst,3,147,191
es-5787322539,20260909,es,DA,data analyst,4,180,236
es-5788548819,20260909,es,BA,business analyst,3,146,191
es-5788549885,20260909,es,BA,business analyst,3,145,191
es-5788550130,20260909,es,DA,data analyst,4,179,236
es-5788551290,20260909,es,BA,business analyst,3,144,191
es-5789442565,20260909,es,BA,business analyst,3,143,191
es-5790240184,20260909,es,DA,analista de datos,1,29,38
es-5790240230,20260909,es,BI,BI analyst,1,12,16
es-5790240230,20260909,es,BA,business analyst,3,142,191
es-5790664903,20260909,es,BA,business analyst,3,141,191
es-5790664925,20260909,es,BI,BI analyst,1,11,16
es-5790664925,20260909,es,DA,data analyst,4,178,236
es-5795133088,20260909,es,BA,business analyst,3,140,191
es-5795188847,20260909,es,BA,business analyst,3,139,191
es-5795188848,20260909,es,DA,data analyst,4,177,236
es-5795188858,20260909,es,DA,analista de datos,1,28,38
es-5795188874,20260909,es,BA,business analyst,3,138,191
es-5796275001,20260909,es,BA,business analyst,3,137,191
es-5796276181,20260909,es,DA,data analyst,4,176,236
es-5798345034,20260909,es,DA,data analyst,4,175,236
es-5798605394,20260909,es,DA,data analyst,4,174,236
es-5801923689,20260909,es,DA,data analyst,4,173,236
es-5801930193,20260909,es,DA,data analyst,4,172,236
es-5802304797,20260909,es,BA,business analyst,3,136,191
es-5802390840,20260909,es,DA,data analyst,4,171,236
es-5802409104,20260909,es,BI,BI analyst,1,10,16
es-5802409104,20260909,es,DA,data analyst,4,170,236
es-5804499903,20260909,es,BA,business analyst,3,134,191
es-5804499903,20260909,es,DA,data analyst,4,166,236
es-5804499904,20260909,es,DA,data analyst,4,168,236
es-5804499906,20260909,es,DA,data analyst,4,167,236
es-5804499911,20260909,es,BA,business analyst,3,135,191
es-5804499912,20260909,es,DA,data analyst,4,169,236
es-5804499919,20260909,es,DA,data analyst,4,165,236
es-5804499920,20260909,es,BA,business analyst,3,132,191
es-5804499921,20260909,es,BA,business analyst,3,133,191
es-5805218141,20260909,es,DA,data analyst,4,164,236
es-5805256753,20260909,es,DA,data analyst,4,163,236
es-5805466910,20260909,es,DA,data analyst,4,162,236
es-5805845515,20260909,es,BA,business analyst,3,131,191
es-5805845815,20260909,es,BA,business analyst,3,130,191
es-5805910251,20260909,es,DA,data analyst,4,161,236
es-5806611926,20260909,es,BA,business analyst,3,129,191
es-5806932448,20260909,es,BA,business analyst,3,128,191
es-5807567705,20260909,es,DA,analista de datos,1,27,38
es-5807567789,20260909,es,BA,business analyst,3,127,191
es-5807568221,20260909,es,BA,business analyst,3,126,191
es-5807568381,20260909,es,DA,data analyst,4,160,236
es-5808917016,20260909,es,DA,data analyst,4,159,236
es-5809366771,20260909,es,BA,business analyst,3,125,191
es-5811212058,20260909,es,BA,business analyst,3,124,191
es-5811218534,20260909,es,DA,data analyst,4,158,236
es-5811519298,20260909,es,DA,analista de datos,1,26,38
es-5811519595,20260909,es,DA,data analyst,4,157,236
es-5811523003,20260909,es,DA,data analyst,4,156,236
es-5811523768,20260909,es,BA,business analyst,3,123,191
es-5812739545,20260909,es,BA,business analyst,3,122,191
es-5812975128,20260909,es,BA,business analyst,3,121,191
es-5813471620,20260909,es,BA,business analyst,3,120,191
es-5813471622,20260909,es,BA,business analyst,3,119,191
es-5814612643,20260909,es,DA,data analyst,4,155,236
es-5814614706,20260909,es,DA,data analyst,4,154,236
es-5815003253,20260909,es,BA,business analyst,3,118,191
es-5815067896,20260909,es,DA,data analyst,4,153,236
es-5815897769,20260909,es,BA,business analyst,3,117,191
es-5815899015,20260909,es,DA,data analyst,4,152,236
es-5816882064,20260909,es,DA,data analyst,4,151,236
es-5816886466,20260909,es,DA,data analyst,3,150,236
es-5816887070,20260909,es,DA,data analyst,3,149,236
es-5816888575,20260909,es,DA,analista de datos,1,25,38
es-5816888575,20260909,es,BA,analista de negocio,1,7,9
es-5816889149,20260909,es,DA,data analyst,3,148,236
es-5817668350,20260909,es,DA,data analyst,3,147,236
es-5818054313,20260909,es,DA,analista de datos,1,24,38
es-5819155335,20260909,es,BA,business analyst,3,116,191
es-5819525301,20260909,es,BA,business analyst,3,115,191
es-5819735866,20260909,es,BA,business analyst,3,114,191
es-5820783942,20260909,es,DA,data analyst,3,146,236
es-5820880710,20260909,es,DA,data analyst,3,145,236
es-5821484196,20260909,es,BA,business analyst,3,113,191
es-5822105505,20260909,es,DA,analista de datos,1,23,38
es-5822105512,20260909,es,BA,business analyst,3,112,191
es-5822105517,20260909,es,DA,data analyst,3,144,236
es-5822105536,20260909,es,BI,analista BI,1,5,8
es-5822127039,20260909,es,BA,business analyst,3,111,191
es-5822127039,20260909,es,DA,data analyst,3,143,236
es-5822127739,20260909,es,DA,data analyst,3,142,236
es-5822582301,20260909,es,DA,data analyst,3,141,236
es-5823528096,20260909,es,BA,business analyst,3,110,191
es-5823530887,20260909,es,BA,business analyst,3,109,191
es-5825429896,20260909,es,BA,business analyst,3,108,191
es-5825429896,20260909,es,BI,business intelligence analyst,1,3,4
es-5826399292,20260909,es,DA,analista de datos,1,22,38
es-5826930088,20260909,es,BA,business analyst,3,107,191
es-5826930123,20260909,es,BA,business analyst,3,106,191
es-5827420415,20260909,es,BA,business analyst,3,105,191
es-5827484280,20260909,es,BA,analista de negocio,1,6,9
es-5827489363,20260909,es,BA,business analyst,3,104,191
es-5828841183,20260909,es,DA,data analyst,3,140,236
es-5828841240,20260909,es,DA,data analyst,3,139,236
es-5829212079,20260909,es,DA,data analyst,3,138,236
es-5830168260,20260909,es,BA,business analyst,3,103,191
es-5831007196,20260909,es,DA,data analyst,3,137,236
es-5831622577,20260909,es,BA,business analyst,3,102,191
es-5831622821,20260909,es,BA,business analyst,3,101,191
es-5831663786,20260909,es,DA,data analyst,3,134,236
es-5831663787,20260909,es,DA,data analyst,3,135,236
es-5831663790,20260909,es,DA,data analyst,3,136,236
es-5831663808,20260909,es,BA,analista de negocio,1,5,9
es-5831682141,20260909,es,BA,business analyst,2,100,191
es-5831947917,20260909,es,BI,BI analyst,1,9,16
es-5831947917,20260909,es,BA,business analyst,2,99,191
es-5831947917,20260909,es,DA,data analyst,3,133,236
es-5831947933,20260909,es,DA,data analyst,3,132,236
es-5832297089,20260909,es,DA,data analyst,3,131,236
es-5833078922,20260909,es,BA,business analyst,2,98,191
es-5833173127,20260909,es,BI,analista BI,1,4,8
es-5833175641,20260909,es,DA,data analyst,3,130,236
es-5833175918,20260909,es,DA,data analyst,3,129,236
es-5833179581,20260909,es,DA,data analyst,3,128,236
es-5833180127,20260909,es,BA,business analyst,2,97,191
es-5833180196,20260909,es,DA,data analyst,3,127,236
es-5833183483,20260909,es,DA,data analyst,3,126,236
es-5834448734,20260909,es,BA,business analyst,2,96,191
es-5834449339,20260909,es,BA,business analyst,2,95,191
es-5834450385,20260909,es,BI,BI analyst,1,8,16
es-5834452055,20260909,es,DA,data analyst,3,125,236
es-5834452112,20260909,es,BA,analista de negocio,1,4,9
es-5835351026,20260909,es,BA,business analyst,2,94,191
es-5835351268,20260909,es,DA,data analyst,3,124,236
es-5835846461,20260909,es,BA,business analyst,2,93,191
es-5836460035,20260909,es,DA,data analyst,3,123,236
es-5837896345,20260909,es,DA,data analyst,3,122,236
es-5838199216,20260909,es,BA,business analyst,2,92,191
es-5838725798,20260909,es,BA,business analyst,2,91,191
es-5839930698,20260909,es,BA,business analyst,2,90,191
es-5840002498,20260909,es,BA,business analyst,2,89,191
es-5840003172,20260909,es,DA,analista de datos,1,21,38
es-5840004496,20260909,es,BA,business analyst,2,88,191
es-5840008267,20260909,es,BA,business analyst,2,87,191
es-5840008880,20260909,es,DA,data analyst,3,121,236
es-5841410469,20260909,es,BA,business analyst,2,86,191
es-5841477025,20260909,es,DA,analista de datos,1,18,38
es-5841477028,20260909,es,DA,analista de datos,1,19,38
es-5841477029,20260909,es,DA,data analyst,3,120,236
es-5841477041,20260909,es,DA,analista de datos,1,20,38
es-5841481504,20260909,es,BA,business analyst,2,85,191
es-5841483165,20260909,es,BA,business analyst,2,84,191
es-5841483670,20260909,es,BA,business analyst,2,83,191
es-5842845523,20260909,es,DA,data analyst,3,119,236
es-5842845776,20260909,es,DA,data analyst,3,118,236
es-5842845804,20260909,es,DA,data analyst,3,117,236
es-5842846465,20260909,es,DA,data analyst,3,115,236
es-5842846466,20260909,es,DA,data analyst,3,116,236
es-5842846655,20260909,es,DA,data analyst,3,114,236
es-5844045073,20260909,es,DA,data analyst,3,113,236
es-5845483674,20260909,es,DA,data analyst,3,112,236
es-5845483714,20260909,es,BA,business analyst,2,82,191
es-5846288432,20260909,es,BA,business analyst,2,81,191
es-5846295281,20260909,es,BI,analista BI,1,3,8
es-5846566085,20260909,es,BA,business analyst,2,80,191
es-5846566085,20260909,es,DA,data analyst,3,111,236
es-5846769007,20260909,es,BA,business analyst,2,79,191
es-5847858891,20260909,es,BA,business analyst,2,78,191
es-5847858891,20260909,es,DA,data analyst,3,110,236
es-5847928313,20260909,es,BA,business analyst,2,77,191
es-5847928313,20260909,es,DA,data analyst,3,109,236
es-5848696994,20260909,es,BI,analista BI,1,2,8
es-5849364519,20260909,es,BA,business analyst,2,76,191
es-5849618350,20260909,es,BA,business analyst,2,75,191
es-5849618350,20260909,es,DA,data analyst,3,108,236
es-5849713446,20260909,es,DA,data analyst,3,107,236
es-5850719036,20260909,es,BA,business analyst,2,74,191
es-5850719037,20260909,es,DA,analista de datos,1,16,38
es-5850719041,20260909,es,DA,analista de datos,1,17,38
es-5852180548,20260909,es,BA,business analyst,2,73,191
es-5852211253,20260909,es,DA,data analyst,3,106,236
es-5852212327,20260909,es,DA,data analyst,3,105,236
es-5853440777,20260909,es,DA,data analyst,3,104,236
es-5853440938,20260909,es,BA,business analyst,2,72,191
es-5853441056,20260909,es,BA,analista de negocio,1,3,9
es-5853441347,20260909,es,DA,data analyst,3,103,236
es-5853441702,20260909,es,DA,data analyst,3,102,236
es-5854610741,20260909,es,BA,business analyst,2,71,191
es-5854612154,20260909,es,DA,data analyst,3,101,236
es-5855789317,20260909,es,BA,business analyst,2,70,191
es-5855789317,20260909,es,BI,business intelligence analyst,1,2,4
es-5855789317,20260909,es,DA,data analyst,2,100,236
es-5856423548,20260909,es,BI,BI analyst,1,7,16
es-5856423548,20260909,es,DA,data analyst,2,99,236
es-5856690559,20260909,es,DA,analista de datos,1,15,38
es-5857251291,20260909,es,BA,business analyst,2,69,191
es-5857251293,20260909,es,BA,business analyst,2,68,191
es-5857298502,20260909,es,DA,data analyst,2,98,236
es-5857315544,20260909,es,BA,business analyst,2,67,191
es-5858021855,20260909,es,BA,business analyst,2,66,191
es-5858022178,20260909,es,BA,business analyst,2,65,191
es-5858113036,20260909,es,BA,business analyst,2,64,191
es-5859470325,20260909,es,BI,analista BI,1,1,8
es-5859470325,20260909,es,DA,analista de datos,1,14,38
es-5859470328,20260909,es,BA,business analyst,2,63,191
es-5859470330,20260909,es,DA,analista de datos,1,13,38
es-5859486123,20260909,es,DA,data analyst,2,97,236
es-5860792312,20260909,es,DA,data analyst,2,96,236
es-5860793667,20260909,es,BA,business analyst,2,62,191
es-5860876076,20260909,es,BA,business analyst,2,61,191
es-5860876260,20260909,es,BA,business analyst,2,60,191
es-5860876510,20260909,es,BA,business analyst,2,59,191
es-5860876693,20260909,es,BA,business analyst,2,58,191
es-5860876702,20260909,es,BA,business analyst,2,57,191
es-5860876784,20260909,es,DA,data analyst,2,95,236
es-5860876791,20260909,es,DA,data analyst,2,94,236
es-5860877226,20260909,es,BA,business analyst,2,56,191
es-5861953952,20260909,es,DA,data analyst,2,93,236
es-5862004925,20260909,es,BA,business analyst,2,55,191
es-5862803275,20260909,es,DA,data analyst,2,92,236
es-5863094494,20260909,es,DA,data analyst,2,91,236
es-5863165497,20260909,es,BA,business analyst,2,54,191
es-5863165538,20260909,es,DA,data analyst,2,90,236
es-5863173131,20260909,es,BA,business analyst,2,53,191
es-5863174231,20260909,es,DA,data analyst,2,89,236
es-5864029874,20260909,es,BA,business analyst,2,51,191
es-5864029875,20260909,es,BA,business analyst,2,52,191
es-5865208293,20260909,es,BA,business analyst,1,50,191
es-5866597031,20260909,es,BA,business analyst,1,49,191
es-5866702428,20260909,es,BA,business analyst,1,48,191
es-5866704344,20260909,es,BA,business analyst,1,47,191
es-5866754797,20260909,es,DA,analista de datos,1,12,38
es-5868522660,20260909,es,DA,data analyst,2,88,236
es-5868522682,20260909,es,BA,business analyst,1,46,191
es-5868523115,20260909,es,DA,data analyst,2,87,236
es-5868523147,20260909,es,BA,business analyst,1,45,191
es-5868523535,20260909,es,DA,data analyst,2,86,236
es-5868523889,20260909,es,BA,business analyst,1,44,191
es-5868523893,20260909,es,DA,data analyst,2,85,236
es-5868545064,20260909,es,BA,business analyst,1,43,191
es-5869620929,20260909,es,DA,data analyst,2,84,236
es-5869800024,20260909,es,DA,data analyst,2,83,236
es-5870124651,20260909,es,DA,data analyst,2,82,236
es-5870124759,20260909,es,BA,business analyst,1,42,191
es-5870227666,20260909,es,DA,analista de datos,1,11,38
es-5870227709,20260909,es,BA,business analyst,1,41,191
es-5870237059,20260909,es,DA,data analyst,2,81,236
es-5870237775,20260909,es,BA,analista de negocio,1,2,9
es-5870238152,20260909,es,BA,business analyst,1,40,191
es-5870238555,20260909,es,BA,business analyst,1,39,191
es-5870238555,20260909,es,DA,data analyst,2,80,236
es-5870238699,20260909,es,DA,data analyst,2,79,236
es-5870239214,20260909,es,DA,data analyst,2,78,236
es-5870239690,20260909,es,DA,data analyst,2,77,236
es-5870239815,20260909,es,BA,business analyst,1,38,191
es-5870460714,20260909,es,DA,analista de datos,1,10,38
es-5870528418,20260909,es,BI,BI analyst,1,6,16
es-5871535959,20260909,es,DA,data analyst,2,76,236
es-5871672539,20260909,es,BA,business analyst,1,37,191
es-5871678780,20260909,es,DA,data analyst,2,75,236
es-5871678935,20260909,es,DA,data analyst,2,74,236
es-5871919099,20260909,es,DA,data analyst,2,73,236
es-5872316798,20260909,es,BA,business analyst,1,36,191
es-5872316839,20260909,es,DA,analista de datos,1,9,38
es-5872317300,20260909,es,BI,BI analyst,1,5,16
es-5872317300,20260909,es,DA,data analyst,2,72,236
es-5872317439,20260909,es,BA,business analyst,1,35,191
es-5872877960,20260909,es,DA,data analyst,2,71,236
es-5872878044,20260909,es,DA,data analyst,2,70,236
es-5872878492,20260909,es,BA,business analyst,1,34,191
es-5872878705,20260909,es,BA,business analyst,1,33,191
es-5872878843,20260909,es,BI,BI analyst,1,4,16
es-5872878993,20260909,es,DA,data analyst,2,69,236
es-5873338785,20260909,es,DA,data analyst,2,68,236
es-5873338870,20260909,es,BA,business analyst,1,32,191
es-5873339847,20260909,es,DA,data analyst,2,67,236
es-5873340818,20260909,es,BA,business analyst,1,31,191
es-5873340998,20260909,es,DA,data analyst,2,66,236
es-5873570987,20260909,es,DA,data analyst,2,65,236
es-5873575633,20260909,es,BA,business analyst,1,30,191
es-5873772242,20260909,es,DA,data analyst,2,63,236
es-5873772243,20260909,es,DA,data analyst,2,64,236
es-5873887845,20260909,es,DA,data analyst,2,62,236
es-5873887913,20260909,es,DA,data analyst,2,61,236
es-5874806009,20260909,es,DA,data analyst,2,60,236
es-5874806079,20260909,es,DA,data analyst,2,59,236
es-5874806166,20260909,es,BA,business analyst,1,29,191
es-5874806166,20260909,es,DA,data analyst,2,58,236
es-5874806172,20260909,es,DA,data analyst,2,57,236
es-5874806402,20260909,es,DA,data analyst,2,56,236
es-5874806437,20260909,es,DA,data analyst,2,55,236
es-5874806545,20260909,es,DA,data analyst,2,54,236
es-5874806587,20260909,es,BA,business analyst,1,28,191
es-5874806638,20260909,es,DA,data analyst,2,53,236
es-5874806669,20260909,es,DA,data analyst,2,51,236
es-5874806733,20260909,es,DA,data analyst,2,52,236
es-5874806836,20260909,es,DA,data analyst,1,50,236
es-5874806977,20260909,es,DA,data analyst,1,49,236
es-5874807052,20260909,es,DA,data analyst,1,47,236
es-5874807109,20260909,es,DA,data analyst,1,48,236
es-5874807266,20260909,es,BA,business analyst,1,27,191
es-5874807437,20260909,es,DA,data analyst,1,46,236
es-5874807532,20260909,es,DA,data analyst,1,45,236
es-5874807545,20260909,es,BA,business analyst,1,26,191
es-5874807564,20260909,es,BA,business analyst,1,25,191
es-5874807643,20260909,es,DA,data analyst,1,44,236
es-5874807916,20260909,es,BA,business analyst,1,24,191
es-5874808033,20260909,es,DA,data analyst,1,43,236
es-5874808253,20260909,es,BA,business analyst,1,23,191
es-5874808454,20260909,es,DA,data analyst,1,42,236
es-5874808534,20260909,es,DA,data analyst,1,41,236
es-5874808699,20260909,es,BA,business analyst,1,22,191
es-5874808931,20260909,es,DA,analista de datos,1,8,38
es-5874808965,20260909,es,DA,data analyst,1,40,236
es-5874809155,20260909,es,BA,business analyst,1,21,191
es-5874809200,20260909,es,DA,data analyst,1,39,236
es-5874809294,20260909,es,DA,data analyst,1,38,236
es-5874809421,20260909,es,BA,business analyst,1,20,191
es-5874809515,20260909,es,DA,data analyst,1,37,236
es-5874809583,20260909,es,DA,data analyst,1,36,236
es-5874810146,20260909,es,DA,data analyst,1,35,236
es-5874810242,20260909,es,BA,business analyst,1,19,191
es-5874810247,20260909,es,BA,business analyst,1,18,191
es-5874810319,20260909,es,DA,data analyst,1,34,236
es-5874810372,20260909,es,BA,business analyst,1,17,191
es-5874810517,20260909,es,DA,data analyst,1,33,236
es-5874810718,20260909,es,DA,data analyst,1,32,236
es-5874810879,20260909,es,DA,data analyst,1,31,236
es-5874811025,20260909,es,DA,data analyst,1,30,236
es-5874811242,20260909,es,DA,data analyst,1,29,236
es-5874811427,20260909,es,BA,business analyst,1,16,191
es-5874811508,20260909,es,DA,data analyst,1,28,236
es-5875309248,20260909,es,BA,business analyst,1,15,191
es-5875309248,20260909,es,BI,business intelligence analyst,1,1,4
es-5875390407,20260909,es,DA,data analyst,1,27,236
es-5875390813,20260909,es,DA,data analyst,1,26,236
es-5875390924,20260909,es,BA,business analyst,1,14,191
es-5875544018,20260909,es,DA,data analyst,1,25,236
es-5875686919,20260909,es,DA,analista de datos,1,7,38
es-5876170569,20260909,es,BI,BI analyst,1,3,16
es-5876170569,20260909,es,DA,data analyst,1,23,236
es-5876170578,20260909,es,DA,data analyst,1,24,236
es-5876171202,20260909,es,DA,data analyst,1,22,236
es-5876171794,20260909,es,DA,data analyst,1,21,236
es-5876172919,20260909,es,DA,data analyst,1,20,236
es-5876173589,20260909,es,DA,data analyst,1,19,236
es-5876175211,20260909,es,DA,data analyst,1,18,236
es-5876175275,20260909,es,BA,business analyst,1,13,191
es-5876175523,20260909,es,DA,data analyst,1,17,236
es-5876175985,20260909,es,DA,data analyst,1,16,236
es-5876176151,20260909,es,BA,business analyst,1,12,191
es-5876177174,20260909,es,DA,data analyst,1,15,236
es-5876177207,20260909,es,BA,business analyst,1,11,191
es-5876177650,20260909,es,DA,data analyst,1,14,236
es-5876178071,20260909,es,BA,business analyst,1,10,191
es-5876178071,20260909,es,DA,data analyst,1,13,236
es-5876178135,20260909,es,BA,business analyst,1,9,191
es-5876179238,20260909,es,BA,business analyst,1,8,191
es-5876179928,20260909,es,DA,data analyst,1,12,236
es-5876467301,20260909,es,DA,data analyst,1,11,236
es-5876467314,20260909,es,DA,analista de datos,1,6,38
es-5876467378,20260909,es,DA,data analyst,1,10,236
es-5876467468,20260909,es,DA,analista de datos,1,5,38
es-5876467491,20260909,es,BA,business analyst,1,7,191
es-5876467584,20260909,es,DA,data analyst,1,9,236
es-5876467607,20260909,es,BA,business analyst,1,6,191
es-5876467638,20260909,es,DA,data analyst,1,8,236
es-5876467853,20260909,es,DA,data analyst,1,7,236
es-5876468001,20260909,es,BA,business analyst,1,5,191
es-5876468020,20260909,es,BA,analista de negocio,1,1,9
es-5876468082,20260909,es,DA,data analyst,1,6,236
es-5876468375,20260909,es,DA,analista de datos,1,4,38
es-5876468375,20260909,es,DA,data analyst,1,5,236
es-5876468464,20260909,es,DA,analista de datos,1,3,38
es-5876468480,20260909,es,BA,business analyst,1,4,191
es-5876468728,20260909,es,DA,analista de datos,1,2,38
es-5876468839,20260909,es,BI,BI analyst,1,2,16
es-5876468839,20260909,es,DA,data analyst,1,4,236
es-5876468933,20260909,es,DA,analista de datos,1,1,38
es-5876468985,20260909,es,BA,business analyst,1,3,191
es-5876469149,20260909,es,DA,data analyst,1,3,236
es-5876469386,20260909,es,BI,BI analyst,1,1,16
es-5876469530,20260909,es,BA,business analyst,1,2,191
es-5876664519,20260909,es,BA,business analyst,1,1,191
es-5876664519,20260909,es,DA,data analyst,1,2,236
es-5876877479,20260909,es,DA,data analyst,1,1,236
gb-5210480123,20260909,gb,BI,BI analyst,1,45,45
gb-5663621960,20260909,gb,BI,business intelligence analyst,1,36,36
gb-5748978694,20260909,gb,BI,BI analyst,1,44,45
gb-5761909402,20260909,gb,BI,business intelligence analyst,1,35,36
gb-5780349070,20260909,gb,BI,business intelligence analyst,1,34,36
gb-5795609519,20260909,gb,BI,BI analyst,1,43,45
gb-5795617519,20260909,gb,BI,BI analyst,1,42,45
gb-5802870387,20260909,gb,BI,BI analyst,1,41,45
gb-5810688125,20260909,gb,BI,business intelligence analyst,1,33,36
gb-5812625608,20260909,gb,BI,business intelligence analyst,1,32,36
gb-5814771693,20260909,gb,BI,BI analyst,1,40,45
gb-5816502339,20260909,gb,BI,business intelligence analyst,1,31,36
gb-5816506157,20260909,gb,BI,business intelligence analyst,1,30,36
gb-5827485642,20260909,gb,BI,BI analyst,1,39,45
gb-5828022787,20260909,gb,BI,BI analyst,1,38,45
gb-5828402671,20260909,gb,BI,BI analyst,1,37,45
gb-5829818220,20260909,gb,BI,business intelligence analyst,1,29,36
gb-5835737479,20260909,gb,BI,business intelligence analyst,1,28,36
gb-5838730541,20260909,gb,BI,business intelligence analyst,1,27,36
gb-5839572817,20260909,gb,BI,business intelligence analyst,1,26,36
gb-5840649326,20260909,gb,BI,BI analyst,1,36,45
gb-5843072790,20260909,gb,BI,BI analyst,1,35,45
gb-5845658880,20260909,gb,BI,business intelligence analyst,1,25,36
gb-5846046384,20260909,gb,BI,BI analyst,1,34,45
gb-5847255298,20260909,gb,BI,BI analyst,1,33,45
gb-5852576301,20260909,gb,BI,business intelligence analyst,1,24,36
gb-5852581991,20260909,gb,BI,BI analyst,1,32,45
gb-5854310824,20260909,gb,BI,BI analyst,1,31,45
gb-5854951538,20260909,gb,BI,business intelligence analyst,1,23,36
gb-5855328200,20260909,gb,BI,BI analyst,1,30,45
gb-5855373744,20260909,gb,BI,BI analyst,1,29,45
gb-5855373969,20260909,gb,BI,business intelligence analyst,1,22,36
gb-5855373983,20260909,gb,BI,BI analyst,1,28,45
gb-5855377743,20260909,gb,BI,BI analyst,1,27,45
gb-5855381953,20260909,gb,BI,BI analyst,1,26,45
gb-5855716317,20260909,gb,BI,BI analyst,1,25,45
gb-5857174948,20260909,gb,BI,business intelligence analyst,1,21,36
gb-5857216253,20260909,gb,BI,business intelligence analyst,1,20,36
gb-5857221137,20260909,gb,BI,BI analyst,1,23,45
gb-5857221143,20260909,gb,BI,BI analyst,1,24,45
gb-5858177274,20260909,gb,BI,BI analyst,1,22,45
gb-5858200065,20260909,gb,BI,BI analyst,1,21,45
gb-5858220107,20260909,gb,BI,BI analyst,1,20,45
gb-5858374336,20260909,gb,BI,business intelligence analyst,1,19,36
gb-5858377515,20260909,gb,BI,BI analyst,1,19,45
gb-5858404920,20260909,gb,BI,business intelligence analyst,1,18,36
gb-5858906124,20260909,gb,DA,data analyst,5,250,711
gb-5858907743,20260909,gb,DA,data analyst,5,249,711
gb-5859060098,20260909,gb,DA,data analyst,5,248,711
gb-5859161524,20260909,gb,DA,data analyst,5,247,711
gb-5859307761,20260909,gb,DA,data analyst,5,246,711
gb-5859492510,20260909,gb,DA,data analyst,5,245,711
gb-5859614908,20260909,gb,DA,data analyst,5,244,711
gb-5859619578,20260909,gb,DA,data analyst,5,243,711
gb-5859656397,20260909,gb,BI,BI analyst,1,18,45
gb-5859656830,20260909,gb,DA,data analyst,5,242,711
gb-5859757634,20260909,gb,DA,data analyst,5,241,711
gb-5859761219,20260909,gb,DA,data analyst,5,240,711
gb-5859761566,20260909,gb,DA,data analyst,5,239,711
gb-5859763673,20260909,gb,DA,data analyst,5,238,711
gb-5859769677,20260909,gb,DA,data analyst,5,237,711
gb-5859770298,20260909,gb,DA,data analyst,5,236,711
gb-5859795918,20260909,gb,DA,data analyst,5,234,711
gb-5859795949,20260909,gb,DA,data analyst,5,235,711
gb-5859809944,20260909,gb,DA,data analyst,5,233,711
gb-5859974794,20260909,gb,DA,data analyst,5,232,711
gb-5859990443,20260909,gb,DA,data analyst,5,231,711
gb-5859992645,20260909,gb,DA,data analyst,5,230,711
gb-5859992676,20260909,gb,DA,data analyst,5,229,711
gb-5859994642,20260909,gb,DA,data analyst,5,228,711
gb-5859994646,20260909,gb,DA,data analyst,5,227,711
gb-5859994652,20260909,gb,DA,data analyst,5,226,711
gb-5859994674,20260909,gb,DA,data analyst,5,225,711
gb-5860066671,20260909,gb,DA,data analyst,5,224,711
gb-5860066687,20260909,gb,DA,data analyst,5,223,711
gb-5860751563,20260909,gb,DA,data analyst,5,222,711
gb-5861182353,20260909,gb,DA,data analyst,5,221,711
gb-5861222704,20260909,gb,DA,data analyst,5,220,711
gb-5861234016,20260909,gb,DA,data analyst,5,219,711
gb-5861397280,20260909,gb,DA,data analyst,5,218,711
gb-5861428762,20260909,gb,DA,data analyst,5,217,711
gb-5861733142,20260909,gb,DA,data analyst,5,216,711
gb-5861761607,20260909,gb,DA,data analyst,5,215,711
gb-5861792243,20260909,gb,DA,data analyst,5,214,711
gb-5862276870,20260909,gb,DA,data analyst,5,213,711
gb-5862284826,20260909,gb,DA,data analyst,5,212,711
gb-5862688235,20260909,gb,DA,data analyst,5,211,711
gb-5862989176,20260909,gb,DA,data analyst,5,210,711
gb-5863109993,20260909,gb,DA,data analyst,5,209,711
gb-5863586463,20260909,gb,DA,data analyst,5,208,711
gb-5864147983,20260909,gb,DA,data analyst,5,206,711
gb-5864147992,20260909,gb,DA,data analyst,5,207,711
gb-5864528709,20260909,gb,DA,data analyst,5,205,711
gb-5864671247,20260909,gb,DA,data analyst,5,204,711
gb-5864728782,20260909,gb,DA,data analyst,5,203,711
gb-5864834295,20260909,gb,DA,data analyst,5,202,711
gb-5864882328,20260909,gb,DA,data analyst,5,201,711
gb-5864981083,20260909,gb,DA,data analyst,4,200,711
gb-5865162761,20260909,gb,DA,data analyst,4,199,711
gb-5865190428,20260909,gb,DA,data analyst,4,198,711
gb-5865190429,20260909,gb,DA,data analyst,4,196,711
gb-5865190431,20260909,gb,DA,data analyst,4,194,711
gb-5865190433,20260909,gb,DA,data analyst,4,193,711
gb-5865190456,20260909,gb,DA,data analyst,4,197,711
gb-5865190459,20260909,gb,DA,data analyst,4,195,711
gb-5865190460,20260909,gb,DA,data analyst,4,192,711
gb-5865190461,20260909,gb,DA,data analyst,4,191,711
gb-5865197791,20260909,gb,DA,data analyst,4,190,711
gb-5865261664,20260909,gb,DA,data analyst,4,189,711
gb-5865265463,20260909,gb,DA,data analyst,4,187,711
gb-5865265469,20260909,gb,DA,data analyst,4,185,711
gb-5865265477,20260909,gb,DA,data analyst,4,188,711
gb-5865265478,20260909,gb,DA,data analyst,4,186,711
gb-5865265504,20260909,gb,DA,data analyst,4,184,711
gb-5865265519,20260909,gb,DA,data analyst,4,183,711
gb-5865267720,20260909,gb,DA,data analyst,4,182,711
gb-5865267722,20260909,gb,DA,data analyst,4,181,711
gb-5865267724,20260909,gb,DA,data analyst,4,180,711
gb-5865269133,20260909,gb,DA,data analyst,4,179,711
gb-5865273205,20260909,gb,DA,data analyst,4,178,711
gb-5866532943,20260909,gb,DA,data analyst,4,177,711
gb-5866718600,20260909,gb,BI,business intelligence analyst,1,17,36
gb-5867043036,20260909,gb,DA,data analyst,4,176,711
gb-5867061975,20260909,gb,DA,data analyst,4,175,711
gb-5867151553,20260909,gb,BI,BI analyst,1,17,45
gb-5867151553,20260909,gb,DA,data analyst,4,174,711
gb-5867187726,20260909,gb,DA,data analyst,4,173,711
gb-5867187859,20260909,gb,DA,data analyst,4,172,711
gb-5867188589,20260909,gb,DA,data analyst,4,171,711
gb-5867235621,20260909,gb,DA,data analyst,4,170,711
gb-5867236624,20260909,gb,DA,data analyst,4,169,711
gb-5867237314,20260909,gb,DA,data analyst,4,168,711
gb-5867249007,20260909,gb,BI,business intelligence analyst,1,16,36
gb-5867249869,20260909,gb,DA,data analyst,4,167,711
gb-5867251190,20260909,gb,DA,data analyst,4,166,711
gb-5867251978,20260909,gb,DA,data analyst,4,165,711
gb-5867306037,20260909,gb,DA,data analyst,4,164,711
gb-5867316849,20260909,gb,DA,data analyst,4,163,711
gb-5867507447,20260909,gb,DA,data analyst,4,162,711
gb-5867515337,20260909,gb,BI,business intelligence analyst,1,15,36
gb-5867530033,20260909,gb,DA,data analyst,4,161,711
gb-5867643019,20260909,gb,DA,data analyst,4,160,711
gb-5867643027,20260909,gb,DA,data analyst,4,159,711
gb-5867645768,20260909,gb,BI,business intelligence analyst,1,14,36
gb-5867645772,20260909,gb,DA,data analyst,4,158,711
gb-5867726461,20260909,gb,BI,BI analyst,1,16,45
gb-5867727691,20260909,gb,BI,business intelligence analyst,1,13,36
gb-5867756760,20260909,gb,DA,data analyst,4,157,711
gb-5868148988,20260909,gb,BI,business intelligence analyst,1,12,36
gb-5868292468,20260909,gb,DA,data analyst,4,156,711
gb-5868457878,20260909,gb,DA,data analyst,4,155,711
gb-5868767979,20260909,gb,DA,data analyst,4,154,711
gb-5868779114,20260909,gb,DA,data analyst,4,153,711
gb-5868804516,20260909,gb,DA,data analyst,4,152,711
gb-5868804602,20260909,gb,DA,data analyst,4,151,711
gb-5868804623,20260909,gb,DA,data analyst,3,150,711
gb-5868804734,20260909,gb,DA,data analyst,3,149,711
gb-5868804757,20260909,gb,DA,data analyst,3,148,711
gb-5868804868,20260909,gb,BI,BI analyst,1,15,45
gb-5868804868,20260909,gb,DA,data analyst,3,147,711
gb-5868804972,20260909,gb,DA,data analyst,3,146,711
gb-5868805111,20260909,gb,DA,data analyst,3,145,711
gb-5868805413,20260909,gb,BA,business analyst,5,249,1258
gb-5868805425,20260909,gb,DA,data analyst,3,144,711
gb-5868805430,20260909,gb,BA,business analyst,5,250,1258
gb-5868805681,20260909,gb,BA,business analyst,5,248,1258
gb-5868805681,20260909,gb,DA,data analyst,3,143,711
gb-5868805768,20260909,gb,BA,business analyst,5,247,1258
gb-5868805873,20260909,gb,DA,data analyst,3,142,711
gb-5868805902,20260909,gb,DA,data analyst,3,141,711
gb-5868805944,20260909,gb,BA,business analyst,5,246,1258
gb-5868805944,20260909,gb,BI,business intelligence analyst,1,11,36
gb-5868813184,20260909,gb,BA,business analyst,5,245,1258
gb-5868813596,20260909,gb,BA,business analyst,5,244,1258
gb-5868906185,20260909,gb,BA,business analyst,5,243,1258
gb-5868906307,20260909,gb,BA,business analyst,5,242,1258
gb-5868909048,20260909,gb,BA,business analyst,5,241,1258
gb-5868909139,20260909,gb,BA,business analyst,5,240,1258
gb-5868913954,20260909,gb,DA,data analyst,3,140,711
gb-5868917250,20260909,gb,BA,business analyst,5,239,1258
gb-5868918352,20260909,gb,DA,data analyst,3,139,711
gb-5868923003,20260909,gb,BA,business analyst,5,238,1258
gb-5868984171,20260909,gb,DA,data analyst,3,138,711
gb-5868984224,20260909,gb,BA,business analyst,5,236,1258
gb-5868984242,20260909,gb,BA,business analyst,5,237,1258
gb-5869005150,20260909,gb,BA,business analyst,5,235,1258
gb-5869075476,20260909,gb,DA,data analyst,3,137,711
gb-5869105942,20260909,gb,DA,data analyst,3,136,711
gb-5869120196,20260909,gb,BA,business analyst,5,234,1258
gb-5869120401,20260909,gb,BA,business analyst,5,233,1258
gb-5869121529,20260909,gb,BA,business analyst,5,232,1258
gb-5869121529,20260909,gb,DA,data analyst,3,135,711
gb-5869134880,20260909,gb,BA,business analyst,5,231,1258
gb-5869150614,20260909,gb,DA,data analyst,3,134,711
gb-5869150885,20260909,gb,BA,business analyst,5,230,1258
gb-5869151509,20260909,gb,BA,business analyst,5,229,1258
gb-5869155664,20260909,gb,DA,data analyst,3,133,711
gb-5869157546,20260909,gb,BA,business analyst,5,228,1258
gb-5869157666,20260909,gb,DA,data analyst,3,132,711
gb-5869161425,20260909,gb,BA,business analyst,5,227,1258
gb-5869180933,20260909,gb,BI,BI analyst,1,14,45
gb-5869183304,20260909,gb,DA,data analyst,3,131,711
gb-5869193044,20260909,gb,BA,business analyst,5,226,1258
gb-5869196700,20260909,gb,DA,data analyst,3,130,711
gb-5869198302,20260909,gb,DA,data analyst,3,129,711
gb-5869208889,20260909,gb,DA,data analyst,3,128,711
gb-5869213473,20260909,gb,DA,data analyst,3,127,711
gb-5869301662,20260909,gb,DA,data analyst,3,126,711
gb-5869442593,20260909,gb,BA,business analyst,5,225,1258
gb-5869442717,20260909,gb,BA,business analyst,5,224,1258
gb-5869442923,20260909,gb,BA,business analyst,5,223,1258
gb-5869442923,20260909,gb,BI,business intelligence analyst,1,10,36
gb-5869444083,20260909,gb,BA,business analyst,5,222,1258
gb-5869444098,20260909,gb,DA,data analyst,3,124,711
gb-5869444100,20260909,gb,BA,business analyst,5,221,1258
gb-5869444100,20260909,gb,DA,data analyst,3,125,711
gb-5869444112,20260909,gb,BA,business analyst,5,220,1258
gb-5869444118,20260909,gb,BA,business analyst,5,219,1258
gb-5869444118,20260909,gb,DA,data analyst,3,123,711
gb-5869444131,20260909,gb,BA,business analyst,5,218,1258
gb-5869452153,20260909,gb,BA,business analyst,5,217,1258
gb-5869452153,20260909,gb,BI,business intelligence analyst,1,9,36
gb-5869479486,20260909,gb,BA,business analyst,5,216,1258
gb-5869493390,20260909,gb,DA,data analyst,3,122,711
gb-5869493833,20260909,gb,BA,business analyst,5,215,1258
gb-5869508533,20260909,gb,BA,business analyst,5,214,1258
gb-5869519856,20260909,gb,BA,business analyst,5,213,1258
gb-5869520056,20260909,gb,BA,business analyst,5,212,1258
gb-5869520124,20260909,gb,BA,business analyst,5,211,1258
gb-5869544669,20260909,gb,DA,data analyst,3,121,711
gb-5869547950,20260909,gb,BA,business analyst,5,210,1258
gb-5869549719,20260909,gb,DA,data analyst,3,120,711
gb-5869550457,20260909,gb,BI,BI analyst,1,13,45
gb-5869552144,20260909,gb,DA,data analyst,3,119,711
gb-5869552159,20260909,gb,DA,data analyst,3,117,711
gb-5869552162,20260909,gb,DA,data analyst,3,118,711
gb-5869552164,20260909,gb,DA,data analyst,3,116,711
gb-5869554110,20260909,gb,BA,business analyst,5,206,1258
gb-5869554111,20260909,gb,BA,business analyst,5,207,1258
gb-5869554114,20260909,gb,BA,business analyst,5,209,1258
gb-5869554116,20260909,gb,BA,business analyst,5,208,1258
gb-5869554876,20260909,gb,BA,business analyst,5,205,1258
gb-5869559727,20260909,gb,BA,business analyst,5,204,1258
gb-5869559762,20260909,gb,DA,data analyst,3,115,711
gb-5869562897,20260909,gb,BA,business analyst,5,203,1258
gb-5869586939,20260909,gb,DA,data analyst,3,114,711
gb-5869662130,20260909,gb,BA,business analyst,5,202,1258
gb-5869782932,20260909,gb,BA,business analyst,5,201,1258
gb-5869789329,20260909,gb,BA,business analyst,4,200,1258
gb-5869799826,20260909,gb,DA,data analyst,3,113,711
gb-5869804842,20260909,gb,BA,business analyst,4,199,1258
gb-5869804868,20260909,gb,DA,data analyst,3,112,711
gb-5869818354,20260909,gb,BA,business analyst,4,198,1258
gb-5869942796,20260909,gb,BA,business analyst,4,196,1258
gb-5869942801,20260909,gb,BA,business analyst,4,197,1258
gb-5869964105,20260909,gb,BA,business analyst,4,195,1258
gb-5870432930,20260909,gb,BA,business analyst,4,194,1258
gb-5870549762,20260909,gb,DA,data analyst,3,111,711
gb-5870618225,20260909,gb,BA,business analyst,4,193,1258
gb-5870618232,20260909,gb,BA,business analyst,4,192,1258
gb-5870624631,20260909,gb,BA,business analyst,4,191,1258
gb-5870624715,20260909,gb,BA,business analyst,4,189,1258
gb-5870624724,20260909,gb,BA,business analyst,4,190,1258
gb-5870625840,20260909,gb,BA,business analyst,4,188,1258
gb-5870625973,20260909,gb,BA,business analyst,4,187,1258
gb-5870628588,20260909,gb,DA,data analyst,3,110,711
gb-5870638972,20260909,gb,BA,business analyst,4,185,1258
gb-5870639008,20260909,gb,BA,business analyst,4,186,1258
gb-5870675843,20260909,gb,BA,business analyst,4,184,1258
gb-5870713316,20260909,gb,BA,business analyst,4,183,1258
gb-5870713848,20260909,gb,DA,data analyst,3,109,711
gb-5870741084,20260909,gb,BA,business analyst,4,182,1258
gb-5870741084,20260909,gb,BI,business intelligence analyst,1,8,36
gb-5870741984,20260909,gb,BA,business analyst,4,181,1258
gb-5870746875,20260909,gb,BA,business analyst,4,180,1258
gb-5870748752,20260909,gb,BA,business analyst,4,179,1258
gb-5870749603,20260909,gb,DA,data analyst,3,108,711
gb-5870752713,20260909,gb,BA,business analyst,4,178,1258
gb-5870753152,20260909,gb,BA,business analyst,4,177,1258
gb-5870753215,20260909,gb,BA,business analyst,4,176,1258
gb-5870755983,20260909,gb,BA,business analyst,4,175,1258
gb-5870758339,20260909,gb,DA,data analyst,3,107,711
gb-5870759329,20260909,gb,DA,data analyst,3,106,711
gb-5870760707,20260909,gb,BA,business analyst,4,174,1258
gb-5870761386,20260909,gb,BA,business analyst,4,173,1258
gb-5870766110,20260909,gb,BA,business analyst,4,172,1258
gb-5870770143,20260909,gb,BA,business analyst,4,171,1258
gb-5870770812,20260909,gb,BA,business analyst,4,170,1258
gb-5870773212,20260909,gb,BA,business analyst,4,169,1258
gb-5870776356,20260909,gb,BA,business analyst,4,167,1258
gb-5870776358,20260909,gb,BA,business analyst,4,168,1258
gb-5870797719,20260909,gb,BA,business analyst,4,165,1258
gb-5870797720,20260909,gb,BA,business analyst,4,166,1258
gb-5870816065,20260909,gb,DA,data analyst,3,105,711
gb-5870816322,20260909,gb,DA,data analyst,3,103,711
gb-5870816364,20260909,gb,DA,data analyst,3,104,711
gb-5870884518,20260909,gb,BA,business analyst,4,164,1258
gb-5870884752,20260909,gb,BA,business analyst,4,163,1258
gb-5870922540,20260909,gb,BA,business analyst,4,162,1258
gb-5871005369,20260909,gb,BA,business analyst,4,161,1258
gb-5871005401,20260909,gb,DA,data analyst,3,102,711
gb-5871009870,20260909,gb,DA,data analyst,3,101,711
gb-5871011188,20260909,gb,DA,data analyst,2,100,711
gb-5871014147,20260909,gb,DA,data analyst,2,99,711
gb-5871014203,20260909,gb,BA,business analyst,4,159,1258
gb-5871014203,20260909,gb,DA,data analyst,2,97,711
gb-5871014207,20260909,gb,BA,business analyst,4,160,1258
gb-5871014210,20260909,gb,DA,data analyst,2,98,711
gb-5871015124,20260909,gb,BA,business analyst,4,158,1258
gb-5871028594,20260909,gb,BI,BI analyst,1,12,45
gb-5871029118,20260909,gb,DA,data analyst,2,96,711
gb-5871030865,20260909,gb,DA,data analyst,2,95,711
gb-5871043916,20260909,gb,DA,data analyst,2,94,711
gb-5871044050,20260909,gb,BA,business analyst,4,157,1258
gb-5871135754,20260909,gb,BA,business analyst,4,156,1258
gb-5871241488,20260909,gb,DA,data analyst,2,93,711
gb-5871242766,20260909,gb,BA,business analyst,4,155,1258
gb-5871243065,20260909,gb,BA,business analyst,4,154,1258
gb-5871261504,20260909,gb,DA,data analyst,2,92,711
gb-5871261748,20260909,gb,BA,business analyst,4,153,1258
gb-5871306012,20260909,gb,BA,business analyst,4,152,1258
gb-5871328915,20260909,gb,BA,business analyst,4,151,1258
gb-5871409621,20260909,gb,BA,business analyst,3,150,1258
gb-5871611701,20260909,gb,DA,data analyst,2,91,711
gb-5871611706,20260909,gb,DA,data analyst,2,90,711
gb-5871611722,20260909,gb,DA,data analyst,2,89,711
gb-5871614422,20260909,gb,DA,data analyst,2,87,711
gb-5871614438,20260909,gb,DA,data analyst,2,88,711
gb-5871617319,20260909,gb,BA,business analyst,3,149,1258
gb-5871776402,20260909,gb,BA,business analyst,3,148,1258
gb-5871776433,20260909,gb,BA,business analyst,3,147,1258
gb-5871776444,20260909,gb,BA,business analyst,3,146,1258
gb-5871776512,20260909,gb,BA,business analyst,3,145,1258
gb-5871839450,20260909,gb,BA,business analyst,3,144,1258
gb-5871839450,20260909,gb,DA,data analyst,2,86,711
gb-5871840963,20260909,gb,BA,business analyst,3,143,1258
gb-5871840969,20260909,gb,BA,business analyst,3,142,1258
gb-5871840995,20260909,gb,BA,business analyst,3,140,1258
gb-5871841001,20260909,gb,BA,business analyst,3,141,1258
gb-5871841198,20260909,gb,BA,business analyst,3,139,1258
gb-5871841210,20260909,gb,DA,data analyst,2,85,711
gb-5871841422,20260909,gb,BA,business analyst,3,136,1258
gb-5871841437,20260909,gb,BA,business analyst,3,138,1258
gb-5871841492,20260909,gb,BA,business analyst,3,137,1258
gb-5871841514,20260909,gb,DA,data analyst,2,84,711
gb-5871841772,20260909,gb,BA,business analyst,3,135,1258
gb-5871841772,20260909,gb,DA,data analyst,2,83,711
gb-5871887766,20260909,gb,BA,business analyst,3,134,1258
gb-5871887901,20260909,gb,DA,data analyst,2,82,711
gb-5871897227,20260909,gb,BA,business analyst,3,133,1258
gb-5871940068,20260909,gb,DA,data analyst,2,81,711
gb-5871990160,20260909,gb,BA,business analyst,3,132,1258
gb-5872036234,20260909,gb,BA,business analyst,3,131,1258
gb-5872081754,20260909,gb,BA,business analyst,3,130,1258
gb-5872082583,20260909,gb,DA,data analyst,2,80,711
gb-5872090134,20260909,gb,BA,business analyst,3,129,1258
gb-5872091920,20260909,gb,BA,business analyst,3,128,1258
gb-5872097625,20260909,gb,BA,business analyst,3,127,1258
gb-5872108433,20260909,gb,DA,data analyst,2,79,711
gb-5872109795,20260909,gb,BA,business analyst,3,126,1258
gb-5872112385,20260909,gb,BA,business analyst,3,125,1258
gb-5872112532,20260909,gb,BA,business analyst,3,124,1258
gb-5872113905,20260909,gb,DA,data analyst,2,78,711
gb-5872114472,20260909,gb,DA,data analyst,2,77,711
gb-5872116186,20260909,gb,BA,business analyst,3,123,1258
gb-5872120033,20260909,gb,DA,data analyst,2,76,711
gb-5872123477,20260909,gb,DA,data analyst,2,75,711
gb-5872180638,20260909,gb,DA,data analyst,2,74,711
gb-5872260634,20260909,gb,DA,data analyst,2,73,711
gb-5872300185,20260909,gb,DA,data analyst,2,72,711
gb-5872485992,20260909,gb,BA,business analyst,3,122,1258
gb-5872784095,20260909,gb,BA,business analyst,3,121,1258
gb-5872784433,20260909,gb,BA,business analyst,3,120,1258
gb-5872822444,20260909,gb,DA,data analyst,2,70,711
gb-5872822448,20260909,gb,DA,data analyst,2,71,711
gb-5872906430,20260909,gb,BA,business analyst,3,119,1258
gb-5872906430,20260909,gb,DA,data analyst,2,69,711
gb-5872971641,20260909,gb,BA,business analyst,3,118,1258
gb-5872971641,20260909,gb,DA,data analyst,2,68,711
gb-5873088328,20260909,gb,BA,business analyst,3,117,1258
gb-5873088328,20260909,gb,DA,data analyst,2,67,711
gb-5873157161,20260909,gb,DA,data analyst,2,66,711
gb-5873162654,20260909,gb,DA,data analyst,2,65,711
gb-5873163248,20260909,gb,BA,business analyst,3,116,1258
gb-5873169412,20260909,gb,BA,business analyst,3,115,1258
gb-5873181355,20260909,gb,DA,data analyst,2,64,711
gb-5873182087,20260909,gb,BA,business analyst,3,114,1258
gb-5873190757,20260909,gb,DA,data analyst,2,63,711
gb-5873191559,20260909,gb,DA,data analyst,2,62,711
gb-5873192199,20260909,gb,BA,business analyst,3,113,1258
gb-5873192632,20260909,gb,DA,data analyst,2,61,711
gb-5873194093,20260909,gb,DA,data analyst,2,60,711
gb-5873195507,20260909,gb,DA,data analyst,2,59,711
gb-5873197733,20260909,gb,DA,data analyst,2,58,711
gb-5873198578,20260909,gb,DA,data analyst,2,57,711
gb-5873200149,20260909,gb,BA,business analyst,3,112,1258
gb-5873200149,20260909,gb,BI,business intelligence analyst,1,7,36
gb-5873203012,20260909,gb,BI,BI analyst,1,11,45
gb-5873203012,20260909,gb,DA,data analyst,2,56,711
gb-5873204578,20260909,gb,BA,business analyst,3,111,1258
gb-5873205987,20260909,gb,BA,business analyst,3,110,1258
gb-5873205987,20260909,gb,DA,data analyst,2,55,711
gb-5873317407,20260909,gb,BA,business analyst,3,109,1258
gb-5873317429,20260909,gb,BA,business analyst,3,108,1258
gb-5873321394,20260909,gb,DA,data analyst,2,52,711
gb-5873321396,20260909,gb,DA,data analyst,2,54,711
gb-5873321402,20260909,gb,DA,data analyst,2,53,711
gb-5873326995,20260909,gb,BA,business analyst,3,107,1258
gb-5873563158,20260909,gb,BA,business analyst,3,105,1258
gb-5873563167,20260909,gb,BA,business analyst,3,106,1258
gb-5873564258,20260909,gb,DA,data analyst,1,50,711
gb-5873564265,20260909,gb,DA,data analyst,2,51,711
gb-5873564270,20260909,gb,DA,data analyst,1,49,711
gb-5873564274,20260909,gb,DA,data analyst,1,48,711
gb-5873564314,20260909,gb,DA,data analyst,1,47,711
gb-5873564327,20260909,gb,DA,data analyst,1,46,711
gb-5873698187,20260909,gb,BA,business analyst,3,104,1258
gb-5873698285,20260909,gb,DA,data analyst,1,45,711
gb-5873710850,20260909,gb,BA,business analyst,3,103,1258
gb-5873817919,20260909,gb,DA,data analyst,1,43,711
gb-5873817947,20260909,gb,DA,data analyst,1,44,711
gb-5873919553,20260909,gb,BA,business analyst,3,102,1258
gb-5873933527,20260909,gb,BA,business analyst,3,101,1258
gb-5873934975,20260909,gb,BA,business analyst,2,100,1258
gb-5874052563,20260909,gb,BA,business analyst,2,99,1258
gb-5874056006,20260909,gb,BA,business analyst,2,98,1258
gb-5874056067,20260909,gb,BA,business analyst,2,96,1258
gb-5874056075,20260909,gb,BA,business analyst,2,97,1258
gb-5874058964,20260909,gb,DA,data analyst,1,42,711
gb-5874063660,20260909,gb,BA,business analyst,2,95,1258
gb-5874122777,20260909,gb,BA,business analyst,2,94,1258
gb-5874123325,20260909,gb,BA,business analyst,2,93,1258
gb-5874125172,20260909,gb,BA,business analyst,2,92,1258
gb-5874125173,20260909,gb,BA,business analyst,2,91,1258
gb-5874136549,20260909,gb,BA,business analyst,2,90,1258
gb-5874136572,20260909,gb,BI,BI analyst,1,10,45
gb-5874136572,20260909,gb,DA,data analyst,1,41,711
gb-5874136586,20260909,gb,DA,data analyst,1,40,711
gb-5874136795,20260909,gb,BA,business analyst,2,89,1258
gb-5874139106,20260909,gb,DA,data analyst,1,39,711
gb-5874139836,20260909,gb,BA,business analyst,2,88,1258
gb-5874164897,20260909,gb,BA,business analyst,2,87,1258
gb-5874169298,20260909,gb,BA,business analyst,2,86,1258
gb-5874169483,20260909,gb,BA,business analyst,2,85,1258
gb-5874198103,20260909,gb,BA,business analyst,2,84,1258
gb-5874217186,20260909,gb,DA,data analyst,1,38,711
gb-5874220883,20260909,gb,DA,data analyst,1,37,711
gb-5874253058,20260909,gb,BA,business analyst,2,83,1258
gb-5874264808,20260909,gb,DA,data analyst,1,36,711
gb-5874276443,20260909,gb,DA,data analyst,1,35,711
gb-5874276534,20260909,gb,DA,data analyst,1,34,711
gb-5874276773,20260909,gb,DA,data analyst,1,33,711
gb-5874305260,20260909,gb,BA,business analyst,2,82,1258
gb-5874305309,20260909,gb,BA,business analyst,2,81,1258
gb-5874305309,20260909,gb,BI,business intelligence analyst,1,6,36
gb-5874305725,20260909,gb,BA,business analyst,2,80,1258
gb-5874345238,20260909,gb,BA,business analyst,2,79,1258
gb-5874353544,20260909,gb,BA,business analyst,2,78,1258
gb-5874376026,20260909,gb,BA,business analyst,2,77,1258
gb-5874392526,20260909,gb,BA,business analyst,2,76,1258
gb-5874392633,20260909,gb,DA,data analyst,1,32,711
gb-5874418500,20260909,gb,BI,BI analyst,1,9,45
gb-5874418862,20260909,gb,DA,data analyst,1,31,711
gb-5874433962,20260909,gb,BA,business analyst,2,75,1258
gb-5874487851,20260909,gb,DA,data analyst,1,30,711
gb-5874489689,20260909,gb,BA,business analyst,2,74,1258
gb-5874493866,20260909,gb,BA,business analyst,2,73,1258
gb-5874508666,20260909,gb,BA,business analyst,2,71,1258
gb-5874508666,20260909,gb,BI,business intelligence analyst,1,5,36
gb-5874508680,20260909,gb,BA,business analyst,2,72,1258
gb-5874508689,20260909,gb,DA,data analyst,1,29,711
gb-5874516749,20260909,gb,BA,business analyst,2,70,1258
gb-5874516815,20260909,gb,BA,business analyst,2,69,1258
gb-5874518734,20260909,gb,BA,business analyst,2,68,1258
gb-5874519937,20260909,gb,BI,BI analyst,1,8,45
gb-5874519937,20260909,gb,BA,business analyst,2,67,1258
gb-5874520009,20260909,gb,BA,business analyst,2,66,1258
gb-5874666931,20260909,gb,BA,business analyst,2,65,1258
gb-5874666941,20260909,gb,DA,data analyst,1,28,711
gb-5874671009,20260909,gb,DA,data analyst,1,27,711
gb-5874800211,20260909,gb,DA,data analyst,1,26,711
gb-5874800224,20260909,gb,BA,business analyst,2,64,1258
gb-5875056099,20260909,gb,BA,business analyst,2,62,1258
gb-5875056099,20260909,gb,BI,business intelligence analyst,1,3,36
gb-5875056109,20260909,gb,BA,business analyst,2,63,1258
gb-5875056109,20260909,gb,BI,business intelligence analyst,1,4,36
gb-5875057713,20260909,gb,BA,business analyst,2,61,1258
gb-5875062899,20260909,gb,BA,business analyst,2,60,1258
gb-5875137141,20260909,gb,BA,business analyst,2,59,1258
gb-5875137396,20260909,gb,BA,business analyst,2,58,1258
gb-5875231579,20260909,gb,BA,business analyst,2,57,1258
gb-5875322591,20260909,gb,BA,business analyst,2,56,1258
gb-5875329351,20260909,gb,BA,business analyst,2,55,1258
gb-5875438608,20260909,gb,BA,business analyst,2,54,1258
gb-5875483280,20260909,gb,DA,data analyst,1,25,711
gb-5875483386,20260909,gb,BI,BI analyst,1,7,45
gb-5875483523,20260909,gb,BA,business analyst,2,53,1258
gb-5875483599,20260909,gb,BA,business analyst,2,52,1258
gb-5875483765,20260909,gb,BA,business analyst,2,51,1258
gb-5875483809,20260909,gb,DA,data analyst,1,24,711
gb-5875536107,20260909,gb,DA,data analyst,1,23,711
gb-5875536150,20260909,gb,DA,data analyst,1,22,711
gb-5875592213,20260909,gb,DA,data analyst,1,21,711
gb-5875592730,20260909,gb,BA,business analyst,1,50,1258
gb-5875593492,20260909,gb,DA,data analyst,1,20,711
gb-5875602046,20260909,gb,BA,business analyst,1,49,1258
gb-5875602046,20260909,gb,DA,data analyst,1,19,711
gb-5875603594,20260909,gb,BA,business analyst,1,48,1258
gb-5875603699,20260909,gb,BA,business analyst,1,47,1258
gb-5875604312,20260909,gb,BA,business analyst,1,46,1258
gb-5875604351,20260909,gb,BA,business analyst,1,45,1258
gb-5875606858,20260909,gb,BA,business analyst,1,44,1258
gb-5875607395,20260909,gb,BA,business analyst,1,43,1258
gb-5875608485,20260909,gb,BI,BI analyst,1,6,45
gb-5875608485,20260909,gb,DA,data analyst,1,18,711
gb-5875612377,20260909,gb,BA,business analyst,1,42,1258
gb-5875694410,20260909,gb,BA,business analyst,1,41,1258
gb-5875712674,20260909,gb,BA,business analyst,1,40,1258
gb-5875712885,20260909,gb,BA,business analyst,1,39,1258
gb-5875722532,20260909,gb,BA,business analyst,1,38,1258
gb-5875732973,20260909,gb,BA,business analyst,1,37,1258
gb-5875732973,20260909,gb,DA,data analyst,1,17,711
gb-5875754973,20260909,gb,BA,business analyst,1,36,1258
gb-5875799231,20260909,gb,BA,business analyst,1,35,1258
gb-5875799472,20260909,gb,BA,business analyst,1,32,1258
gb-5875799480,20260909,gb,BA,business analyst,1,34,1258
gb-5875799487,20260909,gb,BA,business analyst,1,33,1258
gb-5875799525,20260909,gb,DA,data analyst,1,16,711
gb-5875799535,20260909,gb,BA,business analyst,1,31,1258
gb-5875799834,20260909,gb,BA,business analyst,1,30,1258
gb-5875807615,20260909,gb,BA,business analyst,1,29,1258
gb-5875823614,20260909,gb,BA,business analyst,1,28,1258
gb-5875831367,20260909,gb,BA,business analyst,1,27,1258
gb-5876081195,20260909,gb,BA,business analyst,1,26,1258
gb-5876081221,20260909,gb,BA,business analyst,1,24,1258
gb-5876081278,20260909,gb,BA,business analyst,1,25,1258
gb-5876081357,20260909,gb,BA,business analyst,1,23,1258
gb-5876081546,20260909,gb,BA,business analyst,1,22,1258
gb-5876103405,20260909,gb,BA,business analyst,1,21,1258
gb-5876127890,20260909,gb,BA,business analyst,1,20,1258
gb-5876128546,20260909,gb,BA,business analyst,1,19,1258
gb-5876131315,20260909,gb,BA,business analyst,1,18,1258
gb-5876242007,20260909,gb,BA,business analyst,1,17,1258
gb-5876242007,20260909,gb,BI,business intelligence analyst,1,2,36
gb-5876242063,20260909,gb,BA,business analyst,1,16,1258
gb-5876431926,20260909,gb,BA,business analyst,1,15,1258
gb-5876442514,20260909,gb,BI,BI analyst,1,5,45
gb-5876442525,20260909,gb,BA,business analyst,1,14,1258
gb-5876535426,20260909,gb,BA,business analyst,1,13,1258
gb-5876535527,20260909,gb,BA,business analyst,1,12,1258
gb-5876535527,20260909,gb,BI,business intelligence analyst,1,1,36
gb-5876535623,20260909,gb,BA,business analyst,1,11,1258
gb-5876536703,20260909,gb,BA,business analyst,1,10,1258
gb-5876538521,20260909,gb,BA,business analyst,1,9,1258
gb-5876572817,20260909,gb,DA,data analyst,1,15,711
gb-5876749281,20260909,gb,DA,data analyst,1,14,711
gb-5876915448,20260909,gb,DA,data analyst,1,11,711
gb-5876915449,20260909,gb,DA,data analyst,1,12,711
gb-5876915453,20260909,gb,DA,data analyst,1,13,711
gb-5876920634,20260909,gb,BA,business analyst,1,8,1258
gb-5876949440,20260909,gb,BA,business analyst,1,7,1258
gb-5877046747,20260909,gb,BI,BI analyst,1,4,45
gb-5877048264,20260909,gb,BI,BI analyst,1,3,45
gb-5877052646,20260909,gb,BA,business analyst,1,6,1258
gb-5877053529,20260909,gb,DA,data analyst,1,10,711
gb-5877053658,20260909,gb,DA,data analyst,1,9,711
gb-5877053782,20260909,gb,BA,business analyst,1,5,1258
gb-5877053782,20260909,gb,DA,data analyst,1,8,711
gb-5877053792,20260909,gb,DA,data analyst,1,7,711
gb-5877053826,20260909,gb,DA,data analyst,1,5,711
gb-5877053829,20260909,gb,BA,business analyst,1,3,1258
gb-5877053838,20260909,gb,DA,data analyst,1,6,711
gb-5877053864,20260909,gb,BA,business analyst,1,4,1258
gb-5877053885,20260909,gb,BA,business analyst,1,2,1258
gb-5877053894,20260909,gb,DA,data analyst,1,3,711
gb-5877053899,20260909,gb,BI,BI analyst,1,2,45
gb-5877053899,20260909,gb,DA,data analyst,1,4,711
gb-5877054197,20260909,gb,DA,data analyst,1,2,711
gb-5877054242,20260909,gb,DA,data analyst,1,1,711
gb-5877054292,20260909,gb,BI,BI analyst,1,1,45
gb-5877085909,20260909,gb,BA,business analyst,1,1,1258
ch-4907507246,20260910,ch,BA,business analyst,4,192,192
ch-5049642724,20260910,ch,BA,business analyst,4,191,192
ch-5102286206,20260910,ch,BA,business analyst,4,190,192
ch-5253192882,20260910,ch,BA,business analyst,4,189,192
ch-5415997589,20260910,ch,BA,business analyst,4,188,192
ch-5501296599,20260910,ch,BA,business analyst,4,186,192
ch-5501296602,20260910,ch,BA,business analyst,4,187,192
ch-5544982395,20260910,ch,BA,business analyst,4,185,192
ch-5582074518,20260910,ch,BA,business analyst,4,184,192
ch-5624904803,20260910,ch,BA,business analyst,4,183,192
ch-5662130334,20260910,ch,BA,business analyst,4,182,192
ch-5706900763,20260910,ch,BA,business analyst,4,181,192
ch-5723540051,20260910,ch,BA,business analyst,4,180,192
ch-5723540105,20260910,ch,BA,business analyst,4,179,192
ch-5727378938,20260910,ch,BA,business analyst,4,178,192
ch-5727381173,20260910,ch,BA,business analyst,4,177,192
ch-5728539859,20260910,ch,BA,business analyst,4,176,192
ch-5736527696,20260910,ch,BA,business analyst,4,175,192
ch-5751722820,20260910,ch,BA,business analyst,4,174,192
ch-5752476574,20260910,ch,BA,business analyst,4,173,192
ch-5754205825,20260910,ch,BA,business analyst,4,172,192
ch-5763015516,20260910,ch,BA,business analyst,4,171,192
ch-5772045252,20260910,ch,BA,business analyst,4,170,192
ch-5779533751,20260910,ch,BA,business analyst,4,169,192
ch-5784532475,20260910,ch,BA,business analyst,4,168,192
ch-5791318020,20260910,ch,BA,business analyst,4,167,192
ch-5795995207,20260910,ch,BA,business analyst,4,166,192
ch-5795995207,20260910,ch,DA,data analyst,1,37,37
ch-5798343353,20260910,ch,BA,business analyst,4,165,192
ch-5799099810,20260910,ch,DA,data analyst,1,36,37
ch-5805053425,20260910,ch,BA,business analyst,4,164,192
ch-5810001868,20260910,ch,BA,business analyst,4,163,192
ch-5810001868,20260910,ch,DA,data analyst,1,35,37
ch-5811519370,20260910,ch,BA,business analyst,4,162,192
ch-5814610054,20260910,ch,BA,business analyst,4,161,192
ch-5814700994,20260910,ch,BA,business analyst,4,160,192
ch-5814701018,20260910,ch,BA,business analyst,4,159,192
ch-5822720275,20260910,ch,BA,business analyst,4,158,192
ch-5822996836,20260910,ch,BA,business analyst,4,157,192
ch-5822997268,20260910,ch,BA,business analyst,4,156,192
ch-5826138284,20260910,ch,BA,business analyst,4,155,192
ch-5829693990,20260910,ch,BA,business analyst,4,154,192
ch-5830857008,20260910,ch,BA,business analyst,4,153,192
ch-5832355656,20260910,ch,BA,business analyst,4,152,192
ch-5832355656,20260910,ch,DA,data analyst,1,34,37
ch-5834044745,20260910,ch,BA,business analyst,4,151,192
ch-5837128521,20260910,ch,BA,business analyst,3,150,192
ch-5840951023,20260910,ch,BA,business analyst,3,149,192
ch-5841638762,20260910,ch,BA,business analyst,3,148,192
ch-5841641655,20260910,ch,BA,business analyst,3,147,192
ch-5841645920,20260910,ch,BA,business analyst,3,146,192
ch-5841647275,20260910,ch,BA,business analyst,3,145,192
ch-5841656718,20260910,ch,BA,business analyst,3,144,192
ch-5841660097,20260910,ch,BA,business analyst,3,143,192
ch-5841663916,20260910,ch,BA,business analyst,3,142,192
ch-5841664012,20260910,ch,BA,business analyst,3,141,192
ch-5841666061,20260910,ch,BA,business analyst,3,140,192
ch-5841672952,20260910,ch,BA,business analyst,3,139,192
ch-5841674749,20260910,ch,BA,business analyst,3,138,192
ch-5841677323,20260910,ch,BA,business analyst,3,137,192
ch-5841678642,20260910,ch,BA,business analyst,3,136,192
ch-5844501683,20260910,ch,BA,business analyst,3,135,192
ch-5844501799,20260910,ch,DA,data analyst,1,33,37
ch-5844661707,20260910,ch,DA,data analyst,1,32,37
ch-5844661743,20260910,ch,BA,business analyst,3,134,192
ch-5844661746,20260910,ch,BA,business analyst,3,133,192
ch-5846524834,20260910,ch,BA,business analyst,3,132,192
ch-5846526241,20260910,ch,BA,business analyst,3,131,192
ch-5848038718,20260910,ch,BA,business analyst,3,130,192
ch-5848972179,20260910,ch,BA,business analyst,3,129,192
ch-5849618306,20260910,ch,BA,business analyst,3,128,192
ch-5850864273,20260910,ch,BA,business analyst,3,127,192
ch-5850865720,20260910,ch,BA,business analyst,3,126,192
ch-5851422313,20260910,ch,BA,business analyst,3,125,192
ch-5851683322,20260910,ch,DA,data analyst,1,31,37
ch-5851872574,20260910,ch,BA,business analyst,3,124,192
ch-5852323293,20260910,ch,BA,business analyst,3,123,192
ch-5852323459,20260910,ch,BA,business analyst,3,122,192
ch-5853039171,20260910,ch,BA,business analyst,3,121,192
ch-5853533474,20260910,ch,BA,business analyst,3,120,192
ch-5853533670,20260910,ch,BA,business analyst,3,119,192
ch-5853882183,20260910,ch,DA,data analyst,1,30,37
ch-5853882264,20260910,ch,BA,business analyst,3,118,192
ch-5853882351,20260910,ch,BA,business analyst,3,117,192
ch-5853882472,20260910,ch,DA,data analyst,1,29,37
ch-5853961952,20260910,ch,DA,data analyst,1,28,37
ch-5853962010,20260910,ch,BA,business analyst,3,116,192
ch-5854312298,20260910,ch,BA,business analyst,3,115,192
ch-5854383299,20260910,ch,BA,business analyst,3,114,192
ch-5856657239,20260910,ch,BA,business analyst,3,113,192
ch-5856657614,20260910,ch,BA,business analyst,3,112,192
ch-5856657772,20260910,ch,BA,business analyst,3,111,192
ch-5856658308,20260910,ch,BA,business analyst,3,110,192
ch-5856658308,20260910,ch,DA,data analyst,1,27,37
ch-5856658925,20260910,ch,BA,business analyst,3,109,192
ch-5856659715,20260910,ch,BA,business analyst,3,108,192
ch-5856659968,20260910,ch,BA,business analyst,3,107,192
ch-5858108261,20260910,ch,BA,business analyst,3,106,192
ch-5858108492,20260910,ch,BA,business analyst,3,105,192
ch-5858108772,20260910,ch,BA,business analyst,3,104,192
ch-5858109433,20260910,ch,BA,business analyst,3,103,192
ch-5858109692,20260910,ch,BA,business analyst,3,102,192
ch-5858655034,20260910,ch,BA,business analyst,3,101,192
ch-5858655034,20260910,ch,DA,data analyst,1,26,37
ch-5858655041,20260910,ch,BA,business analyst,2,100,192
ch-5858655041,20260910,ch,DA,data analyst,1,25,37
ch-5858699531,20260910,ch,DA,data analyst,1,24,37
ch-5858930041,20260910,ch,BA,business analyst,2,99,192
ch-5858930499,20260910,ch,DA,data analyst,1,23,37
ch-5858930900,20260910,ch,BA,business analyst,2,98,192
ch-5858930900,20260910,ch,DA,data analyst,1,22,37
ch-5858931856,20260910,ch,BA,business analyst,2,97,192
ch-5859562226,20260910,ch,BA,business analyst,2,96,192
ch-5859562509,20260910,ch,BA,business analyst,2,95,192
ch-5859623248,20260910,ch,BA,business analyst,2,94,192
ch-5859625118,20260910,ch,BA,business analyst,2,93,192
ch-5859625414,20260910,ch,BA,business analyst,2,92,192
ch-5859625738,20260910,ch,BA,business analyst,2,91,192
ch-5860025567,20260910,ch,BA,business analyst,2,90,192
ch-5860025604,20260910,ch,DA,data analyst,1,21,37
ch-5860952427,20260910,ch,BA,business analyst,2,89,192
ch-5860954314,20260910,ch,DA,data analyst,1,20,37
ch-5860954532,20260910,ch,BA,business analyst,2,88,192
ch-5861035230,20260910,ch,BA,business analyst,2,87,192
ch-5861038915,20260910,ch,DA,data analyst,1,19,37
ch-5861621342,20260910,ch,BA,business analyst,2,86,192
ch-5862084044,20260910,ch,BA,business analyst,2,85,192
ch-5862206206,20260910,ch,BA,business analyst,2,84,192
ch-5862206270,20260910,ch,DA,data analyst,1,18,37
ch-5862206634,20260910,ch,BA,business analyst,2,83,192
ch-5862212824,20260910,ch,BI,BI analyst,1,3,3
ch-5862212824,20260910,ch,BA,business analyst,2,82,192
ch-5862876803,20260910,ch,BA,business analyst,2,81,192
ch-5862909113,20260910,ch,BA,business analyst,2,80,192
ch-5862911922,20260910,ch,BA,business analyst,2,79,192
ch-5862915600,20260910,ch,BA,business analyst,2,78,192
ch-5863094617,20260910,ch,DA,data analyst,1,17,37
ch-5864095581,20260910,ch,BA,business analyst,2,77,192
ch-5864313658,20260910,ch,BA,business analyst,2,76,192
ch-5864313785,20260910,ch,BA,business analyst,2,75,192
ch-5864317496,20260910,ch,BA,business analyst,2,74,192
ch-5864318861,20260910,ch,DA,data analyst,1,16,37
ch-5864319035,20260910,ch,BA,business analyst,2,73,192
ch-5864321835,20260910,ch,BA,business analyst,2,72,192
ch-5864521373,20260910,ch,BA,business analyst,2,71,192
ch-5865238768,20260910,ch,BA,business analyst,2,70,192
ch-5866723075,20260910,ch,BA,business analyst,2,69,192
ch-5866773861,20260910,ch,BA,business analyst,2,68,192
ch-5866881818,20260910,ch,BA,business analyst,2,67,192
ch-5866881828,20260910,ch,BA,business analyst,2,66,192
ch-5866881961,20260910,ch,BA,business analyst,2,65,192
ch-5866883860,20260910,ch,BA,business analyst,2,64,192
ch-5866891317,20260910,ch,DA,data analyst,1,15,37
ch-5866893383,20260910,ch,BA,business analyst,2,63,192
ch-5867052084,20260910,ch,BA,business analyst,2,62,192
ch-5867052309,20260910,ch,BA,business analyst,2,61,192
ch-5867053397,20260910,ch,BA,business analyst,2,60,192
ch-5867073213,20260910,ch,BA,business analyst,2,59,192
ch-5867074233,20260910,ch,BA,business analyst,2,58,192
ch-5867084032,20260910,ch,BA,business analyst,2,57,192
ch-5867085074,20260910,ch,BA,business analyst,2,56,192
ch-5868666197,20260910,ch,BA,business analyst,2,55,192
ch-5868666937,20260910,ch,BA,business analyst,2,54,192
ch-5868667867,20260910,ch,BA,business analyst,2,53,192
ch-5868880783,20260910,ch,BI,BI analyst,1,2,3
ch-5868880783,20260910,ch,BA,business analyst,2,52,192
ch-5868880944,20260910,ch,DA,data analyst,1,14,37
ch-5868882186,20260910,ch,BA,business analyst,2,51,192
ch-5868886922,20260910,ch,BA,business analyst,1,50,192
ch-5868887400,20260910,ch,BA,business analyst,1,49,192
ch-5868888097,20260910,ch,BA,business analyst,1,48,192
ch-5869532600,20260910,ch,BA,business analyst,1,47,192
ch-5870422848,20260910,ch,BA,business analyst,1,46,192
ch-5870580469,20260910,ch,BA,business analyst,1,45,192
ch-5870580585,20260910,ch,BA,business analyst,1,44,192
ch-5870587128,20260910,ch,BA,business analyst,1,43,192
ch-5870588150,20260910,ch,BA,business analyst,1,42,192
ch-5870590169,20260910,ch,BA,business analyst,1,41,192
ch-5870590503,20260910,ch,BA,business analyst,1,40,192
ch-5870597130,20260910,ch,BA,business analyst,1,39,192
ch-5870597583,20260910,ch,BA,business analyst,1,38,192
ch-5870599269,20260910,ch,BA,business analyst,1,37,192
ch-5871134674,20260910,ch,BA,business analyst,1,36,192
ch-5871135120,20260910,ch,BA,business analyst,1,35,192
ch-5871135198,20260910,ch,BA,business analyst,1,34,192
ch-5871135545,20260910,ch,BA,business analyst,1,33,192
ch-5871764843,20260910,ch,BA,business analyst,1,32,192
ch-5871765764,20260910,ch,BA,business analyst,1,31,192
ch-5871766315,20260910,ch,BA,business analyst,1,30,192
ch-5871969399,20260910,ch,DA,data analyst,1,13,37
ch-5871981354,20260910,ch,BA,business analyst,1,29,192
ch-5871981944,20260910,ch,BA,business analyst,1,28,192
ch-5871982189,20260910,ch,BA,business analyst,1,27,192
ch-5872314605,20260910,ch,BA,business analyst,1,26,192
ch-5872391554,20260910,ch,DA,data analyst,1,12,37
ch-5872391566,20260910,ch,DA,data analyst,1,11,37
ch-5873050759,20260910,ch,BA,business analyst,1,25,192
ch-5873050759,20260910,ch,DA,data analyst,1,10,37
ch-5873053165,20260910,ch,DA,data analyst,1,9,37
ch-5873437167,20260910,ch,BI,BI analyst,1,1,3
ch-5874921330,20260910,ch,BA,business analyst,1,24,192
ch-5874921330,20260910,ch,DA,data analyst,1,8,37
ch-5875433332,20260910,ch,BA,business analyst,1,23,192
ch-5876090087,20260910,ch,BA,business analyst,1,22,192
ch-5876274029,20260910,ch,BA,business analyst,1,21,192
ch-5876276673,20260910,ch,BA,business analyst,1,20,192
ch-5876276673,20260910,ch,DA,data analyst,1,7,37
ch-5876535938,20260910,ch,BA,business analyst,1,19,192
ch-5876535938,20260910,ch,DA,data analyst,1,6,37
ch-5876922004,20260910,ch,BA,business analyst,1,18,192
ch-5876922240,20260910,ch,BA,business analyst,1,17,192
ch-5876923421,20260910,ch,DA,data analyst,1,5,37
ch-5876966238,20260910,ch,BA,business analyst,1,16,192
ch-5877030962,20260910,ch,BA,business analyst,1,15,192
ch-5877099458,20260910,ch,BA,business analyst,1,14,192
ch-5877106332,20260910,ch,DA,data analyst,1,4,37
ch-5877106676,20260910,ch,DA,data analyst,1,3,37
ch-5877171552,20260910,ch,BA,business analyst,1,13,192
ch-5877175835,20260910,ch,BA,business analyst,1,12,192
ch-5877436922,20260910,ch,DA,data analyst,1,2,37
ch-5877618969,20260910,ch,BA,business analyst,1,11,192
ch-5877618969,20260910,ch,BI,business intelligence analyst,1,1,1
ch-5877618969,20260910,ch,DA,data analyst,1,1,37
ch-5877704396,20260910,ch,BA,business analyst,1,10,192
ch-5877704405,20260910,ch,BA,business analyst,1,9,192
ch-5877811570,20260910,ch,BA,business analyst,1,8,192
ch-5878265694,20260910,ch,BA,business analyst,1,7,192
ch-5878265783,20260910,ch,BA,business analyst,1,6,192
ch-5878266144,20260910,ch,BA,business analyst,1,5,192
ch-5878266493,20260910,ch,BA,business analyst,1,4,192
ch-5878266612,20260910,ch,BA,business analyst,1,3,192
ch-5878440599,20260910,ch,BA,business analyst,1,2,192
ch-5878443785,20260910,ch,BA,business analyst,1,1,192
de-5330215394,20260910,de,BI,BI analyst,1,21,21
de-5479764604,20260910,de,BI,BI analyst,1,20,21
de-5485143529,20260910,de,DA,datenanalyst,1,30,30
de-5576705961,20260910,de,DA,datenanalyst,1,29,30
de-5622127807,20260910,de,DA,datenanalyst,1,28,30
de-5632671837,20260910,de,DA,datenanalyst,1,27,30
de-5727102241,20260910,de,BI,business intelligence analyst,1,14,14
de-5727297937,20260910,de,BI,BI analyst,1,19,21
de-5745956084,20260910,de,BI,business intelligence analyst,1,13,14
de-5746660312,20260910,de,BI,business intelligence analyst,1,12,14
de-5751150763,20260910,de,BI,BI analyst,1,18,21
de-5762114133,20260910,de,DA,data analyst,5,250,302
de-5762859564,20260910,de,DA,data analyst,5,249,302
de-5766006398,20260910,de,DA,data analyst,5,248,302
de-5767220946,20260910,de,DA,data analyst,5,247,302
de-5767410711,20260910,de,DA,data analyst,5,246,302
de-5770486747,20260910,de,DA,data analyst,5,245,302
de-5771981727,20260910,de,DA,data analyst,5,244,302
de-5775234210,20260910,de,DA,data analyst,5,243,302
de-5780538507,20260910,de,DA,data analyst,5,242,302
de-5780558194,20260910,de,DA,data analyst,5,241,302
de-5780991585,20260910,de,DA,data analyst,5,240,302
de-5782538825,20260910,de,DA,data analyst,5,239,302
de-5782547945,20260910,de,DA,data analyst,5,238,302
de-5784282088,20260910,de,DA,data analyst,5,237,302
de-5786675236,20260910,de,DA,data analyst,5,236,302
de-5786675237,20260910,de,DA,data analyst,5,235,302
de-5786679727,20260910,de,DA,data analyst,5,234,302
de-5787325956,20260910,de,DA,datenanalyst,1,26,30
de-5787618351,20260910,de,DA,data analyst,5,233,302
de-5788489663,20260910,de,DA,data analyst,5,232,302
de-5791613467,20260910,de,DA,data analyst,5,231,302
de-5793217303,20260910,de,DA,datenanalyst,1,25,30
de-5793393035,20260910,de,DA,data analyst,5,230,302
de-5794024968,20260910,de,DA,data analyst,5,229,302
de-5794789776,20260910,de,DA,data analyst,5,228,302
de-5794801891,20260910,de,DA,data analyst,5,227,302
de-5796235359,20260910,de,BI,BI analyst,1,17,21
de-5798313105,20260910,de,DA,data analyst,5,226,302
de-5799974240,20260910,de,DA,data analyst,5,225,302
de-5801823022,20260910,de,DA,data analyst,5,224,302
de-5802935348,20260910,de,DA,data analyst,5,222,302
de-5802935351,20260910,de,DA,data analyst,5,223,302
de-5802941272,20260910,de,DA,data analyst,5,221,302
de-5802961901,20260910,de,BI,BI analyst,1,16,21
de-5802963262,20260910,de,DA,data analyst,5,220,302
de-5802969084,20260910,de,DA,data analyst,5,219,302
de-5802971414,20260910,de,DA,data analyst,5,218,302
de-5802975615,20260910,de,DA,data analyst,5,217,302
de-5802980918,20260910,de,DA,data analyst,5,216,302
de-5802987103,20260910,de,DA,data analyst,5,215,302
de-5803454368,20260910,de,DA,data analyst,5,214,302
de-5803923930,20260910,de,DA,datenanalyst,1,24,30
de-5803943655,20260910,de,DA,data analyst,5,213,302
de-5804545971,20260910,de,DA,data analyst,5,212,302
de-5804553762,20260910,de,BI,BI analyst,1,15,21
de-5804554931,20260910,de,DA,data analyst,5,211,302
de-5805353472,20260910,de,DA,data analyst,5,210,302
de-5806175401,20260910,de,DA,data analyst,5,209,302
de-5808204469,20260910,de,DA,datenanalyst,1,23,30
de-5808554689,20260910,de,DA,data analyst,5,208,302
de-5810334767,20260910,de,DA,datenanalyst,1,22,30
de-5810565879,20260910,de,DA,data analyst,5,207,302
de-5813675699,20260910,de,DA,data analyst,5,206,302
de-5816408358,20260910,de,DA,data analyst,5,205,302
de-5816415778,20260910,de,BI,BI analyst,1,14,21
de-5816491278,20260910,de,DA,datenanalyst,1,21,30
de-5821137355,20260910,de,DA,data analyst,5,204,302
de-5821322166,20260910,de,DA,data analyst,5,203,302
de-5825713005,20260910,de,DA,data analyst,5,202,302
de-5825713188,20260910,de,DA,data analyst,5,201,302
de-5825767190,20260910,de,DA,data analyst,4,200,302
de-5825806283,20260910,de,DA,data analyst,4,199,302
de-5829292588,20260910,de,DA,data analyst,4,198,302
de-5830637305,20260910,de,BI,BI analyst,1,13,21
de-5830637305,20260910,de,DA,data analyst,4,197,302
de-5830749157,20260910,de,DA,data analyst,4,196,302
de-5831313567,20260910,de,DA,data analyst,4,195,302
de-5831968659,20260910,de,DA,data analyst,4,194,302
de-5832180650,20260910,de,DA,data analyst,4,193,302
de-5832194729,20260910,de,DA,data analyst,4,192,302
de-5833425456,20260910,de,DA,data analyst,4,191,302
de-5833592056,20260910,de,DA,data analyst,4,190,302
de-5833598668,20260910,de,DA,data analyst,4,189,302
de-5833618547,20260910,de,DA,data analyst,4,188,302
de-5833647960,20260910,de,DA,data analyst,4,187,302
de-5833708491,20260910,de,DA,data analyst,4,186,302
de-5834385116,20260910,de,DA,data analyst,4,185,302
de-5834806004,20260910,de,BI,BI analyst,1,12,21
de-5834806004,20260910,de,DA,data analyst,4,184,302
de-5835180910,20260910,de,BI,BI analyst,1,11,21
de-5835234446,20260910,de,BI,BI analyst,1,10,21
de-5835557994,20260910,de,BI,BI analyst,1,9,21
de-5835557994,20260910,de,DA,data analyst,4,183,302
de-5835783804,20260910,de,DA,data analyst,4,182,302
de-5835794982,20260910,de,DA,data analyst,4,181,302
de-5838216392,20260910,de,DA,data analyst,4,180,302
de-5838375932,20260910,de,DA,data analyst,4,179,302
de-5838745256,20260910,de,DA,data analyst,4,178,302
de-5840262921,20260910,de,DA,data analyst,4,177,302
de-5840355044,20260910,de,DA,data analyst,4,176,302
de-5840508797,20260910,de,DA,data analyst,4,175,302
de-5841890799,20260910,de,DA,data analyst,4,174,302
de-5841997634,20260910,de,DA,data analyst,4,173,302
de-5842039733,20260910,de,DA,data analyst,4,172,302
de-5842047732,20260910,de,DA,data analyst,4,171,302
de-5842729684,20260910,de,DA,data analyst,4,170,302
de-5843240583,20260910,de,DA,data analyst,4,169,302
de-5843300954,20260910,de,DA,data analyst,4,168,302
de-5844198313,20260910,de,BI,BI analyst,1,8,21
de-5844372604,20260910,de,DA,data analyst,4,167,302
de-5845778274,20260910,de,DA,data analyst,4,166,302
de-5845897971,20260910,de,DA,data analyst,4,165,302
de-5847068515,20260910,de,DA,data analyst,4,164,302
de-5847435609,20260910,de,DA,datenanalyst,1,20,30
de-5847626132,20260910,de,DA,data analyst,4,163,302
de-5847687462,20260910,de,DA,data analyst,4,162,302
de-5847722529,20260910,de,DA,data analyst,4,161,302
de-5848032631,20260910,de,DA,data analyst,4,160,302
de-5848115620,20260910,de,BI,BI analyst,1,7,21
de-5848115620,20260910,de,DA,data analyst,4,159,302
de-5848128975,20260910,de,BI,business intelligence analyst,1,11,14
de-5848232080,20260910,de,DA,data analyst,4,158,302
de-5848345509,20260910,de,DA,data analyst,4,157,302
de-5848496731,20260910,de,DA,data analyst,4,156,302
de-5848533692,20260910,de,DA,data analyst,4,155,302
de-5848586738,20260910,de,DA,data analyst,4,154,302
de-5849082736,20260910,de,DA,datenanalyst,1,19,30
de-5849251398,20260910,de,DA,data analyst,4,153,302
de-5849325391,20260910,de,DA,data analyst,4,152,302
de-5849585787,20260910,de,DA,data analyst,3,150,302
de-5849585790,20260910,de,DA,data analyst,4,151,302
de-5849769507,20260910,de,DA,data analyst,3,149,302
de-5849808301,20260910,de,DA,data analyst,3,148,302
de-5850001762,20260910,de,DA,data analyst,3,147,302
de-5850159030,20260910,de,DA,data analyst,3,146,302
de-5850417363,20260910,de,DA,data analyst,3,145,302
de-5850731785,20260910,de,DA,data analyst,3,144,302
de-5851307364,20260910,de,DA,data analyst,3,143,302
de-5851313135,20260910,de,DA,data analyst,3,142,302
de-5851326698,20260910,de,DA,data analyst,3,141,302
de-5851345939,20260910,de,DA,datenanalyst,1,18,30
de-5851395837,20260910,de,DA,data analyst,3,140,302
de-5852577992,20260910,de,DA,data analyst,3,139,302
de-5852710200,20260910,de,DA,datenanalyst,1,17,30
de-5853561751,20260910,de,DA,datenanalyst,1,16,30
de-5853565462,20260910,de,DA,data analyst,3,138,302
de-5853565462,20260910,de,DA,datenanalyst,1,15,30
de-5853722616,20260910,de,DA,data analyst,3,137,302
de-5854367551,20260910,de,DA,data analyst,3,136,302
de-5854367552,20260910,de,DA,data analyst,3,135,302
de-5854422641,20260910,de,DA,data analyst,3,134,302
de-5854692629,20260910,de,DA,data analyst,3,133,302
de-5854821554,20260910,de,DA,data analyst,3,132,302
de-5855327520,20260910,de,DA,data analyst,3,131,302
de-5855434419,20260910,de,DA,data analyst,3,130,302
de-5855591218,20260910,de,BI,business intelligence analyst,1,10,14
de-5855591218,20260910,de,DA,data analyst,3,129,302
de-5855599314,20260910,de,DA,data analyst,3,128,302
de-5856084517,20260910,de,DA,data analyst,3,127,302
de-5856263806,20260910,de,DA,datenanalyst,1,14,30
de-5856263876,20260910,de,BI,BI analyst,1,6,21
de-5856263876,20260910,de,DA,data analyst,3,126,302
de-5856676532,20260910,de,DA,data analyst,3,125,302
de-5856974440,20260910,de,DA,data analyst,3,124,302
de-5857113284,20260910,de,DA,data analyst,3,123,302
de-5857315270,20260910,de,DA,data analyst,3,122,302
de-5857319234,20260910,de,DA,data analyst,3,121,302
de-5857805575,20260910,de,DA,data analyst,3,120,302
de-5857993681,20260910,de,DA,data analyst,3,119,302
de-5858169364,20260910,de,DA,data analyst,3,118,302
de-5858186004,20260910,de,DA,data analyst,3,117,302
de-5858237375,20260910,de,DA,data analyst,3,116,302
de-5858241214,20260910,de,DA,data analyst,3,112,302
de-5858241215,20260910,de,DA,data analyst,3,111,302
de-5858241216,20260910,de,DA,data analyst,3,113,302
de-5858241217,20260910,de,DA,data analyst,3,110,302
de-5858241220,20260910,de,DA,data analyst,3,114,302
de-5858241222,20260910,de,DA,data analyst,3,107,302
de-5858241224,20260910,de,DA,data analyst,3,109,302
de-5858241225,20260910,de,DA,data analyst,3,105,302
de-5858241230,20260910,de,DA,data analyst,3,108,302
de-5858241232,20260910,de,DA,data analyst,3,115,302
de-5858241233,20260910,de,DA,data analyst,3,106,302
de-5858241234,20260910,de,DA,data analyst,2,97,302
de-5858241235,20260910,de,DA,data analyst,2,99,302
de-5858241236,20260910,de,DA,data analyst,3,102,302
de-5858241237,20260910,de,DA,data analyst,2,98,302
de-5858241238,20260910,de,DA,data analyst,3,104,302
de-5858241239,20260910,de,DA,data analyst,2,100,302
de-5858241240,20260910,de,DA,data analyst,3,103,302
de-5858241241,20260910,de,DA,data analyst,2,96,302
de-5858241243,20260910,de,DA,data analyst,2,95,302
de-5858241244,20260910,de,DA,data analyst,2,94,302
de-5858241247,20260910,de,DA,data analyst,3,101,302
de-5858242933,20260910,de,BI,business intelligence analyst,1,9,14
de-5858265769,20260910,de,DA,data analyst,2,93,302
de-5858329815,20260910,de,DA,data analyst,2,92,302
de-5858487962,20260910,de,DA,datenanalyst,1,13,30
de-5858577600,20260910,de,BI,business intelligence analyst,1,8,14
de-5858577600,20260910,de,DA,data analyst,2,91,302
de-5858661082,20260910,de,DA,data analyst,2,90,302
de-5858728979,20260910,de,DA,data analyst,2,89,302
de-5858838387,20260910,de,DA,data analyst,2,88,302
de-5858907192,20260910,de,BI,business intelligence analyst,1,7,14
de-5858907192,20260910,de,DA,data analyst,2,87,302
de-5859138453,20260910,de,DA,data analyst,2,86,302
de-5859138618,20260910,de,DA,data analyst,2,85,302
de-5859165714,20260910,de,DA,data analyst,2,84,302
de-5859654609,20260910,de,DA,data analyst,2,81,302
de-5859654610,20260910,de,DA,data analyst,2,83,302
de-5859654611,20260910,de,DA,data analyst,2,82,302
de-5859871991,20260910,de,DA,data analyst,2,80,302
de-5859890717,20260910,de,DA,data analyst,2,79,302
de-5859891409,20260910,de,DA,data analyst,2,78,302
de-5860576256,20260910,de,DA,data analyst,2,77,302
de-5861202126,20260910,de,DA,data analyst,2,76,302
de-5861225956,20260910,de,DA,datenanalyst,1,12,30
de-5862103183,20260910,de,DA,data analyst,2,75,302
de-5862118873,20260910,de,DA,data analyst,2,74,302
de-5862125839,20260910,de,DA,datenanalyst,1,11,30
de-5863094623,20260910,de,DA,data analyst,2,73,302
de-5863612058,20260910,de,DA,data analyst,2,72,302
de-5863811463,20260910,de,DA,data analyst,2,71,302
de-5864593761,20260910,de,DA,data analyst,2,70,302
de-5864751829,20260910,de,DA,data analyst,2,69,302
de-5864752337,20260910,de,DA,data analyst,2,68,302
de-5865132455,20260910,de,DA,data analyst,2,67,302
de-5867004154,20260910,de,DA,data analyst,2,66,302
de-5867128805,20260910,de,DA,data analyst,2,65,302
de-5867197926,20260910,de,DA,data analyst,2,64,302
de-5867276716,20260910,de,DA,data analyst,2,63,302
de-5867307429,20260910,de,DA,data analyst,2,62,302
de-5868154596,20260910,de,BI,BI analyst,1,5,21
de-5868154596,20260910,de,DA,data analyst,2,61,302
de-5868544356,20260910,de,DA,data analyst,2,60,302
de-5868892953,20260910,de,DA,data analyst,2,59,302
de-5869067487,20260910,de,DA,data analyst,2,58,302
de-5869098548,20260910,de,DA,datenanalyst,1,10,30
de-5869114486,20260910,de,DA,data analyst,2,57,302
de-5869149600,20260910,de,DA,datenanalyst,1,9,30
de-5869212189,20260910,de,DA,data analyst,2,56,302
de-5869245425,20260910,de,BI,business intelligence analyst,1,6,14
de-5869477484,20260910,de,BA,business analyst,5,250,922
de-5869545707,20260910,de,BA,business analyst,5,249,922
de-5869551157,20260910,de,BA,business analyst,5,248,922
de-5869665493,20260910,de,BA,business analyst,5,247,922
de-5869911785,20260910,de,BA,business analyst,5,246,922
de-5869911804,20260910,de,BA,business analyst,5,245,922
de-5869912761,20260910,de,BA,business analyst,5,244,922
de-5869922266,20260910,de,BA,business analyst,5,243,922
de-5869940907,20260910,de,BA,business analyst,5,242,922
de-5869977676,20260910,de,BA,business analyst,5,241,922
de-5870222007,20260910,de,BA,business analyst,5,240,922
de-5870222049,20260910,de,BA,business analyst,5,238,922
de-5870222082,20260910,de,BA,business analyst,5,239,922
de-5870222099,20260910,de,BA,business analyst,5,236,922
de-5870222121,20260910,de,BA,business analyst,5,237,922
de-5870222306,20260910,de,BA,business analyst,5,229,922
de-5870222309,20260910,de,BA,business analyst,5,233,922
de-5870222311,20260910,de,BA,business analyst,5,230,922
de-5870222312,20260910,de,BA,business analyst,5,231,922
de-5870222313,20260910,de,BA,business analyst,5,232,922
de-5870222315,20260910,de,BA,business analyst,5,235,922
de-5870222316,20260910,de,BA,business analyst,5,234,922
de-5870222323,20260910,de,BA,business analyst,5,228,922
de-5870460928,20260910,de,DA,data analyst,2,55,302
de-5870466679,20260910,de,BA,business analyst,5,227,922
de-5870557331,20260910,de,BA,business analyst,5,226,922
de-5870609930,20260910,de,BA,business analyst,5,225,922
de-5870610068,20260910,de,DA,data analyst,2,54,302
de-5870610138,20260910,de,BA,business analyst,5,224,922
de-5870636941,20260910,de,BA,business analyst,5,223,922
de-5870673286,20260910,de,BA,business analyst,5,222,922
de-5870692683,20260910,de,DA,data analyst,2,53,302
de-5870692683,20260910,de,DA,datenanalyst,1,8,30
de-5870692692,20260910,de,BA,business analyst,5,221,922
de-5870692904,20260910,de,DA,data analyst,2,52,302
de-5870695330,20260910,de,DA,data analyst,2,51,302
de-5870751059,20260910,de,BA,business analyst,5,220,922
de-5870755630,20260910,de,BA,business analyst,5,219,922
de-5870764188,20260910,de,DA,datenanalyst,1,7,30
de-5870766278,20260910,de,BA,business analyst,5,218,922
de-5870800132,20260910,de,BA,business analyst,5,217,922
de-5870800132,20260910,de,DA,data analyst,1,50,302
de-5871008983,20260910,de,BA,business analyst,5,216,922
de-5871070053,20260910,de,DA,data analyst,1,49,302
de-5871120602,20260910,de,DA,data analyst,1,48,302
de-5871120602,20260910,de,DA,datenanalyst,1,6,30
de-5871135186,20260910,de,BA,business analyst,5,215,922
de-5871235380,20260910,de,BA,business analyst,5,214,922
de-5871265665,20260910,de,BA,business analyst,5,213,922
de-5871337708,20260910,de,DA,data analyst,1,47,302
de-5871367684,20260910,de,BA,business analyst,5,212,922
de-5871367727,20260910,de,BA,business analyst,5,211,922
de-5871403440,20260910,de,BA,business analyst,5,210,922
de-5871405313,20260910,de,BA,business analyst,5,209,922
de-5871407493,20260910,de,DA,data analyst,1,46,302
de-5871419093,20260910,de,BA,business analyst,5,208,922
de-5871420857,20260910,de,DA,data analyst,1,45,302
de-5871426380,20260910,de,DA,data analyst,1,44,302
de-5871509571,20260910,de,BA,business analyst,5,207,922
de-5871768323,20260910,de,DA,data analyst,1,43,302
de-5871983352,20260910,de,BA,business analyst,5,206,922
de-5872106832,20260910,de,BA,business analyst,5,205,922
de-5872119603,20260910,de,BA,business analyst,5,204,922
de-5872119603,20260910,de,BI,business intelligence analyst,1,5,14
de-5872128372,20260910,de,BA,business analyst,5,203,922
de-5872133269,20260910,de,BA,business analyst,5,202,922
de-5872133872,20260910,de,BA,business analyst,5,201,922
de-5872135025,20260910,de,BA,business analyst,4,200,922
de-5872141470,20260910,de,BA,business analyst,4,199,922
de-5872142852,20260910,de,BA,business analyst,4,198,922
de-5872143059,20260910,de,BA,business analyst,4,197,922
de-5872145888,20260910,de,BA,business analyst,4,196,922
de-5872157565,20260910,de,BA,business analyst,4,195,922
de-5872158455,20260910,de,BA,business analyst,4,194,922
de-5872158617,20260910,de,BA,business analyst,4,193,922
de-5872158981,20260910,de,BA,business analyst,4,192,922
de-5872159873,20260910,de,BA,business analyst,4,191,922
de-5872189453,20260910,de,DA,data analyst,1,42,302
de-5872196310,20260910,de,DA,data analyst,1,41,302
de-5872671396,20260910,de,BA,business analyst,4,190,922
de-5872711289,20260910,de,BA,business analyst,4,189,922
de-5872718161,20260910,de,BA,business analyst,4,188,922
de-5872836336,20260910,de,BA,business analyst,4,187,922
de-5872868991,20260910,de,BA,business analyst,4,182,922
de-5872869000,20260910,de,BA,business analyst,4,180,922
de-5872869002,20260910,de,BA,business analyst,4,179,922
de-5872869003,20260910,de,BA,business analyst,4,186,922
de-5872869023,20260910,de,BA,business analyst,4,181,922
de-5872869036,20260910,de,BA,business analyst,4,183,922
de-5872869040,20260910,de,BA,business analyst,4,185,922
de-5872869043,20260910,de,BA,business analyst,4,184,922
de-5872869055,20260910,de,BA,business analyst,4,176,922
de-5872869059,20260910,de,BA,business analyst,4,177,922
de-5872869064,20260910,de,BA,business analyst,4,178,922
de-5872869306,20260910,de,BA,business analyst,4,175,922
de-5872869315,20260910,de,BA,business analyst,4,173,922
de-5872869318,20260910,de,BA,business analyst,4,174,922
de-5872869319,20260910,de,BA,business analyst,4,172,922
de-5872869321,20260910,de,BA,business analyst,4,171,922
de-5872869322,20260910,de,DA,data analyst,1,39,302
de-5872869324,20260910,de,BA,business analyst,4,170,922
de-5872869325,20260910,de,BA,business analyst,4,168,922
de-5872869326,20260910,de,BA,business analyst,4,169,922
de-5872869343,20260910,de,DA,data analyst,1,40,302
de-5872869345,20260910,de,BA,business analyst,4,167,922
de-5872869345,20260910,de,DA,data analyst,1,38,302
de-5872960651,20260910,de,DA,datenanalyst,1,5,30
de-5873154482,20260910,de,BA,business analyst,4,166,922
de-5873208726,20260910,de,BA,business analyst,4,165,922
de-5873216272,20260910,de,BA,business analyst,4,164,922
de-5873219567,20260910,de,BI,BI analyst,1,4,21
de-5873634548,20260910,de,BA,business analyst,4,163,922
de-5873635208,20260910,de,BA,business analyst,4,162,922
de-5873635871,20260910,de,DA,datenanalyst,1,4,30
de-5873685422,20260910,de,DA,datenanalyst,1,3,30
de-5873693491,20260910,de,BA,business analyst,4,161,922
de-5873774782,20260910,de,BA,business analyst,4,160,922
de-5873883176,20260910,de,BA,business analyst,4,158,922
de-5873883183,20260910,de,BA,business analyst,4,159,922
de-5873883186,20260910,de,BA,business analyst,4,157,922
de-5873883245,20260910,de,DA,data analyst,1,37,302
de-5873890700,20260910,de,BA,business analyst,4,156,922
de-5873913366,20260910,de,BA,business analyst,4,155,922
de-5874059885,20260910,de,BA,business analyst,4,154,922
de-5874076520,20260910,de,BA,business analyst,4,153,922
de-5874132105,20260910,de,BA,business analyst,4,152,922
de-5874179170,20260910,de,BA,business analyst,4,151,922
de-5874180482,20260910,de,BA,business analyst,3,149,922
de-5874180500,20260910,de,BA,business analyst,3,150,922
de-5874180910,20260910,de,DA,data analyst,1,36,302
de-5874185176,20260910,de,BA,business analyst,3,148,922
de-5874188083,20260910,de,BA,business analyst,3,147,922
de-5874189820,20260910,de,BA,business analyst,3,146,922
de-5874196276,20260910,de,BA,business analyst,3,145,922
de-5874196401,20260910,de,BA,business analyst,3,144,922
de-5874196424,20260910,de,BA,business analyst,3,143,922
de-5874306062,20260910,de,BA,business analyst,3,142,922
de-5874367707,20260910,de,BA,business analyst,3,141,922
de-5874368305,20260910,de,BA,business analyst,3,140,922
de-5874369278,20260910,de,BA,business analyst,3,139,922
de-5875138197,20260910,de,BA,business analyst,3,137,922
de-5875138215,20260910,de,BA,business analyst,3,138,922
de-5875138234,20260910,de,BA,business analyst,3,136,922
de-5875147926,20260910,de,DA,datenanalyst,1,2,30
de-5875148561,20260910,de,BA,business analyst,3,135,922
de-5875150140,20260910,de,BA,business analyst,3,134,922
de-5875150496,20260910,de,BA,business analyst,3,133,922
de-5875162957,20260910,de,DA,data analyst,1,35,302
de-5875166021,20260910,de,BA,business analyst,3,132,922
de-5875167516,20260910,de,BA,business analyst,3,131,922
de-5875170019,20260910,de,BA,business analyst,3,130,922
de-5875170573,20260910,de,BA,business analyst,3,129,922
de-5875209008,20260910,de,DA,data analyst,1,34,302
de-5875270653,20260910,de,BA,business analyst,3,128,922
de-5875287821,20260910,de,DA,data analyst,1,33,302
de-5875381675,20260910,de,DA,data analyst,1,32,302
de-5875381683,20260910,de,DA,data analyst,1,30,302
de-5875381696,20260910,de,DA,data analyst,1,31,302
de-5875381698,20260910,de,BA,business analyst,3,127,922
de-5875381708,20260910,de,BA,business analyst,3,125,922
de-5875381714,20260910,de,BA,business analyst,3,126,922
de-5875381717,20260910,de,BA,business analyst,3,124,922
de-5875504554,20260910,de,BA,business analyst,3,123,922
de-5875504554,20260910,de,DA,data analyst,1,29,302
de-5875565825,20260910,de,DA,data analyst,1,28,302
de-5875662187,20260910,de,DA,data analyst,1,27,302
de-5875663654,20260910,de,DA,data analyst,1,26,302
de-5875663682,20260910,de,BI,BI analyst,1,3,21
de-5875663682,20260910,de,BA,business analyst,3,122,922
de-5875663682,20260910,de,BI,business intelligence analyst,1,4,14
de-5875663682,20260910,de,DA,data analyst,1,25,302
de-5875663912,20260910,de,DA,data analyst,1,24,302
de-5875664506,20260910,de,BA,business analyst,3,121,922
de-5875665035,20260910,de,BA,business analyst,3,120,922
de-5875669932,20260910,de,DA,data analyst,1,23,302
de-5875711732,20260910,de,DA,data analyst,1,22,302
de-5875726333,20260910,de,BA,business analyst,3,119,922
de-5875726648,20260910,de,DA,data analyst,1,21,302
de-5875729373,20260910,de,BA,business analyst,3,118,922
de-5875730775,20260910,de,BA,business analyst,3,117,922
de-5875731482,20260910,de,DA,data analyst,1,20,302
de-5875780925,20260910,de,BA,business analyst,3,116,922
de-5875780925,20260910,de,BI,business intelligence analyst,1,3,14
de-5875800361,20260910,de,BA,business analyst,3,115,922
de-5875838055,20260910,de,DA,data analyst,1,19,302
de-5875838068,20260910,de,BA,business analyst,3,114,922
de-5875838337,20260910,de,BA,business analyst,3,113,922
de-5875838976,20260910,de,DA,data analyst,1,18,302
de-5875839254,20260910,de,BA,business analyst,3,112,922
de-5876188389,20260910,de,BA,business analyst,3,111,922
de-5876189812,20260910,de,BA,business analyst,3,110,922
de-5876260836,20260910,de,DA,data analyst,1,17,302
de-5876260863,20260910,de,BA,business analyst,3,109,922
de-5876272025,20260910,de,BA,business analyst,3,108,922
de-5876411570,20260910,de,DA,data analyst,1,16,302
de-5876421208,20260910,de,BA,business analyst,3,107,922
de-5876547616,20260910,de,BA,business analyst,3,106,922
de-5876547620,20260910,de,BA,business analyst,3,105,922
de-5876547647,20260910,de,BA,business analyst,3,104,922
de-5876547682,20260910,de,BA,business analyst,3,103,922
de-5876547735,20260910,de,BA,business analyst,3,102,922
de-5876547930,20260910,de,BA,business analyst,3,101,922
de-5876551340,20260910,de,BI,BI analyst,1,2,21
de-5876551340,20260910,de,DA,data analyst,1,15,302
de-5876649043,20260910,de,DA,datenanalyst,1,1,30
de-5876709432,20260910,de,BA,business analyst,2,100,922
de-5876763767,20260910,de,BA,business analyst,2,99,922
de-5876791333,20260910,de,BA,business analyst,2,98,922
de-5876791419,20260910,de,BA,business analyst,2,95,922
de-5876791420,20260910,de,BA,business analyst,2,97,922
de-5876791421,20260910,de,BA,business analyst,2,96,922
de-5876791495,20260910,de,BA,business analyst,2,92,922
de-5876791498,20260910,de,BA,business analyst,2,91,922
de-5876791499,20260910,de,BA,business analyst,2,93,922
de-5876791502,20260910,de,BA,business analyst,2,94,922
de-5876791508,20260910,de,BA,business analyst,2,90,922
de-5876791509,20260910,de,BA,business analyst,2,89,922
de-5876791537,20260910,de,BA,business analyst,2,88,922
de-5876791555,20260910,de,BA,business analyst,2,87,922
de-5876791710,20260910,de,BA,business analyst,2,86,922
de-5876791735,20260910,de,BA,business analyst,2,85,922
de-5877007385,20260910,de,BA,business analyst,2,84,922
de-5877056155,20260910,de,DA,data analyst,1,14,302
de-5877056156,20260910,de,BA,business analyst,2,83,922
de-5877111662,20260910,de,BA,business analyst,2,82,922
de-5877111663,20260910,de,BA,business analyst,2,81,922
de-5877197369,20260910,de,DA,data analyst,1,13,302
de-5877198557,20260910,de,BA,business analyst,2,80,922
de-5877199000,20260910,de,DA,data analyst,1,12,302
de-5877200279,20260910,de,BA,business analyst,2,79,922
de-5877223261,20260910,de,BA,business analyst,2,78,922
de-5877276378,20260910,de,DA,data analyst,1,11,302
de-5877294642,20260910,de,BA,business analyst,2,77,922
de-5877294642,20260910,de,BI,business intelligence analyst,1,2,14
de-5877295773,20260910,de,BA,business analyst,2,76,922
de-5877303741,20260910,de,BA,business analyst,2,75,922
de-5877324902,20260910,de,BA,business analyst,2,74,922
de-5877327171,20260910,de,BA,business analyst,2,73,922
de-5877432271,20260910,de,BA,business analyst,2,72,922
de-5877432281,20260910,de,BA,business analyst,2,71,922
de-5877432514,20260910,de,DA,data analyst,1,10,302
de-5877433018,20260910,de,BA,business analyst,2,70,922
de-5877433081,20260910,de,BA,business analyst,2,69,922
de-5877433101,20260910,de,DA,data analyst,1,9,302
de-5877433451,20260910,de,BA,business analyst,2,68,922
de-5877523486,20260910,de,DA,data analyst,1,8,302
de-5877539673,20260910,de,DA,data analyst,1,7,302
de-5877636222,20260910,de,BA,business analyst,2,67,922
de-5877636222,20260910,de,BI,business intelligence analyst,1,1,14
de-5877689771,20260910,de,BA,business analyst,2,66,922
de-5877699573,20260910,de,BA,business analyst,2,65,922
de-5877699919,20260910,de,DA,data analyst,1,6,302
de-5877700406,20260910,de,BA,business analyst,2,64,922
de-5877717238,20260910,de,BA,business analyst,2,63,922
de-5877718096,20260910,de,DA,data analyst,1,5,302
de-5877724848,20260910,de,BA,business analyst,2,62,922
de-5877731540,20260910,de,BA,business analyst,2,61,922
de-5877732385,20260910,de,BA,business analyst,2,60,922
de-5877735038,20260910,de,BA,business analyst,2,59,922
de-5877743376,20260910,de,BA,business analyst,2,58,922
de-5877751963,20260910,de,BA,business analyst,2,57,922
de-5877754979,20260910,de,BA,business analyst,2,56,922
de-5877766211,20260910,de,BA,business analyst,2,55,922
de-5877766418,20260910,de,BA,business analyst,2,54,922
de-5877769316,20260910,de,BA,business analyst,2,53,922
de-5877769866,20260910,de,BA,business analyst,2,52,922
de-5877770422,20260910,de,BA,business analyst,2,51,922
de-5877783359,20260910,de,DA,data analyst,1,4,302
de-5877883000,20260910,de,DA,data analyst,1,3,302
de-5877893589,20260910,de,BA,business analyst,1,50,922
de-5877899155,20260910,de,BA,business analyst,1,49,922
de-5877900212,20260910,de,BA,business analyst,1,39,922
de-5877900227,20260910,de,BA,business analyst,1,37,922
de-5877900228,20260910,de,BA,business analyst,1,44,922
de-5877900234,20260910,de,BA,business analyst,1,42,922
de-5877900235,20260910,de,BA,business analyst,1,47,922
de-5877900239,20260910,de,BA,business analyst,1,33,922
de-5877900240,20260910,de,BA,business analyst,1,21,922
de-5877900248,20260910,de,BA,business analyst,1,40,922
de-5877900251,20260910,de,BA,business analyst,1,30,922
de-5877900252,20260910,de,BA,business analyst,1,26,922
de-5877900255,20260910,de,BA,business analyst,1,38,922
de-5877900260,20260910,de,BA,business analyst,1,29,922
de-5877900261,20260910,de,BA,business analyst,1,41,922
de-5877900262,20260910,de,BA,business analyst,1,48,922
de-5877900263,20260910,de,BA,business analyst,1,25,922
de-5877900265,20260910,de,BA,business analyst,1,23,922
de-5877900267,20260910,de,BA,business analyst,1,35,922
de-5877900271,20260910,de,BA,business analyst,1,43,922
de-5877900272,20260910,de,BA,business analyst,1,28,922
de-5877900274,20260910,de,BA,business analyst,1,31,922
de-5877900277,20260910,de,BA,business analyst,1,34,922
de-5877900278,20260910,de,BA,business analyst,1,27,922
de-5877900280,20260910,de,BA,business analyst,1,45,922
de-5877900282,20260910,de,BA,business analyst,1,24,922
de-5877900283,20260910,de,BA,business analyst,1,22,922
de-5877900284,20260910,de,BA,business analyst,1,46,922
de-5877900286,20260910,de,BA,business analyst,1,32,922
de-5877900289,20260910,de,BA,business analyst,1,36,922
de-5877900300,20260910,de,BA,business analyst,1,19,922
de-5877900312,20260910,de,BA,business analyst,1,20,922
de-5877900547,20260910,de,BA,business analyst,1,15,922
de-5877900573,20260910,de,BA,business analyst,1,18,922
de-5877900575,20260910,de,BA,business analyst,1,16,922
de-5877900591,20260910,de,BA,business analyst,1,17,922
de-5877900709,20260910,de,BA,business analyst,1,14,922
de-5877900781,20260910,de,BA,business analyst,1,13,922
de-5877902837,20260910,de,BA,business analyst,1,12,922
de-5878054516,20260910,de,BA,business analyst,1,11,922
de-5878054652,20260910,de,BA,business analyst,1,9,922
de-5878054664,20260910,de,BA,business analyst,1,10,922
de-5878065430,20260910,de,BA,business analyst,1,8,922
de-5878065945,20260910,de,BA,business analyst,1,7,922
de-5878066997,20260910,de,DA,data analyst,1,2,302
de-5878067951,20260910,de,BA,business analyst,1,6,922
de-5878151512,20260910,de,BA,business analyst,1,5,922
de-5878151515,20260910,de,BA,business analyst,1,3,922
de-5878151525,20260910,de,BA,business analyst,1,4,922
de-5878210223,20260910,de,BA,business analyst,1,2,922
de-5878359376,20260910,de,BI,BI analyst,1,1,21
de-5878359376,20260910,de,DA,data analyst,1,1,302
de-5878377217,20260910,de,BA,business analyst,1,1,922
es-3913351514,20260910,es,BA,business analyst,4,187,187
es-4338872287,20260910,es,DA,analista de datos,1,33,33
es-4844318797,20260910,es,DA,analista de datos,1,32,33
es-5053523221,20260910,es,DA,data analyst,5,231,231
es-5062368554,20260910,es,DA,data analyst,5,230,231
es-5414439868,20260910,es,BA,business analyst,4,186,187
es-5443261819,20260910,es,DA,data analyst,5,229,231
es-5448239326,20260910,es,BA,business analyst,4,185,187
es-5454305538,20260910,es,DA,data analyst,5,228,231
es-5455470367,20260910,es,DA,data analyst,5,227,231
es-5475582558,20260910,es,BA,business analyst,4,184,187
es-5486939001,20260910,es,BI,BI analyst,1,13,13
es-5486939001,20260910,es,DA,data analyst,5,226,231
es-5488503517,20260910,es,BA,business analyst,4,183,187
es-5542436881,20260910,es,BA,business analyst,4,182,187
es-5549132895,20260910,es,DA,data analyst,5,225,231
es-5552905057,20260910,es,DA,data analyst,5,224,231
es-5556867176,20260910,es,DA,data analyst,5,223,231
es-5584479066,20260910,es,DA,data analyst,5,222,231
es-5584544401,20260910,es,DA,data analyst,5,221,231
es-5602338439,20260910,es,DA,data analyst,5,220,231
es-5605372024,20260910,es,BA,business analyst,4,181,187
es-5638566356,20260910,es,DA,analista de datos,1,31,33
es-5642703201,20260910,es,BA,business analyst,4,179,187
es-5642703202,20260910,es,BA,business analyst,4,180,187
es-5646338521,20260910,es,DA,data analyst,5,219,231
es-5660680567,20260910,es,DA,data analyst,5,218,231
es-5660680575,20260910,es,BA,business analyst,4,178,187
es-5661996002,20260910,es,BA,business analyst,4,177,187
es-5664289290,20260910,es,BA,business analyst,4,176,187
es-5668783933,20260910,es,DA,data analyst,5,217,231
es-5673565699,20260910,es,DA,data analyst,5,216,231
es-5673565897,20260910,es,DA,data analyst,5,215,231
es-5681713155,20260910,es,DA,data analyst,5,214,231
es-5683448359,20260910,es,DA,data analyst,5,213,231
es-5686363415,20260910,es,BA,business analyst,4,175,187
es-5687747590,20260910,es,DA,data analyst,5,212,231
es-5691444053,20260910,es,BI,analista BI,1,8,8
es-5693810934,20260910,es,BA,business analyst,4,174,187
es-5698322475,20260910,es,DA,data analyst,5,211,231
es-5698322731,20260910,es,BA,business analyst,4,173,187
es-5702619332,20260910,es,DA,data analyst,5,210,231
es-5705383100,20260910,es,BA,business analyst,4,172,187
es-5708767888,20260910,es,DA,data analyst,5,209,231
es-5713960479,20260910,es,DA,data analyst,5,208,231
es-5714273777,20260910,es,DA,data analyst,5,207,231
es-5716635479,20260910,es,BA,business analyst,4,171,187
es-5716635479,20260910,es,BI,business intelligence analyst,1,4,4
es-5716635479,20260910,es,DA,data analyst,5,206,231
es-5718777969,20260910,es,BA,business analyst,4,170,187
es-5718777969,20260910,es,DA,data analyst,5,205,231
es-5724647242,20260910,es,DA,data analyst,5,204,231
es-5724649232,20260910,es,DA,data analyst,5,203,231
es-5727385101,20260910,es,BA,analista de negocio,1,9,9
es-5727390046,20260910,es,BA,business analyst,4,169,187
es-5727681262,20260910,es,BI,BI analyst,1,12,13
es-5727681262,20260910,es,DA,data analyst,5,202,231
es-5727802231,20260910,es,DA,analista de datos,1,30,33
es-5728541860,20260910,es,BA,business analyst,4,168,187
es-5728543636,20260910,es,DA,data analyst,5,201,231
es-5729388183,20260910,es,DA,data analyst,4,200,231
es-5729388186,20260910,es,BA,business analyst,4,167,187
es-5733359643,20260910,es,BA,business analyst,4,166,187
es-5733359703,20260910,es,BA,business analyst,4,165,187
es-5741905961,20260910,es,DA,data analyst,4,199,231
es-5742532966,20260910,es,BA,business analyst,4,164,187
es-5743996351,20260910,es,DA,data analyst,4,198,231
es-5745004276,20260910,es,DA,data analyst,4,197,231
es-5748434539,20260910,es,DA,data analyst,4,196,231
es-5749558087,20260910,es,DA,data analyst,4,195,231
es-5749589355,20260910,es,BI,analista BI,1,7,8
es-5751211477,20260910,es,DA,data analyst,4,194,231
es-5751245740,20260910,es,DA,data analyst,4,193,231
es-5752846256,20260910,es,DA,data analyst,4,192,231
es-5752881648,20260910,es,BA,business analyst,4,162,187
es-5752881656,20260910,es,BA,business analyst,4,163,187
es-5752881669,20260910,es,DA,analista de datos,1,29,33
es-5753696198,20260910,es,DA,data analyst,4,191,231
es-5755773975,20260910,es,BI,BI analyst,1,11,13
es-5756959457,20260910,es,BA,business analyst,4,161,187
es-5756959460,20260910,es,BA,business analyst,4,160,187
es-5757435367,20260910,es,DA,data analyst,4,190,231
es-5757544454,20260910,es,DA,data analyst,4,189,231
es-5759182288,20260910,es,DA,data analyst,4,188,231
es-5759700087,20260910,es,BA,business analyst,4,159,187
es-5761078609,20260910,es,DA,data analyst,4,187,231
es-5761078622,20260910,es,BA,business analyst,4,158,187
es-5761853071,20260910,es,BA,business analyst,4,157,187
es-5763015185,20260910,es,BA,business analyst,4,156,187
es-5764608267,20260910,es,BA,business analyst,4,155,187
es-5768404746,20260910,es,DA,data analyst,4,186,231
es-5769095161,20260910,es,DA,analista de datos,1,28,33
es-5769095161,20260910,es,DA,data analyst,4,185,231
es-5769095240,20260910,es,BA,analista de negocio,1,8,9
es-5769205031,20260910,es,BA,business analyst,4,154,187
es-5770246172,20260910,es,BA,business analyst,4,153,187
es-5772050322,20260910,es,BA,business analyst,4,152,187
es-5772801320,20260910,es,BA,business analyst,4,151,187
es-5772801320,20260910,es,DA,data analyst,4,184,231
es-5772822358,20260910,es,DA,data analyst,4,183,231
es-5772841708,20260910,es,DA,data analyst,4,182,231
es-5773204123,20260910,es,DA,data analyst,4,181,231
es-5775499094,20260910,es,BA,business analyst,3,150,187
es-5775801242,20260910,es,BA,business analyst,3,149,187
es-5775849278,20260910,es,BA,business analyst,3,148,187
es-5775903592,20260910,es,BA,business analyst,3,147,187
es-5776910376,20260910,es,BA,business analyst,3,146,187
es-5777371432,20260910,es,BI,analista BI,1,6,8
es-5777371432,20260910,es,DA,analista de datos,1,27,33
es-5777371435,20260910,es,DA,analista de datos,1,26,33
es-5777371447,20260910,es,BA,business analyst,3,145,187
es-5777582600,20260910,es,DA,data analyst,4,180,231
es-5778317579,20260910,es,BA,business analyst,3,144,187
es-5779525202,20260910,es,DA,data analyst,4,179,231
es-5779525298,20260910,es,DA,analista de datos,1,25,33
es-5779542422,20260910,es,BA,business analyst,3,143,187
es-5781090243,20260910,es,DA,data analyst,4,178,231
es-5781890023,20260910,es,BI,BI analyst,1,10,13
es-5782656178,20260910,es,DA,data analyst,4,177,231
es-5784531003,20260910,es,DA,data analyst,4,176,231
es-5787322539,20260910,es,DA,data analyst,4,175,231
es-5788548819,20260910,es,BA,business analyst,3,142,187
es-5788549885,20260910,es,BA,business analyst,3,141,187
es-5788550130,20260910,es,DA,data analyst,4,174,231
es-5788551290,20260910,es,BA,business analyst,3,140,187
es-5789442565,20260910,es,BA,business analyst,3,139,187
es-5790240184,20260910,es,DA,analista de datos,1,24,33
es-5790240230,20260910,es,BI,BI analyst,1,9,13
es-5790240230,20260910,es,BA,business analyst,3,138,187
es-5790664903,20260910,es,BA,business analyst,3,137,187
es-5790664925,20260910,es,BI,BI analyst,1,8,13
es-5790664925,20260910,es,DA,data analyst,4,173,231
es-5795133088,20260910,es,BA,business analyst,3,136,187
es-5795188847,20260910,es,BA,business analyst,3,135,187
es-5795188848,20260910,es,DA,data analyst,4,172,231
es-5795188858,20260910,es,DA,analista de datos,1,23,33
es-5795188874,20260910,es,BA,business analyst,3,134,187
es-5796275001,20260910,es,BA,business analyst,3,133,187
es-5796276181,20260910,es,DA,data analyst,4,171,231
es-5798345034,20260910,es,DA,data analyst,4,170,231
es-5798605394,20260910,es,DA,data analyst,4,169,231
es-5801923689,20260910,es,DA,data analyst,4,168,231
es-5801930193,20260910,es,DA,data analyst,4,167,231
es-5802304797,20260910,es,BA,business analyst,3,132,187
es-5802390840,20260910,es,DA,data analyst,4,166,231
es-5802409104,20260910,es,BI,BI analyst,1,7,13
es-5802409104,20260910,es,DA,data analyst,4,165,231
es-5804499903,20260910,es,BA,business analyst,3,130,187
es-5804499903,20260910,es,DA,data analyst,4,161,231
es-5804499904,20260910,es,DA,data analyst,4,163,231
es-5804499906,20260910,es,DA,data analyst,4,162,231
es-5804499911,20260910,es,BA,business analyst,3,131,187
es-5804499912,20260910,es,DA,data analyst,4,164,231
es-5804499919,20260910,es,DA,data analyst,4,160,231
es-5804499920,20260910,es,BA,business analyst,3,128,187
es-5804499921,20260910,es,BA,business analyst,3,129,187
es-5805256753,20260910,es,DA,data analyst,4,159,231
es-5805466910,20260910,es,DA,data analyst,4,158,231
es-5805845515,20260910,es,BA,business analyst,3,127,187
es-5805845815,20260910,es,BA,business analyst,3,126,187
es-5805910251,20260910,es,DA,data analyst,4,157,231
es-5806611926,20260910,es,BA,business analyst,3,125,187
es-5806932448,20260910,es,BA,business analyst,3,124,187
es-5807567705,20260910,es,DA,analista de datos,1,22,33
es-5807567789,20260910,es,BA,business analyst,3,123,187
es-5807568221,20260910,es,BA,business analyst,3,122,187
es-5807568381,20260910,es,DA,data analyst,4,156,231
es-5808917016,20260910,es,DA,data analyst,4,155,231
es-5809366771,20260910,es,BA,business analyst,3,121,187
es-5811212058,20260910,es,BA,business analyst,3,120,187
es-5811218534,20260910,es,DA,data analyst,4,154,231
es-5811519298,20260910,es,DA,analista de datos,1,21,33
es-5811519595,20260910,es,DA,data analyst,4,153,231
es-5811523003,20260910,es,DA,data analyst,4,152,231
es-5811523768,20260910,es,BA,business analyst,3,119,187
es-5812739545,20260910,es,BA,business analyst,3,118,187
es-5812975128,20260910,es,BA,business analyst,3,117,187
es-5813471620,20260910,es,BA,business analyst,3,116,187
es-5813471622,20260910,es,BA,business analyst,3,115,187
es-5814612643,20260910,es,DA,data analyst,4,151,231
es-5814614706,20260910,es,DA,data analyst,3,150,231
es-5815003253,20260910,es,BA,business analyst,3,114,187
es-5815067896,20260910,es,DA,data analyst,3,149,231
es-5815897769,20260910,es,BA,business analyst,3,113,187
es-5815899015,20260910,es,DA,data analyst,3,148,231
es-5816882064,20260910,es,DA,data analyst,3,147,231
es-5816886466,20260910,es,DA,data analyst,3,146,231
es-5816887070,20260910,es,DA,data analyst,3,145,231
es-5816888575,20260910,es,DA,analista de datos,1,20,33
es-5816888575,20260910,es,BA,analista de negocio,1,7,9
es-5816889149,20260910,es,DA,data analyst,3,144,231
es-5817668350,20260910,es,DA,data analyst,3,143,231
es-5818054313,20260910,es,DA,analista de datos,1,19,33
es-5819155335,20260910,es,BA,business analyst,3,112,187
es-5819525301,20260910,es,BA,business analyst,3,111,187
es-5819735866,20260910,es,BA,business analyst,3,110,187
es-5820880710,20260910,es,DA,data analyst,3,142,231
es-5821484196,20260910,es,BA,business analyst,3,109,187
es-5822105505,20260910,es,DA,analista de datos,1,18,33
es-5822105512,20260910,es,BA,business analyst,3,108,187
es-5822105517,20260910,es,DA,data analyst,3,141,231
es-5822105536,20260910,es,BI,analista BI,1,5,8
es-5822127039,20260910,es,BA,business analyst,3,107,187
es-5822127039,20260910,es,DA,data analyst,3,140,231
es-5822127739,20260910,es,DA,data analyst,3,139,231
es-5822582301,20260910,es,DA,data analyst,3,138,231
es-5823528096,20260910,es,BA,business analyst,3,106,187
es-5823530887,20260910,es,BA,business analyst,3,105,187
es-5825429896,20260910,es,BA,business analyst,3,104,187
es-5825429896,20260910,es,BI,business intelligence analyst,1,3,4
es-5826399292,20260910,es,DA,analista de datos,1,17,33
es-5826930088,20260910,es,BA,business analyst,3,102,187
es-5826930123,20260910,es,BA,business analyst,3,103,187
es-5827420415,20260910,es,BA,business analyst,3,101,187
es-5827484280,20260910,es,BA,analista de negocio,1,6,9
es-5827489363,20260910,es,BA,business analyst,2,100,187
es-5828841183,20260910,es,DA,data analyst,3,137,231
es-5828841240,20260910,es,DA,data analyst,3,136,231
es-5829212079,20260910,es,DA,data analyst,3,135,231
es-5830168260,20260910,es,BA,business analyst,2,99,187
es-5831007196,20260910,es,DA,data analyst,3,134,231
es-5831622821,20260910,es,BA,business analyst,2,98,187
es-5831663786,20260910,es,DA,data analyst,3,131,231
es-5831663787,20260910,es,DA,data analyst,3,132,231
es-5831663790,20260910,es,DA,data analyst,3,133,231
es-5831663808,20260910,es,BA,analista de negocio,1,5,9
es-5831947917,20260910,es,BI,BI analyst,1,6,13
es-5831947917,20260910,es,BA,business analyst,2,97,187
es-5831947917,20260910,es,DA,data analyst,3,130,231
es-5831947933,20260910,es,DA,data analyst,3,129,231
es-5832297089,20260910,es,DA,data analyst,3,128,231
es-5833078922,20260910,es,BA,business analyst,2,96,187
es-5833173127,20260910,es,BI,analista BI,1,4,8
es-5833175641,20260910,es,DA,data analyst,3,127,231
es-5833175918,20260910,es,DA,data analyst,3,126,231
es-5833179581,20260910,es,DA,data analyst,3,125,231
es-5833180127,20260910,es,BA,business analyst,2,95,187
es-5833180196,20260910,es,DA,data analyst,3,124,231
es-5833183483,20260910,es,DA,data analyst,3,123,231
es-5834448734,20260910,es,BA,business analyst,2,94,187
es-5834449339,20260910,es,BA,business analyst,2,93,187
es-5834450385,20260910,es,BI,BI analyst,1,5,13
es-5834452055,20260910,es,DA,data analyst,3,122,231
es-5834452112,20260910,es,BA,analista de negocio,1,4,9
es-5835351026,20260910,es,BA,business analyst,2,92,187
es-5835351268,20260910,es,DA,data analyst,3,121,231
es-5835846461,20260910,es,BA,business analyst,2,91,187
es-5836460035,20260910,es,DA,data analyst,3,120,231
es-5837896345,20260910,es,DA,data analyst,3,119,231
es-5838199216,20260910,es,BA,business analyst,2,90,187
es-5840002498,20260910,es,BA,business analyst,2,89,187
es-5840003172,20260910,es,DA,analista de datos,1,16,33
es-5840004496,20260910,es,BA,business analyst,2,88,187
es-5840008267,20260910,es,BA,business analyst,2,87,187
es-5840008880,20260910,es,DA,data analyst,3,118,231
es-5841410469,20260910,es,BA,business analyst,2,86,187
es-5841477025,20260910,es,DA,analista de datos,1,13,33
es-5841477028,20260910,es,DA,analista de datos,1,14,33
es-5841477029,20260910,es,DA,data analyst,3,117,231
es-5841477041,20260910,es,DA,analista de datos,1,15,33
es-5841481504,20260910,es,BA,business analyst,2,85,187
es-5841483165,20260910,es,BA,business analyst,2,84,187
es-5841483670,20260910,es,BA,business analyst,2,83,187
es-5842845523,20260910,es,DA,data analyst,3,116,231
es-5842845776,20260910,es,DA,data analyst,3,115,231
es-5842845804,20260910,es,DA,data analyst,3,114,231
es-5842846465,20260910,es,DA,data analyst,3,112,231
es-5842846466,20260910,es,DA,data analyst,3,113,231
es-5842846655,20260910,es,DA,data analyst,3,111,231
es-5844045073,20260910,es,DA,data analyst,3,110,231
es-5845483674,20260910,es,DA,data analyst,3,109,231
es-5845483714,20260910,es,BA,business analyst,2,82,187
es-5846288432,20260910,es,BA,business analyst,2,81,187
es-5846295281,20260910,es,BI,analista BI,1,3,8
es-5846566085,20260910,es,BA,business analyst,2,80,187
es-5846566085,20260910,es,DA,data analyst,3,108,231
es-5846769007,20260910,es,BA,business analyst,2,79,187
es-5847858891,20260910,es,BA,business analyst,2,78,187
es-5847858891,20260910,es,DA,data analyst,3,107,231
es-5847928313,20260910,es,BA,business analyst,2,77,187
es-5847928313,20260910,es,DA,data analyst,3,106,231
es-5848696994,20260910,es,BI,analista BI,1,2,8
es-5849364519,20260910,es,BA,business analyst,2,76,187
es-5849618350,20260910,es,BA,business analyst,2,75,187
es-5849618350,20260910,es,DA,data analyst,3,105,231
es-5849713446,20260910,es,DA,data analyst,3,104,231
es-5850719036,20260910,es,BA,business analyst,2,74,187
es-5850719037,20260910,es,DA,analista de datos,1,11,33
es-5850719041,20260910,es,DA,analista de datos,1,12,33
es-5852180548,20260910,es,BA,business analyst,2,73,187
es-5852211253,20260910,es,DA,data analyst,3,103,231
es-5852212327,20260910,es,DA,data analyst,3,102,231
es-5853440777,20260910,es,DA,data analyst,3,101,231
es-5853440938,20260910,es,BA,business analyst,2,72,187
es-5853441056,20260910,es,BA,analista de negocio,1,3,9
es-5853441347,20260910,es,DA,data analyst,2,100,231
es-5853441702,20260910,es,DA,data analyst,2,99,231
es-5854610741,20260910,es,BA,business analyst,2,71,187
es-5854612154,20260910,es,DA,data analyst,2,98,231
es-5855789317,20260910,es,BA,business analyst,2,70,187
es-5855789317,20260910,es,BI,business intelligence analyst,1,2,4
es-5855789317,20260910,es,DA,data analyst,2,97,231
es-5856423548,20260910,es,BI,BI analyst,1,4,13
es-5856423548,20260910,es,DA,data analyst,2,96,231
es-5857251291,20260910,es,BA,business analyst,2,69,187
es-5857251293,20260910,es,BA,business analyst,2,68,187
es-5857298502,20260910,es,DA,data analyst,2,95,231
es-5857315544,20260910,es,BA,business analyst,2,67,187
es-5858021855,20260910,es,BA,business analyst,2,66,187
es-5858022178,20260910,es,BA,business analyst,2,65,187
es-5858113036,20260910,es,BA,business analyst,2,64,187
es-5859470325,20260910,es,BI,analista BI,1,1,8
es-5859470325,20260910,es,DA,analista de datos,1,10,33
es-5859470328,20260910,es,BA,business analyst,2,63,187
es-5859470330,20260910,es,DA,analista de datos,1,9,33
es-5859486123,20260910,es,DA,data analyst,2,94,231
es-5860792312,20260910,es,DA,data analyst,2,93,231
es-5860793667,20260910,es,BA,business analyst,2,62,187
es-5860876076,20260910,es,BA,business analyst,2,61,187
es-5860876260,20260910,es,BA,business analyst,2,60,187
es-5860876510,20260910,es,BA,business analyst,2,59,187
es-5860876693,20260910,es,BA,business analyst,2,58,187
es-5860876702,20260910,es,BA,business analyst,2,57,187
es-5860876784,20260910,es,DA,data analyst,2,92,231
es-5860876791,20260910,es,DA,data analyst,2,91,231
es-5860877226,20260910,es,BA,business analyst,2,56,187
es-5861953952,20260910,es,DA,data analyst,2,90,231
es-5862004925,20260910,es,BA,business analyst,2,55,187
es-5862803275,20260910,es,DA,data analyst,2,89,231
es-5863094494,20260910,es,DA,data analyst,2,88,231
es-5863165497,20260910,es,BA,business analyst,2,54,187
es-5863165538,20260910,es,DA,data analyst,2,87,231
es-5863173131,20260910,es,BA,business analyst,2,53,187
es-5863174231,20260910,es,DA,data analyst,2,86,231
es-5864029874,20260910,es,BA,business analyst,2,51,187
es-5864029875,20260910,es,BA,business analyst,2,52,187
es-5865208293,20260910,es,BA,business analyst,1,50,187
es-5866597031,20260910,es,BA,business analyst,1,49,187
es-5866702428,20260910,es,BA,business analyst,1,48,187
es-5866704344,20260910,es,BA,business analyst,1,47,187
es-5866754797,20260910,es,DA,analista de datos,1,8,33
es-5868522660,20260910,es,DA,data analyst,2,85,231
es-5868522682,20260910,es,BA,business analyst,1,46,187
es-5868523115,20260910,es,DA,data analyst,2,84,231
es-5868523147,20260910,es,BA,business analyst,1,45,187
es-5868523535,20260910,es,DA,data analyst,2,83,231
es-5868523889,20260910,es,BA,business analyst,1,44,187
es-5868523893,20260910,es,DA,data analyst,2,82,231
es-5868545064,20260910,es,BA,business analyst,1,43,187
es-5869620929,20260910,es,DA,data analyst,2,81,231
es-5869800024,20260910,es,DA,data analyst,2,80,231
es-5870124651,20260910,es,DA,data analyst,2,79,231
es-5870124759,20260910,es,BA,business analyst,1,42,187
es-5870227666,20260910,es,DA,analista de datos,1,7,33
es-5870227709,20260910,es,BA,business analyst,1,41,187
es-5870237059,20260910,es,DA,data analyst,2,78,231
es-5870237775,20260910,es,BA,analista de negocio,1,2,9
es-5870238152,20260910,es,BA,business analyst,1,40,187
es-5870238555,20260910,es,BA,business analyst,1,39,187
es-5870238555,20260910,es,DA,data analyst,2,77,231
es-5870238699,20260910,es,DA,data analyst,2,76,231
es-5870239214,20260910,es,DA,data analyst,2,75,231
es-5870239690,20260910,es,DA,data analyst,2,74,231
es-5870239815,20260910,es,BA,business analyst,1,38,187
es-5870460714,20260910,es,DA,analista de datos,1,6,33
es-5870528418,20260910,es,BI,BI analyst,1,3,13
es-5871535959,20260910,es,DA,data analyst,2,73,231
es-5871672539,20260910,es,BA,business analyst,1,37,187
es-5871678935,20260910,es,DA,data analyst,2,72,231
es-5871919099,20260910,es,DA,data analyst,2,71,231
es-5872877960,20260910,es,DA,data analyst,2,70,231
es-5872878044,20260910,es,DA,data analyst,2,69,231
es-5872878492,20260910,es,BA,business analyst,1,36,187
es-5872878705,20260910,es,BA,business analyst,1,35,187
es-5872878843,20260910,es,BI,BI analyst,1,2,13
es-5872878993,20260910,es,DA,data analyst,2,68,231
es-5873570987,20260910,es,DA,data analyst,2,67,231
es-5873575633,20260910,es,BA,business analyst,1,34,187
es-5873772242,20260910,es,DA,data analyst,2,65,231
es-5873772243,20260910,es,DA,data analyst,2,66,231
es-5873887845,20260910,es,DA,data analyst,2,64,231
es-5874806009,20260910,es,DA,data analyst,2,63,231
es-5874806079,20260910,es,DA,data analyst,2,62,231
es-5874806166,20260910,es,BA,business analyst,1,33,187
es-5874806166,20260910,es,DA,data analyst,2,61,231
es-5874806172,20260910,es,DA,data analyst,2,60,231
es-5874806402,20260910,es,DA,data analyst,2,59,231
es-5874806437,20260910,es,DA,data analyst,2,58,231
es-5874806545,20260910,es,DA,data analyst,2,57,231
es-5874806587,20260910,es,BA,business analyst,1,32,187
es-5874806638,20260910,es,DA,data analyst,2,56,231
es-5874806669,20260910,es,DA,data analyst,2,54,231
es-5874806733,20260910,es,DA,data analyst,2,55,231
es-5874806836,20260910,es,DA,data analyst,2,53,231
es-5874806977,20260910,es,DA,data analyst,2,52,231
es-5874807052,20260910,es,DA,data analyst,1,50,231
es-5874807109,20260910,es,DA,data analyst,2,51,231
es-5874807266,20260910,es,BA,business analyst,1,31,187
es-5874807532,20260910,es,DA,data analyst,1,49,231
es-5874807545,20260910,es,BA,business analyst,1,30,187
es-5874807564,20260910,es,BA,business analyst,1,29,187
es-5874807643,20260910,es,DA,data analyst,1,48,231
es-5874807916,20260910,es,BA,business analyst,1,28,187
es-5874808033,20260910,es,DA,data analyst,1,47,231
es-5874808253,20260910,es,BA,business analyst,1,27,187
es-5874808454,20260910,es,DA,data analyst,1,46,231
es-5874808534,20260910,es,DA,data analyst,1,45,231
es-5874808699,20260910,es,BA,business analyst,1,26,187
es-5874808931,20260910,es,DA,analista de datos,1,5,33
es-5874808965,20260910,es,DA,data analyst,1,44,231
es-5874809155,20260910,es,BA,business analyst,1,25,187
es-5874809200,20260910,es,DA,data analyst,1,43,231
es-5874809294,20260910,es,DA,data analyst,1,42,231
es-5874809421,20260910,es,BA,business analyst,1,24,187
es-5874809515,20260910,es,DA,data analyst,1,41,231
es-5874809583,20260910,es,DA,data analyst,1,40,231
es-5874810146,20260910,es,DA,data analyst,1,39,231
es-5874810242,20260910,es,BA,business analyst,1,23,187
es-5874810247,20260910,es,BA,business analyst,1,22,187
es-5874810319,20260910,es,DA,data analyst,1,38,231
es-5874810372,20260910,es,BA,business analyst,1,21,187
es-5874810517,20260910,es,DA,data analyst,1,37,231
es-5874810718,20260910,es,DA,data analyst,1,36,231
es-5874810879,20260910,es,DA,data analyst,1,35,231
es-5874811025,20260910,es,DA,data analyst,1,34,231
es-5874811242,20260910,es,DA,data analyst,1,33,231
es-5874811427,20260910,es,BA,business analyst,1,20,187
es-5874811508,20260910,es,DA,data analyst,1,32,231
es-5875309248,20260910,es,BA,business analyst,1,19,187
es-5875309248,20260910,es,BI,business intelligence analyst,1,1,4
es-5875390407,20260910,es,DA,data analyst,1,31,231
es-5875390813,20260910,es,DA,data analyst,1,30,231
es-5875390924,20260910,es,BA,business analyst,1,18,187
es-5875544018,20260910,es,DA,data analyst,1,29,231
es-5875686919,20260910,es,DA,analista de datos,1,4,33
es-5876170569,20260910,es,BI,BI analyst,1,1,13
es-5876170569,20260910,es,DA,data analyst,1,27,231
es-5876170578,20260910,es,DA,data analyst,1,28,231
es-5876171202,20260910,es,DA,data analyst,1,26,231
es-5876171794,20260910,es,DA,data analyst,1,25,231
es-5876172919,20260910,es,DA,data analyst,1,24,231
es-5876173589,20260910,es,DA,data analyst,1,23,231
es-5876175211,20260910,es,DA,data analyst,1,22,231
es-5876175275,20260910,es,BA,business analyst,1,17,187
es-5876175523,20260910,es,DA,data analyst,1,21,231
es-5876175985,20260910,es,DA,data analyst,1,20,231
es-5876176151,20260910,es,BA,business analyst,1,16,187
es-5876177174,20260910,es,DA,data analyst,1,19,231
es-5876177207,20260910,es,BA,business analyst,1,15,187
es-5876177650,20260910,es,DA,data analyst,1,18,231
es-5876178071,20260910,es,BA,business analyst,1,14,187
es-5876178071,20260910,es,DA,data analyst,1,17,231
es-5876178135,20260910,es,BA,business analyst,1,13,187
es-5876179238,20260910,es,BA,business analyst,1,12,187
es-5876179928,20260910,es,DA,data analyst,1,16,231
es-5876467378,20260910,es,DA,data analyst,1,15,231
es-5876467491,20260910,es,BA,business analyst,1,11,187
es-5876468001,20260910,es,BA,business analyst,1,10,187
es-5876468020,20260910,es,BA,analista de negocio,1,1,9
es-5876468480,20260910,es,BA,business analyst,1,9,187
es-5876468933,20260910,es,DA,analista de datos,1,3,33
es-5876469149,20260910,es,DA,data analyst,1,14,231
es-5876469533,20260910,es,BA,business analyst,1,8,187
es-5876664519,20260910,es,BA,business analyst,1,7,187
es-5876664519,20260910,es,DA,data analyst,1,13,231
es-5876796865,20260910,es,BA,business analyst,1,6,187
es-5876796865,20260910,es,DA,data analyst,1,12,231
es-5876797202,20260910,es,DA,data analyst,1,11,231
es-5876797366,20260910,es,BA,business analyst,1,5,187
es-5876797882,20260910,es,BA,business analyst,1,4,187
es-5876797882,20260910,es,DA,data analyst,1,10,231
es-5876877479,20260910,es,DA,data analyst,1,9,231
es-5877134293,20260910,es,DA,data analyst,1,8,231
es-5877619354,20260910,es,DA,data analyst,1,7,231
es-5877619364,20260910,es,BA,business analyst,1,3,187
es-5877835398,20260910,es,DA,analista de datos,1,2,33
es-5877835427,20260910,es,DA,data analyst,1,6,231
es-5877835431,20260910,es,DA,analista de datos,1,1,33
es-5877835431,20260910,es,DA,data analyst,1,5,231
es-5878063256,20260910,es,DA,data analyst,1,4,231
es-5878063393,20260910,es,BA,business analyst,1,2,187
es-5878063394,20260910,es,BA,business analyst,1,1,187
es-5878063508,20260910,es,DA,data analyst,1,2,231
es-5878063509,20260910,es,DA,data analyst,1,3,231
es-5878157614,20260910,es,DA,data analyst,1,1,231
gb-5210480123,20260910,gb,BI,BI analyst,1,45,45
gb-5663621960,20260910,gb,BI,business intelligence analyst,1,38,38
gb-5748978694,20260910,gb,BI,BI analyst,1,44,45
gb-5761909402,20260910,gb,BI,business intelligence analyst,1,37,38
gb-5780349070,20260910,gb,BI,business intelligence analyst,1,36,38
gb-5794840082,20260910,gb,BI,business intelligence analyst,1,35,38
gb-5795609519,20260910,gb,BI,BI analyst,1,43,45
gb-5802870387,20260910,gb,BI,BI analyst,1,42,45
gb-5810688125,20260910,gb,BI,business intelligence analyst,1,34,38
gb-5812625608,20260910,gb,BI,business intelligence analyst,1,33,38
gb-5814771693,20260910,gb,BI,BI analyst,1,41,45
gb-5816502339,20260910,gb,BI,business intelligence analyst,1,32,38
gb-5816506157,20260910,gb,BI,business intelligence analyst,1,31,38
gb-5827485642,20260910,gb,BI,BI analyst,1,40,45
gb-5828022787,20260910,gb,BI,BI analyst,1,39,45
gb-5828402671,20260910,gb,BI,BI analyst,1,38,45
gb-5829818220,20260910,gb,BI,business intelligence analyst,1,30,38
gb-5835737479,20260910,gb,BI,business intelligence analyst,1,29,38
gb-5838730541,20260910,gb,BI,business intelligence analyst,1,28,38
gb-5839572817,20260910,gb,BI,business intelligence analyst,1,27,38
gb-5840649326,20260910,gb,BI,BI analyst,1,37,45
gb-5843072790,20260910,gb,BI,BI analyst,1,36,45
gb-5845658880,20260910,gb,BI,business intelligence analyst,1,26,38
gb-5846046384,20260910,gb,BI,BI analyst,1,35,45
gb-5847255298,20260910,gb,BI,BI analyst,1,34,45
gb-5852576301,20260910,gb,BI,business intelligence analyst,1,25,38
gb-5852581991,20260910,gb,BI,BI analyst,1,33,45
gb-5854310824,20260910,gb,BI,BI analyst,1,32,45
gb-5854951538,20260910,gb,BI,business intelligence analyst,1,24,38
gb-5855328200,20260910,gb,BI,BI analyst,1,31,45
gb-5855373744,20260910,gb,BI,BI analyst,1,30,45
gb-5855373969,20260910,gb,BI,business intelligence analyst,1,23,38
gb-5855373983,20260910,gb,BI,BI analyst,1,29,45
gb-5855377743,20260910,gb,BI,BI analyst,1,28,45
gb-5855716317,20260910,gb,BI,BI analyst,1,27,45
gb-5857174948,20260910,gb,BI,business intelligence analyst,1,22,38
gb-5857221137,20260910,gb,BI,BI analyst,1,25,45
gb-5857221143,20260910,gb,BI,BI analyst,1,26,45
gb-5858177274,20260910,gb,BI,BI analyst,1,24,45
gb-5858200065,20260910,gb,BI,BI analyst,1,23,45
gb-5858374336,20260910,gb,BI,business intelligence analyst,1,21,38
gb-5858377515,20260910,gb,BI,BI analyst,1,22,45
gb-5858404920,20260910,gb,BI,business intelligence analyst,1,20,38
gb-5859619578,20260910,gb,DA,data analyst,5,250,698
gb-5859656397,20260910,gb,BI,BI analyst,1,21,45
gb-5859656830,20260910,gb,DA,data analyst,5,249,698
gb-5859757634,20260910,gb,DA,data analyst,5,248,698
gb-5859761219,20260910,gb,DA,data analyst,5,247,698
gb-5859761566,20260910,gb,DA,data analyst,5,246,698
gb-5859763673,20260910,gb,DA,data analyst,5,245,698
gb-5859769677,20260910,gb,DA,data analyst,5,244,698
gb-5859770298,20260910,gb,DA,data analyst,5,243,698
gb-5859795918,20260910,gb,DA,data analyst,5,241,698
gb-5859795949,20260910,gb,DA,data analyst,5,242,698
gb-5859809944,20260910,gb,DA,data analyst,5,240,698
gb-5859974794,20260910,gb,DA,data analyst,5,239,698
gb-5859990443,20260910,gb,DA,data analyst,5,238,698
gb-5859992645,20260910,gb,DA,data analyst,5,236,698
gb-5859992676,20260910,gb,DA,data analyst,5,237,698
gb-5859994642,20260910,gb,DA,data analyst,5,234,698
gb-5859994646,20260910,gb,DA,data analyst,5,235,698
gb-5859994652,20260910,gb,DA,data analyst,5,233,698
gb-5859994674,20260910,gb,DA,data analyst,5,232,698
gb-5860066671,20260910,gb,DA,data analyst,5,230,698
gb-5860066687,20260910,gb,DA,data analyst,5,231,698
gb-5860751563,20260910,gb,DA,data analyst,5,229,698
gb-5861182353,20260910,gb,DA,data analyst,5,228,698
gb-5861222704,20260910,gb,DA,data analyst,5,227,698
gb-5861234016,20260910,gb,DA,data analyst,5,226,698
gb-5861397280,20260910,gb,DA,data analyst,5,225,698
gb-5861428762,20260910,gb,DA,data analyst,5,224,698
gb-5861733142,20260910,gb,DA,data analyst,5,223,698
gb-5861761607,20260910,gb,DA,data analyst,5,222,698
gb-5861792243,20260910,gb,DA,data analyst,5,221,698
gb-5862276870,20260910,gb,DA,data analyst,5,220,698
gb-5862284826,20260910,gb,DA,data analyst,5,219,698
gb-5862688235,20260910,gb,DA,data analyst,5,218,698
gb-5862989176,20260910,gb,DA,data analyst,5,217,698
gb-5863586463,20260910,gb,DA,data analyst,5,216,698
gb-5864147983,20260910,gb,DA,data analyst,5,214,698
gb-5864147992,20260910,gb,DA,data analyst,5,215,698
gb-5864528709,20260910,gb,DA,data analyst,5,213,698
gb-5864671247,20260910,gb,DA,data analyst,5,212,698
gb-5864728782,20260910,gb,DA,data analyst,5,211,698
gb-5864834295,20260910,gb,DA,data analyst,5,210,698
gb-5864882328,20260910,gb,DA,data analyst,5,209,698
gb-5864981083,20260910,gb,DA,data analyst,5,208,698
gb-5865162761,20260910,gb,DA,data analyst,5,207,698
gb-5865190428,20260910,gb,DA,data analyst,5,206,698
gb-5865190429,20260910,gb,DA,data analyst,5,203,698
gb-5865190431,20260910,gb,DA,data analyst,5,204,698
gb-5865190433,20260910,gb,DA,data analyst,5,205,698
gb-5865190456,20260910,gb,DA,data analyst,5,201,698
gb-5865190459,20260910,gb,DA,data analyst,5,202,698
gb-5865190460,20260910,gb,DA,data analyst,4,200,698
gb-5865190461,20260910,gb,DA,data analyst,4,199,698
gb-5865197791,20260910,gb,DA,data analyst,4,198,698
gb-5865261664,20260910,gb,DA,data analyst,4,197,698
gb-5865265463,20260910,gb,DA,data analyst,4,194,698
gb-5865265469,20260910,gb,DA,data analyst,4,195,698
gb-5865265477,20260910,gb,DA,data analyst,4,196,698
gb-5865267720,20260910,gb,DA,data analyst,4,191,698
gb-5865267722,20260910,gb,DA,data analyst,4,193,698
gb-5865267724,20260910,gb,DA,data analyst,4,192,698
gb-5865269133,20260910,gb,DA,data analyst,4,190,698
gb-5865273205,20260910,gb,DA,data analyst,4,189,698
gb-5866532943,20260910,gb,DA,data analyst,4,188,698
gb-5866718600,20260910,gb,BI,business intelligence analyst,1,19,38
gb-5867043036,20260910,gb,DA,data analyst,4,187,698
gb-5867061975,20260910,gb,DA,data analyst,4,186,698
gb-5867151553,20260910,gb,BI,BI analyst,1,20,45
gb-5867151553,20260910,gb,DA,data analyst,4,185,698
gb-5867187726,20260910,gb,DA,data analyst,4,184,698
gb-5867187859,20260910,gb,DA,data analyst,4,183,698
gb-5867188589,20260910,gb,DA,data analyst,4,182,698
gb-5867235621,20260910,gb,DA,data analyst,4,181,698
gb-5867236624,20260910,gb,DA,data analyst,4,180,698
gb-5867237314,20260910,gb,DA,data analyst,4,179,698
gb-5867249007,20260910,gb,BI,business intelligence analyst,1,18,38
gb-5867249869,20260910,gb,DA,data analyst,4,178,698
gb-5867251190,20260910,gb,DA,data analyst,4,177,698
gb-5867251978,20260910,gb,DA,data analyst,4,176,698
gb-5867306037,20260910,gb,DA,data analyst,4,175,698
gb-5867316849,20260910,gb,DA,data analyst,4,174,698
gb-5867507447,20260910,gb,DA,data analyst,4,173,698
gb-5867515337,20260910,gb,BI,business intelligence analyst,1,17,38
gb-5867530033,20260910,gb,DA,data analyst,4,172,698
gb-5867643019,20260910,gb,DA,data analyst,4,171,698
gb-5867643027,20260910,gb,DA,data analyst,4,170,698
gb-5867645768,20260910,gb,BI,business intelligence analyst,1,16,38
gb-5867645772,20260910,gb,DA,data analyst,4,169,698
gb-5867726461,20260910,gb,BI,BI analyst,1,19,45
gb-5867727691,20260910,gb,BI,business intelligence analyst,1,15,38
gb-5867756760,20260910,gb,DA,data analyst,4,168,698
gb-5868292468,20260910,gb,DA,data analyst,4,167,698
gb-5868457216,20260910,gb,DA,data analyst,4,166,698
gb-5868457878,20260910,gb,DA,data analyst,4,165,698
gb-5868779114,20260910,gb,DA,data analyst,4,164,698
gb-5868913954,20260910,gb,DA,data analyst,4,163,698
gb-5868918352,20260910,gb,DA,data analyst,4,162,698
gb-5868984171,20260910,gb,DA,data analyst,4,161,698
gb-5869075476,20260910,gb,DA,data analyst,4,160,698
gb-5869105942,20260910,gb,DA,data analyst,4,159,698
gb-5869121529,20260910,gb,DA,data analyst,4,158,698
gb-5869150614,20260910,gb,DA,data analyst,4,157,698
gb-5869157666,20260910,gb,DA,data analyst,4,156,698
gb-5869180933,20260910,gb,BI,BI analyst,1,18,45
gb-5869183304,20260910,gb,DA,data analyst,4,155,698
gb-5869196700,20260910,gb,DA,data analyst,4,154,698
gb-5869198302,20260910,gb,DA,data analyst,4,153,698
gb-5869208889,20260910,gb,DA,data analyst,4,152,698
gb-5869213473,20260910,gb,DA,data analyst,4,151,698
gb-5869301662,20260910,gb,DA,data analyst,3,150,698
gb-5869442923,20260910,gb,BI,business intelligence analyst,1,14,38
gb-5869444098,20260910,gb,DA,data analyst,3,148,698
gb-5869444100,20260910,gb,DA,data analyst,3,149,698
gb-5869444118,20260910,gb,DA,data analyst,3,147,698
gb-5869452153,20260910,gb,BI,business intelligence analyst,1,13,38
gb-5869493390,20260910,gb,DA,data analyst,3,146,698
gb-5869544669,20260910,gb,DA,data analyst,3,145,698
gb-5869549719,20260910,gb,DA,data analyst,3,144,698
gb-5869550457,20260910,gb,BI,BI analyst,1,17,45
gb-5869552144,20260910,gb,DA,data analyst,3,143,698
gb-5869552162,20260910,gb,DA,data analyst,3,142,698
gb-5869552164,20260910,gb,DA,data analyst,3,141,698
gb-5869586939,20260910,gb,DA,data analyst,3,140,698
gb-5869799826,20260910,gb,DA,data analyst,3,139,698
gb-5870167398,20260910,gb,DA,data analyst,3,138,698
gb-5870168290,20260910,gb,DA,data analyst,3,137,698
gb-5870549762,20260910,gb,DA,data analyst,3,136,698
gb-5870628588,20260910,gb,DA,data analyst,3,135,698
gb-5870675843,20260910,gb,BA,business analyst,5,250,1278
gb-5870713316,20260910,gb,BA,business analyst,5,249,1278
gb-5870713848,20260910,gb,DA,data analyst,3,134,698
gb-5870741084,20260910,gb,BA,business analyst,5,248,1278
gb-5870741084,20260910,gb,BI,business intelligence analyst,1,12,38
gb-5870741984,20260910,gb,BA,business analyst,5,247,1278
gb-5870746875,20260910,gb,BA,business analyst,5,246,1278
gb-5870748752,20260910,gb,BA,business analyst,5,245,1278
gb-5870749603,20260910,gb,DA,data analyst,3,133,698
gb-5870752713,20260910,gb,BA,business analyst,5,244,1278
gb-5870753152,20260910,gb,BA,business analyst,5,243,1278
gb-5870753215,20260910,gb,BA,business analyst,5,242,1278
gb-5870755983,20260910,gb,BA,business analyst,5,241,1278
gb-5870758339,20260910,gb,DA,data analyst,3,132,698
gb-5870759329,20260910,gb,DA,data analyst,3,131,698
gb-5870761386,20260910,gb,BA,business analyst,5,240,1278
gb-5870766110,20260910,gb,BA,business analyst,5,239,1278
gb-5870770143,20260910,gb,BA,business analyst,5,238,1278
gb-5870770812,20260910,gb,BA,business analyst,5,237,1278
gb-5870773212,20260910,gb,BA,business analyst,5,236,1278
gb-5870776356,20260910,gb,BA,business analyst,5,234,1278
gb-5870776358,20260910,gb,BA,business analyst,5,235,1278
gb-5870797719,20260910,gb,BA,business analyst,5,232,1278
gb-5870797720,20260910,gb,BA,business analyst,5,233,1278
gb-5870816065,20260910,gb,DA,data analyst,3,130,698
gb-5870816322,20260910,gb,DA,data analyst,3,128,698
gb-5870816364,20260910,gb,DA,data analyst,3,129,698
gb-5870884518,20260910,gb,BA,business analyst,5,231,1278
gb-5870884752,20260910,gb,BA,business analyst,5,230,1278
gb-5870922540,20260910,gb,BA,business analyst,5,229,1278
gb-5871005369,20260910,gb,BA,business analyst,5,228,1278
gb-5871005401,20260910,gb,DA,data analyst,3,127,698
gb-5871009870,20260910,gb,DA,data analyst,3,126,698
gb-5871011188,20260910,gb,DA,data analyst,3,125,698
gb-5871014147,20260910,gb,DA,data analyst,3,124,698
gb-5871014203,20260910,gb,BA,business analyst,5,226,1278
gb-5871014203,20260910,gb,DA,data analyst,3,122,698
gb-5871014207,20260910,gb,BA,business analyst,5,227,1278
gb-5871014210,20260910,gb,DA,data analyst,3,123,698
gb-5871015124,20260910,gb,BA,business analyst,5,225,1278
gb-5871029118,20260910,gb,DA,data analyst,3,121,698
gb-5871030865,20260910,gb,DA,data analyst,3,120,698
gb-5871043916,20260910,gb,DA,data analyst,3,119,698
gb-5871044050,20260910,gb,BA,business analyst,5,224,1278
gb-5871135754,20260910,gb,BA,business analyst,5,223,1278
gb-5871241488,20260910,gb,DA,data analyst,3,118,698
gb-5871243065,20260910,gb,BA,business analyst,5,222,1278
gb-5871261504,20260910,gb,DA,data analyst,3,117,698
gb-5871261748,20260910,gb,BA,business analyst,5,221,1278
gb-5871306012,20260910,gb,BA,business analyst,5,220,1278
gb-5871328915,20260910,gb,BA,business analyst,5,219,1278
gb-5871409621,20260910,gb,BA,business analyst,5,218,1278
gb-5871611701,20260910,gb,DA,data analyst,3,115,698
gb-5871611706,20260910,gb,DA,data analyst,3,116,698
gb-5871614422,20260910,gb,DA,data analyst,3,114,698
gb-5871614424,20260910,gb,DA,data analyst,3,113,698
gb-5871614428,20260910,gb,DA,data analyst,3,111,698
gb-5871614438,20260910,gb,DA,data analyst,3,112,698
gb-5871617319,20260910,gb,BA,business analyst,5,217,1278
gb-5871776402,20260910,gb,BA,business analyst,5,216,1278
gb-5871776433,20260910,gb,BA,business analyst,5,215,1278
gb-5871776444,20260910,gb,BA,business analyst,5,214,1278
gb-5871776512,20260910,gb,BA,business analyst,5,213,1278
gb-5871887766,20260910,gb,BA,business analyst,5,212,1278
gb-5871887901,20260910,gb,DA,data analyst,3,110,698
gb-5871897227,20260910,gb,BA,business analyst,5,211,1278
gb-5871940068,20260910,gb,DA,data analyst,3,109,698
gb-5871990160,20260910,gb,BA,business analyst,5,210,1278
gb-5872036234,20260910,gb,BA,business analyst,5,209,1278
gb-5872081754,20260910,gb,BA,business analyst,5,208,1278
gb-5872082583,20260910,gb,DA,data analyst,3,108,698
gb-5872090134,20260910,gb,BA,business analyst,5,207,1278
gb-5872091920,20260910,gb,BA,business analyst,5,206,1278
gb-5872097625,20260910,gb,BA,business analyst,5,205,1278
gb-5872108433,20260910,gb,DA,data analyst,3,107,698
gb-5872109795,20260910,gb,BA,business analyst,5,204,1278
gb-5872112532,20260910,gb,BA,business analyst,5,203,1278
gb-5872113905,20260910,gb,DA,data analyst,3,106,698
gb-5872114472,20260910,gb,DA,data analyst,3,105,698
gb-5872116186,20260910,gb,BA,business analyst,5,202,1278
gb-5872120033,20260910,gb,DA,data analyst,3,104,698
gb-5872123477,20260910,gb,DA,data analyst,3,103,698
gb-5872260634,20260910,gb,DA,data analyst,3,102,698
gb-5872300185,20260910,gb,DA,data analyst,3,101,698
gb-5872485992,20260910,gb,BA,business analyst,5,201,1278
gb-5872784095,20260910,gb,BA,business analyst,4,200,1278
gb-5872784433,20260910,gb,BA,business analyst,4,199,1278
gb-5872822448,20260910,gb,DA,data analyst,2,100,698
gb-5872906430,20260910,gb,BA,business analyst,4,198,1278
gb-5872906430,20260910,gb,DA,data analyst,2,99,698
gb-5873088328,20260910,gb,BA,business analyst,4,197,1278
gb-5873088328,20260910,gb,DA,data analyst,2,98,698
gb-5873154934,20260910,gb,BA,business analyst,4,196,1278
gb-5873157161,20260910,gb,DA,data analyst,2,97,698
gb-5873162654,20260910,gb,DA,data analyst,2,96,698
gb-5873163248,20260910,gb,BA,business analyst,4,195,1278
gb-5873169412,20260910,gb,BA,business analyst,4,194,1278
gb-5873181355,20260910,gb,DA,data analyst,2,95,698
gb-5873182087,20260910,gb,BA,business analyst,4,193,1278
gb-5873190757,20260910,gb,DA,data analyst,2,94,698
gb-5873191559,20260910,gb,DA,data analyst,2,93,698
gb-5873192199,20260910,gb,BA,business analyst,4,192,1278
gb-5873192632,20260910,gb,DA,data analyst,2,92,698
gb-5873194093,20260910,gb,DA,data analyst,2,91,698
gb-5873195507,20260910,gb,DA,data analyst,2,90,698
gb-5873198578,20260910,gb,DA,data analyst,2,89,698
gb-5873199126,20260910,gb,DA,data analyst,2,88,698
gb-5873200149,20260910,gb,BA,business analyst,4,191,1278
gb-5873200149,20260910,gb,BI,business intelligence analyst,1,11,38
gb-5873203012,20260910,gb,BI,BI analyst,1,16,45
gb-5873203012,20260910,gb,DA,data analyst,2,87,698
gb-5873204578,20260910,gb,BA,business analyst,4,190,1278
gb-5873205987,20260910,gb,BA,business analyst,4,189,1278
gb-5873205987,20260910,gb,DA,data analyst,2,86,698
gb-5873317407,20260910,gb,BA,business analyst,4,188,1278
gb-5873317429,20260910,gb,BA,business analyst,4,187,1278
gb-5873321394,20260910,gb,DA,data analyst,2,83,698
gb-5873321396,20260910,gb,DA,data analyst,2,85,698
gb-5873321402,20260910,gb,DA,data analyst,2,84,698
gb-5873326995,20260910,gb,BA,business analyst,4,186,1278
gb-5873563158,20260910,gb,BA,business analyst,4,184,1278
gb-5873563167,20260910,gb,BA,business analyst,4,185,1278
gb-5873698187,20260910,gb,BA,business analyst,4,183,1278
gb-5873698285,20260910,gb,DA,data analyst,2,82,698
gb-5873710850,20260910,gb,BA,business analyst,4,182,1278
gb-5873817919,20260910,gb,DA,data analyst,2,81,698
gb-5873817947,20260910,gb,DA,data analyst,2,80,698
gb-5873919553,20260910,gb,BA,business analyst,4,181,1278
gb-5873933527,20260910,gb,BA,business analyst,4,180,1278
gb-5873934975,20260910,gb,BA,business analyst,4,179,1278
gb-5874052563,20260910,gb,BA,business analyst,4,178,1278
gb-5874056006,20260910,gb,BA,business analyst,4,177,1278
gb-5874056067,20260910,gb,BA,business analyst,4,176,1278
gb-5874058964,20260910,gb,DA,data analyst,2,79,698
gb-5874123325,20260910,gb,BA,business analyst,4,175,1278
gb-5874125172,20260910,gb,BA,business analyst,4,174,1278
gb-5874125173,20260910,gb,BA,business analyst,4,173,1278
gb-5874136549,20260910,gb,BA,business analyst,4,172,1278
gb-5874136572,20260910,gb,BI,BI analyst,1,15,45
gb-5874136572,20260910,gb,DA,data analyst,2,78,698
gb-5874136586,20260910,gb,DA,data analyst,2,77,698
gb-5874136795,20260910,gb,BA,business analyst,4,171,1278
gb-5874137037,20260910,gb,BA,business analyst,4,170,1278
gb-5874139106,20260910,gb,DA,data analyst,2,76,698
gb-5874139836,20260910,gb,BA,business analyst,4,169,1278
gb-5874164897,20260910,gb,BA,business analyst,4,168,1278
gb-5874169298,20260910,gb,BA,business analyst,4,167,1278
gb-5874169483,20260910,gb,BA,business analyst,4,166,1278
gb-5874198103,20260910,gb,BA,business analyst,4,165,1278
gb-5874217186,20260910,gb,DA,data analyst,2,75,698
gb-5874220883,20260910,gb,DA,data analyst,2,74,698
gb-5874253058,20260910,gb,BA,business analyst,4,164,1278
gb-5874264808,20260910,gb,DA,data analyst,2,73,698
gb-5874305260,20260910,gb,BA,business analyst,4,163,1278
gb-5874305309,20260910,gb,BA,business analyst,4,162,1278
gb-5874305309,20260910,gb,BI,business intelligence analyst,1,10,38
gb-5874305725,20260910,gb,BA,business analyst,4,161,1278
gb-5874345238,20260910,gb,BA,business analyst,4,160,1278
gb-5874353544,20260910,gb,BA,business analyst,4,159,1278
gb-5874376026,20260910,gb,BA,business analyst,4,158,1278
gb-5874392526,20260910,gb,BA,business analyst,4,157,1278
gb-5874392633,20260910,gb,DA,data analyst,2,72,698
gb-5874418500,20260910,gb,BI,BI analyst,1,14,45
gb-5874418862,20260910,gb,DA,data analyst,2,71,698
gb-5874433962,20260910,gb,BA,business analyst,4,156,1278
gb-5874487851,20260910,gb,DA,data analyst,2,70,698
gb-5874489689,20260910,gb,BA,business analyst,4,155,1278
gb-5874493866,20260910,gb,BA,business analyst,4,154,1278
gb-5874508666,20260910,gb,BA,business analyst,4,152,1278
gb-5874508666,20260910,gb,BI,business intelligence analyst,1,9,38
gb-5874508680,20260910,gb,BA,business analyst,4,153,1278
gb-5874508689,20260910,gb,DA,data analyst,2,69,698
gb-5874516749,20260910,gb,BA,business analyst,4,151,1278
gb-5874516815,20260910,gb,BA,business analyst,3,150,1278
gb-5874518734,20260910,gb,BA,business analyst,3,149,1278
gb-5874519937,20260910,gb,BI,BI analyst,1,13,45
gb-5874519937,20260910,gb,BA,business analyst,3,148,1278
gb-5874520009,20260910,gb,BA,business analyst,3,147,1278
gb-5874666931,20260910,gb,BA,business analyst,3,146,1278
gb-5874666941,20260910,gb,DA,data analyst,2,68,698
gb-5874671009,20260910,gb,DA,data analyst,2,67,698
gb-5874800211,20260910,gb,DA,data analyst,2,66,698
gb-5874800224,20260910,gb,BA,business analyst,3,145,1278
gb-5875056099,20260910,gb,BA,business analyst,3,143,1278
gb-5875056099,20260910,gb,BI,business intelligence analyst,1,7,38
gb-5875056109,20260910,gb,BA,business analyst,3,144,1278
gb-5875056109,20260910,gb,BI,business intelligence analyst,1,8,38
gb-5875057713,20260910,gb,BA,business analyst,3,142,1278
gb-5875062899,20260910,gb,BA,business analyst,3,141,1278
gb-5875137141,20260910,gb,BA,business analyst,3,140,1278
gb-5875137396,20260910,gb,BA,business analyst,3,139,1278
gb-5875231579,20260910,gb,BA,business analyst,3,138,1278
gb-5875322591,20260910,gb,BA,business analyst,3,137,1278
gb-5875438608,20260910,gb,BA,business analyst,3,136,1278
gb-5875536107,20260910,gb,DA,data analyst,2,65,698
gb-5875536150,20260910,gb,DA,data analyst,2,64,698
gb-5875592213,20260910,gb,DA,data analyst,2,63,698
gb-5875592730,20260910,gb,BA,business analyst,3,135,1278
gb-5875593492,20260910,gb,DA,data analyst,2,62,698
gb-5875603594,20260910,gb,BA,business analyst,3,134,1278
gb-5875603699,20260910,gb,BA,business analyst,3,133,1278
gb-5875604312,20260910,gb,BA,business analyst,3,131,1278
gb-5875604351,20260910,gb,BA,business analyst,3,132,1278
gb-5875606858,20260910,gb,BA,business analyst,3,130,1278
gb-5875607395,20260910,gb,BA,business analyst,3,129,1278
gb-5875608485,20260910,gb,BI,BI analyst,1,12,45
gb-5875608485,20260910,gb,DA,data analyst,2,61,698
gb-5875612377,20260910,gb,BA,business analyst,3,128,1278
gb-5875694410,20260910,gb,BA,business analyst,3,127,1278
gb-5875712674,20260910,gb,BA,business analyst,3,126,1278
gb-5875712885,20260910,gb,BA,business analyst,3,125,1278
gb-5875722532,20260910,gb,BA,business analyst,3,124,1278
gb-5875732973,20260910,gb,BA,business analyst,3,123,1278
gb-5875732973,20260910,gb,DA,data analyst,2,60,698
gb-5875754973,20260910,gb,BA,business analyst,3,122,1278
gb-5875799231,20260910,gb,BA,business analyst,3,121,1278
gb-5875799472,20260910,gb,BA,business analyst,3,118,1278
gb-5875799480,20260910,gb,BA,business analyst,3,119,1278
gb-5875799487,20260910,gb,BA,business analyst,3,120,1278
gb-5875799525,20260910,gb,DA,data analyst,2,59,698
gb-5875799535,20260910,gb,BA,business analyst,3,117,1278
gb-5875807615,20260910,gb,BA,business analyst,3,116,1278
gb-5875823614,20260910,gb,BA,business analyst,3,115,1278
gb-5875831367,20260910,gb,BA,business analyst,3,114,1278
gb-5876081195,20260910,gb,BA,business analyst,3,113,1278
gb-5876081221,20260910,gb,BA,business analyst,3,111,1278
gb-5876081278,20260910,gb,BA,business analyst,3,112,1278
gb-5876081357,20260910,gb,BA,business analyst,3,110,1278
gb-5876081546,20260910,gb,BA,business analyst,3,109,1278
gb-5876103405,20260910,gb,BA,business analyst,3,108,1278
gb-5876127890,20260910,gb,BA,business analyst,3,107,1278
gb-5876128546,20260910,gb,BA,business analyst,3,106,1278
gb-5876131315,20260910,gb,BA,business analyst,3,105,1278
gb-5876242007,20260910,gb,BA,business analyst,3,104,1278
gb-5876242007,20260910,gb,BI,business intelligence analyst,1,6,38
gb-5876242063,20260910,gb,BA,business analyst,3,103,1278
gb-5876442514,20260910,gb,BI,BI analyst,1,11,45
gb-5876442525,20260910,gb,BA,business analyst,3,102,1278
gb-5876535426,20260910,gb,BA,business analyst,3,101,1278
gb-5876535527,20260910,gb,BA,business analyst,2,100,1278
gb-5876535527,20260910,gb,BI,business intelligence analyst,1,5,38
gb-5876535623,20260910,gb,BA,business analyst,2,99,1278
gb-5876536703,20260910,gb,BA,business analyst,2,98,1278
gb-5876538521,20260910,gb,BA,business analyst,2,97,1278
gb-5876572817,20260910,gb,DA,data analyst,2,58,698
gb-5876749281,20260910,gb,DA,data analyst,2,57,698
gb-5876915448,20260910,gb,DA,data analyst,2,56,698
gb-5876915449,20260910,gb,DA,data analyst,2,54,698
gb-5876915453,20260910,gb,DA,data analyst,2,55,698
gb-5876920634,20260910,gb,BA,business analyst,2,96,1278
gb-5876949440,20260910,gb,BA,business analyst,2,95,1278
gb-5877046747,20260910,gb,BI,BI analyst,1,10,45
gb-5877048264,20260910,gb,BI,BI analyst,1,9,45
gb-5877109362,20260910,gb,BA,business analyst,2,94,1278
gb-5877109362,20260910,gb,DA,data analyst,2,53,698
gb-5877114289,20260910,gb,BA,business analyst,2,93,1278
gb-5877123842,20260910,gb,BI,BI analyst,1,8,45
gb-5877123842,20260910,gb,DA,data analyst,2,52,698
gb-5877123885,20260910,gb,BA,business analyst,2,92,1278
gb-5877123885,20260910,gb,DA,data analyst,2,51,698
gb-5877127989,20260910,gb,DA,data analyst,1,50,698
gb-5877128238,20260910,gb,BI,BI analyst,1,7,45
gb-5877128625,20260910,gb,BA,business analyst,2,90,1278
gb-5877128630,20260910,gb,BA,business analyst,2,91,1278
gb-5877129043,20260910,gb,BA,business analyst,2,89,1278
gb-5877134755,20260910,gb,BA,business analyst,2,88,1278
gb-5877134755,20260910,gb,DA,data analyst,1,49,698
gb-5877136646,20260910,gb,BA,business analyst,2,87,1278
gb-5877162970,20260910,gb,DA,data analyst,1,47,698
gb-5877162977,20260910,gb,DA,data analyst,1,48,698
gb-5877178557,20260910,gb,BA,business analyst,2,86,1278
gb-5877222773,20260910,gb,BA,business analyst,2,85,1278
gb-5877222773,20260910,gb,DA,data analyst,1,46,698
gb-5877224259,20260910,gb,BA,business analyst,2,84,1278
gb-5877228492,20260910,gb,BA,business analyst,2,83,1278
gb-5877231714,20260910,gb,DA,data analyst,1,45,698
gb-5877238460,20260910,gb,BA,business analyst,2,82,1278
gb-5877250980,20260910,gb,DA,data analyst,1,44,698
gb-5877251164,20260910,gb,BA,business analyst,2,81,1278
gb-5877256613,20260910,gb,DA,data analyst,1,43,698
gb-5877260969,20260910,gb,DA,data analyst,1,42,698
gb-5877260984,20260910,gb,BA,business analyst,2,80,1278
gb-5877272351,20260910,gb,DA,data analyst,1,41,698
gb-5877272491,20260910,gb,DA,data analyst,1,40,698
gb-5877277958,20260910,gb,DA,data analyst,1,39,698
gb-5877279406,20260910,gb,BA,business analyst,2,79,1278
gb-5877279856,20260910,gb,BA,business analyst,2,78,1278
gb-5877281572,20260910,gb,DA,data analyst,1,38,698
gb-5877283570,20260910,gb,BA,business analyst,2,77,1278
gb-5877283699,20260910,gb,DA,data analyst,1,37,698
gb-5877285549,20260910,gb,BA,business analyst,2,76,1278
gb-5877286652,20260910,gb,BA,business analyst,2,75,1278
gb-5877293889,20260910,gb,BA,business analyst,2,74,1278
gb-5877353202,20260910,gb,BA,business analyst,2,73,1278
gb-5877353880,20260910,gb,DA,data analyst,1,36,698
gb-5877354878,20260910,gb,BI,BI analyst,1,6,45
gb-5877355152,20260910,gb,BA,business analyst,2,72,1278
gb-5877395892,20260910,gb,BA,business analyst,2,71,1278
gb-5877395940,20260910,gb,BA,business analyst,2,70,1278
gb-5877395980,20260910,gb,DA,data analyst,1,35,698
gb-5877397317,20260910,gb,DA,data analyst,1,34,698
gb-5877409870,20260910,gb,BA,business analyst,2,69,1278
gb-5877439843,20260910,gb,BA,business analyst,2,68,1278
gb-5877439940,20260910,gb,BA,business analyst,2,67,1278
gb-5877440140,20260910,gb,BA,business analyst,2,66,1278
gb-5877440277,20260910,gb,BA,business analyst,2,65,1278
gb-5877449133,20260910,gb,BI,BI analyst,1,5,45
gb-5877449133,20260910,gb,DA,data analyst,1,33,698
gb-5877461801,20260910,gb,BA,business analyst,2,64,1278
gb-5877461831,20260910,gb,DA,data analyst,1,32,698
gb-5877462502,20260910,gb,BA,business analyst,2,63,1278
gb-5877462502,20260910,gb,DA,data analyst,1,31,698
gb-5877462585,20260910,gb,BA,business analyst,2,62,1278
gb-5877472140,20260910,gb,BA,business analyst,2,61,1278
gb-5877472690,20260910,gb,BA,business analyst,2,59,1278
gb-5877472731,20260910,gb,BA,business analyst,2,60,1278
gb-5877472731,20260910,gb,DA,data analyst,1,30,698
gb-5877475608,20260910,gb,DA,data analyst,1,28,698
gb-5877475615,20260910,gb,DA,data analyst,1,29,698
gb-5877475768,20260910,gb,BI,BI analyst,1,4,45
gb-5877476264,20260910,gb,DA,data analyst,1,27,698
gb-5877528431,20260910,gb,BA,business analyst,2,58,1278
gb-5877528452,20260910,gb,BA,business analyst,2,57,1278
gb-5877528452,20260910,gb,DA,data analyst,1,26,698
gb-5877552045,20260910,gb,DA,data analyst,1,25,698
gb-5877552048,20260910,gb,BA,business analyst,2,56,1278
gb-5877557459,20260910,gb,BA,business analyst,2,55,1278
gb-5877599914,20260910,gb,DA,data analyst,1,24,698
gb-5877600071,20260910,gb,BA,business analyst,2,54,1278
gb-5877618502,20260910,gb,BI,BI analyst,1,3,45
gb-5877618564,20260910,gb,BA,business analyst,2,53,1278
gb-5877618601,20260910,gb,BA,business analyst,2,52,1278
gb-5877644326,20260910,gb,BA,business analyst,2,51,1278
gb-5877812082,20260910,gb,BA,business analyst,1,50,1278
gb-5877815129,20260910,gb,BA,business analyst,1,48,1278
gb-5877815130,20260910,gb,BA,business analyst,1,49,1278
gb-5877815140,20260910,gb,BA,business analyst,1,46,1278
gb-5877815147,20260910,gb,BA,business analyst,1,47,1278
gb-5877815599,20260910,gb,BA,business analyst,1,45,1278
gb-5877815645,20260910,gb,BA,business analyst,1,44,1278
gb-5877816738,20260910,gb,BA,business analyst,1,43,1278
gb-5877823837,20260910,gb,DA,data analyst,1,23,698
gb-5877823855,20260910,gb,BA,business analyst,1,42,1278
gb-5877842114,20260910,gb,BA,business analyst,1,41,1278
gb-5877891671,20260910,gb,DA,data analyst,1,22,698
gb-5877892348,20260910,gb,BA,business analyst,1,40,1278
gb-5877992048,20260910,gb,BA,business analyst,1,39,1278
gb-5877992051,20260910,gb,BA,business analyst,1,37,1278
gb-5877992053,20260910,gb,BA,business analyst,1,38,1278
gb-5877992082,20260910,gb,BA,business analyst,1,36,1278
gb-5877992770,20260910,gb,BA,business analyst,1,34,1278
gb-5877992772,20260910,gb,BA,business analyst,1,35,1278
gb-5877993714,20260910,gb,BA,business analyst,1,33,1278
gb-5877993715,20260910,gb,BA,business analyst,1,32,1278
gb-5878122529,20260910,gb,BA,business analyst,1,31,1278
gb-5878134765,20260910,gb,BA,business analyst,1,30,1278
gb-5878225320,20260910,gb,BA,business analyst,1,29,1278
gb-5878225320,20260910,gb,DA,data analyst,1,21,698
gb-5878311635,20260910,gb,DA,data analyst,1,19,698
gb-5878311721,20260910,gb,DA,data analyst,1,20,698
gb-5878311812,20260910,gb,BA,business analyst,1,28,1278
gb-5878312431,20260910,gb,BA,business analyst,1,27,1278
gb-5878312442,20260910,gb,DA,data analyst,1,18,698
gb-5878312587,20260910,gb,DA,data analyst,1,17,698
gb-5878312608,20260910,gb,BA,business analyst,1,24,1278
gb-5878312638,20260910,gb,BA,business analyst,1,26,1278
gb-5878312725,20260910,gb,DA,data analyst,1,16,698
gb-5878312748,20260910,gb,BA,business analyst,1,25,1278
gb-5878312790,20260910,gb,BA,business analyst,1,22,1278
gb-5878312907,20260910,gb,BA,business analyst,1,23,1278
gb-5878312978,20260910,gb,DA,data analyst,1,15,698
gb-5878313068,20260910,gb,BA,business analyst,1,21,1278
gb-5878313089,20260910,gb,BA,business analyst,1,20,1278
gb-5878313678,20260910,gb,BA,business analyst,1,19,1278
gb-5878313975,20260910,gb,BA,business analyst,1,18,1278
gb-5878313975,20260910,gb,BI,business intelligence analyst,1,4,38
gb-5878314313,20260910,gb,DA,data analyst,1,13,698
gb-5878314332,20260910,gb,DA,data analyst,1,14,698
gb-5878314569,20260910,gb,DA,data analyst,1,12,698
gb-5878314573,20260910,gb,BA,business analyst,1,17,1278
gb-5878314573,20260910,gb,BI,business intelligence analyst,1,3,38
gb-5878314848,20260910,gb,BA,business analyst,1,16,1278
gb-5878315125,20260910,gb,BA,business analyst,1,15,1278
gb-5878315290,20260910,gb,BA,business analyst,1,14,1278
gb-5878315325,20260910,gb,DA,data analyst,1,11,698
gb-5878315341,20260910,gb,BA,business analyst,1,13,1278
gb-5878315343,20260910,gb,DA,data analyst,1,10,698
gb-5878315856,20260910,gb,DA,data analyst,1,8,698
gb-5878315979,20260910,gb,DA,data analyst,1,9,698
gb-5878316209,20260910,gb,DA,data analyst,1,7,698
gb-5878316458,20260910,gb,DA,data analyst,1,6,698
gb-5878316463,20260910,gb,BI,BI analyst,1,2,45
gb-5878316536,20260910,gb,BA,business analyst,1,12,1278
gb-5878316536,20260910,gb,BI,business intelligence analyst,1,2,38
gb-5878317321,20260910,gb,BA,business analyst,1,11,1278
gb-5878317321,20260910,gb,BI,business intelligence analyst,1,1,38
gb-5878317470,20260910,gb,BA,business analyst,1,10,1278
gb-5878317570,20260910,gb,BA,business analyst,1,9,1278
gb-5878317570,20260910,gb,DA,data analyst,1,5,698
gb-5878317587,20260910,gb,BI,BI analyst,1,1,45
gb-5878317667,20260910,gb,BA,business analyst,1,7,1278
gb-5878317747,20260910,gb,BA,business analyst,1,6,1278
gb-5878317751,20260910,gb,BA,business analyst,1,8,1278
gb-5878317838,20260910,gb,BA,business analyst,1,5,1278
gb-5878317887,20260910,gb,DA,data analyst,1,4,698
gb-5878352117,20260910,gb,BA,business analyst,1,4,1278
gb-5878352188,20260910,gb,DA,data analyst,1,3,698
gb-5878391569,20260910,gb,BA,business analyst,1,3,1278
gb-5878402608,20260910,gb,BA,business analyst,1,2,1278
gb-5878402608,20260910,gb,DA,data analyst,1,2,698
gb-5878427784,20260910,gb,BA,business analyst,1,1,1278
gb-5878427784,20260910,gb,DA,data analyst,1,1,698
ch-4907507246,20260911,ch,BA,business analyst,4,194,194
ch-5049642724,20260911,ch,BA,business analyst,4,193,194
ch-5102286206,20260911,ch,BA,business analyst,4,192,194
ch-5253192882,20260911,ch,BA,business analyst,4,191,194
ch-5415997589,20260911,ch,BA,business analyst,4,190,194
ch-5501296599,20260911,ch,BA,business analyst,4,188,194
ch-5501296602,20260911,ch,BA,business analyst,4,189,194
ch-5544982395,20260911,ch,BA,business analyst,4,187,194
ch-5582074518,20260911,ch,BA,business analyst,4,186,194
ch-5624904803,20260911,ch,BA,business analyst,4,185,194
ch-5662130334,20260911,ch,BA,business analyst,4,184,194
ch-5706900763,20260911,ch,BA,business analyst,4,183,194
ch-5723540051,20260911,ch,BA,business analyst,4,182,194
ch-5723540105,20260911,ch,BA,business analyst,4,181,194
ch-5727378938,20260911,ch,BA,business analyst,4,180,194
ch-5727381173,20260911,ch,BA,business analyst,4,179,194
ch-5728539859,20260911,ch,BA,business analyst,4,178,194
ch-5736527696,20260911,ch,BA,business analyst,4,177,194
ch-5751722820,20260911,ch,BA,business analyst,4,176,194
ch-5752476574,20260911,ch,BA,business analyst,4,175,194
ch-5754205825,20260911,ch,BA,business analyst,4,174,194
ch-5763015516,20260911,ch,BA,business analyst,4,173,194
ch-5772045252,20260911,ch,BA,business analyst,4,172,194
ch-5779533751,20260911,ch,BA,business analyst,4,171,194
ch-5784532475,20260911,ch,BA,business analyst,4,170,194
ch-5791318020,20260911,ch,BA,business analyst,4,169,194
ch-5795995207,20260911,ch,BA,business analyst,4,168,194
ch-5795995207,20260911,ch,DA,data analyst,1,38,38
ch-5798343353,20260911,ch,BA,business analyst,4,167,194
ch-5799099810,20260911,ch,DA,data analyst,1,37,38
ch-5805053425,20260911,ch,BA,business analyst,4,166,194
ch-5810001868,20260911,ch,BA,business analyst,4,165,194
ch-5810001868,20260911,ch,DA,data analyst,1,36,38
ch-5811519370,20260911,ch,BA,business analyst,4,164,194
ch-5814610054,20260911,ch,BA,business analyst,4,163,194
ch-5814700994,20260911,ch,BA,business analyst,4,162,194
ch-5814701018,20260911,ch,BA,business analyst,4,161,194
ch-5822720275,20260911,ch,BA,business analyst,4,160,194
ch-5822996836,20260911,ch,BA,business analyst,4,159,194
ch-5822997268,20260911,ch,BA,business analyst,4,158,194
ch-5826138284,20260911,ch,BA,business analyst,4,157,194
ch-5829693990,20260911,ch,BA,business analyst,4,156,194
ch-5830857008,20260911,ch,BA,business analyst,4,155,194
ch-5832355656,20260911,ch,BA,business analyst,4,154,194
ch-5832355656,20260911,ch,DA,data analyst,1,35,38
ch-5834044745,20260911,ch,BA,business analyst,4,153,194
ch-5837128521,20260911,ch,BA,business analyst,4,152,194
ch-5840951023,20260911,ch,BA,business analyst,4,151,194
ch-5841638762,20260911,ch,BA,business analyst,3,150,194
ch-5841641655,20260911,ch,BA,business analyst,3,149,194
ch-5841645920,20260911,ch,BA,business analyst,3,148,194
ch-5841647275,20260911,ch,BA,business analyst,3,147,194
ch-5841656718,20260911,ch,BA,business analyst,3,146,194
ch-5841660097,20260911,ch,BA,business analyst,3,145,194
ch-5841663916,20260911,ch,BA,business analyst,3,144,194
ch-5841664012,20260911,ch,BA,business analyst,3,143,194
ch-5841666061,20260911,ch,BA,business analyst,3,142,194
ch-5841672952,20260911,ch,BA,business analyst,3,141,194
ch-5841674749,20260911,ch,BA,business analyst,3,140,194
ch-5841677323,20260911,ch,BA,business analyst,3,139,194
ch-5841678642,20260911,ch,BA,business analyst,3,138,194
ch-5844501683,20260911,ch,BA,business analyst,3,137,194
ch-5844661707,20260911,ch,DA,data analyst,1,34,38
ch-5844661743,20260911,ch,BA,business analyst,3,136,194
ch-5844661746,20260911,ch,BA,business analyst,3,135,194
ch-5846524834,20260911,ch,BA,business analyst,3,134,194
ch-5846526241,20260911,ch,BA,business analyst,3,133,194
ch-5848038718,20260911,ch,BA,business analyst,3,132,194
ch-5848972179,20260911,ch,BA,business analyst,3,131,194
ch-5849618306,20260911,ch,BA,business analyst,3,130,194
ch-5850864273,20260911,ch,BA,business analyst,3,129,194
ch-5850865720,20260911,ch,BA,business analyst,3,128,194
ch-5851422313,20260911,ch,BA,business analyst,3,127,194
ch-5851683322,20260911,ch,DA,data analyst,1,33,38
ch-5851872574,20260911,ch,BA,business analyst,3,126,194
ch-5852323293,20260911,ch,BA,business analyst,3,125,194
ch-5852323459,20260911,ch,BA,business analyst,3,124,194
ch-5853039171,20260911,ch,BA,business analyst,3,123,194
ch-5853533474,20260911,ch,BA,business analyst,3,122,194
ch-5853533670,20260911,ch,BA,business analyst,3,121,194
ch-5853882183,20260911,ch,DA,data analyst,1,32,38
ch-5853882264,20260911,ch,BA,business analyst,3,120,194
ch-5853882351,20260911,ch,BA,business analyst,3,119,194
ch-5853961952,20260911,ch,DA,data analyst,1,31,38
ch-5853962010,20260911,ch,BA,business analyst,3,118,194
ch-5854312298,20260911,ch,BA,business analyst,3,117,194
ch-5854383299,20260911,ch,BA,business analyst,3,116,194
ch-5856657239,20260911,ch,BA,business analyst,3,115,194
ch-5856657614,20260911,ch,BA,business analyst,3,114,194
ch-5856657772,20260911,ch,BA,business analyst,3,113,194
ch-5856658308,20260911,ch,BA,business analyst,3,112,194
ch-5856658308,20260911,ch,DA,data analyst,1,30,38
ch-5856658925,20260911,ch,BA,business analyst,3,111,194
ch-5856659715,20260911,ch,BA,business analyst,3,110,194
ch-5856659968,20260911,ch,BA,business analyst,3,109,194
ch-5858108261,20260911,ch,BA,business analyst,3,108,194
ch-5858108492,20260911,ch,BA,business analyst,3,107,194
ch-5858108772,20260911,ch,BA,business analyst,3,106,194
ch-5858109433,20260911,ch,BA,business analyst,3,105,194
ch-5858109692,20260911,ch,BA,business analyst,3,104,194
ch-5858655034,20260911,ch,BA,business analyst,3,103,194
ch-5858655034,20260911,ch,DA,data analyst,1,29,38
ch-5858655041,20260911,ch,BA,business analyst,3,102,194
ch-5858655041,20260911,ch,DA,data analyst,1,28,38
ch-5858699531,20260911,ch,DA,data analyst,1,27,38
ch-5858930041,20260911,ch,BA,business analyst,3,101,194
ch-5858930499,20260911,ch,DA,data analyst,1,26,38
ch-5858930900,20260911,ch,BA,business analyst,2,100,194
ch-5858930900,20260911,ch,DA,data analyst,1,25,38
ch-5858931856,20260911,ch,BA,business analyst,2,99,194
ch-5859562226,20260911,ch,BA,business analyst,2,98,194
ch-5859562509,20260911,ch,BA,business analyst,2,97,194
ch-5860025567,20260911,ch,BA,business analyst,2,96,194
ch-5860025604,20260911,ch,DA,data analyst,1,24,38
ch-5860952427,20260911,ch,BA,business analyst,2,95,194
ch-5860954314,20260911,ch,DA,data analyst,1,23,38
ch-5860954532,20260911,ch,BA,business analyst,2,94,194
ch-5861035230,20260911,ch,BA,business analyst,2,93,194
ch-5861038915,20260911,ch,DA,data analyst,1,22,38
ch-5861621342,20260911,ch,BA,business analyst,2,92,194
ch-5862084044,20260911,ch,BA,business analyst,2,91,194
ch-5862206206,20260911,ch,BA,business analyst,2,90,194
ch-5862206270,20260911,ch,DA,data analyst,1,21,38
ch-5862206634,20260911,ch,BA,business analyst,2,89,194
ch-5862212824,20260911,ch,BI,BI analyst,1,3,3
ch-5862212824,20260911,ch,BA,business analyst,2,88,194
ch-5862876803,20260911,ch,BA,business analyst,2,87,194
ch-5862909113,20260911,ch,BA,business analyst,2,86,194
ch-5862911922,20260911,ch,BA,business analyst,2,85,194
ch-5862915600,20260911,ch,BA,business analyst,2,84,194
ch-5863094617,20260911,ch,DA,data analyst,1,20,38
ch-5864095581,20260911,ch,BA,business analyst,2,83,194
ch-5864313658,20260911,ch,BA,business analyst,2,82,194
ch-5864317496,20260911,ch,BA,business analyst,2,81,194
ch-5864318861,20260911,ch,DA,data analyst,1,19,38
ch-5864319035,20260911,ch,BA,business analyst,2,80,194
ch-5864521373,20260911,ch,BA,business analyst,2,79,194
ch-5865238768,20260911,ch,BA,business analyst,2,78,194
ch-5866723075,20260911,ch,BA,business analyst,2,77,194
ch-5866773861,20260911,ch,BA,business analyst,2,76,194
ch-5866881818,20260911,ch,BA,business analyst,2,74,194
ch-5866881828,20260911,ch,BA,business analyst,2,75,194
ch-5866881961,20260911,ch,BA,business analyst,2,73,194
ch-5866883860,20260911,ch,BA,business analyst,2,72,194
ch-5866891317,20260911,ch,DA,data analyst,1,18,38
ch-5866892510,20260911,ch,BA,business analyst,2,71,194
ch-5866893383,20260911,ch,BA,business analyst,2,70,194
ch-5867052084,20260911,ch,BA,business analyst,2,69,194
ch-5867052309,20260911,ch,BA,business analyst,2,68,194
ch-5867053397,20260911,ch,BA,business analyst,2,67,194
ch-5867073213,20260911,ch,BA,business analyst,2,66,194
ch-5867074233,20260911,ch,BA,business analyst,2,65,194
ch-5867084032,20260911,ch,BA,business analyst,2,64,194
ch-5867085074,20260911,ch,BA,business analyst,2,63,194
ch-5868666197,20260911,ch,BA,business analyst,2,62,194
ch-5868666937,20260911,ch,BA,business analyst,2,61,194
ch-5868667867,20260911,ch,BA,business analyst,2,60,194
ch-5868880783,20260911,ch,BI,BI analyst,1,2,3
ch-5868880783,20260911,ch,BA,business analyst,2,59,194
ch-5868880944,20260911,ch,DA,data analyst,1,17,38
ch-5868882186,20260911,ch,BA,business analyst,2,58,194
ch-5868886922,20260911,ch,BA,business analyst,2,57,194
ch-5868887400,20260911,ch,BA,business analyst,2,56,194
ch-5868888097,20260911,ch,BA,business analyst,2,55,194
ch-5870422848,20260911,ch,BA,business analyst,2,54,194
ch-5870580469,20260911,ch,BA,business analyst,2,53,194
ch-5870580585,20260911,ch,BA,business analyst,2,52,194
ch-5870587128,20260911,ch,BA,business analyst,2,51,194
ch-5870588150,20260911,ch,BA,business analyst,1,50,194
ch-5870590169,20260911,ch,BA,business analyst,1,49,194
ch-5870590503,20260911,ch,BA,business analyst,1,48,194
ch-5870597130,20260911,ch,BA,business analyst,1,47,194
ch-5870597583,20260911,ch,BA,business analyst,1,46,194
ch-5870599269,20260911,ch,BA,business analyst,1,45,194
ch-5871134674,20260911,ch,BA,business analyst,1,44,194
ch-5871135120,20260911,ch,BA,business analyst,1,43,194
ch-5871135198,20260911,ch,BA,business analyst,1,42,194
ch-5871135545,20260911,ch,BA,business analyst,1,41,194
ch-5871764843,20260911,ch,BA,business analyst,1,40,194
ch-5871765764,20260911,ch,BA,business analyst,1,39,194
ch-5871766315,20260911,ch,BA,business analyst,1,38,194
ch-5871969399,20260911,ch,DA,data analyst,1,16,38
ch-5871981354,20260911,ch,BA,business analyst,1,37,194
ch-5871981944,20260911,ch,BA,business analyst,1,36,194
ch-5871982189,20260911,ch,BA,business analyst,1,35,194
ch-5872314605,20260911,ch,BA,business analyst,1,34,194
ch-5872391554,20260911,ch,DA,data analyst,1,15,38
ch-5872391566,20260911,ch,DA,data analyst,1,14,38
ch-5873050759,20260911,ch,BA,business analyst,1,33,194
ch-5873050759,20260911,ch,DA,data analyst,1,13,38
ch-5873053165,20260911,ch,DA,data analyst,1,12,38
ch-5873437167,20260911,ch,BI,BI analyst,1,1,3
ch-5874921330,20260911,ch,BA,business analyst,1,32,194
ch-5874921330,20260911,ch,DA,data analyst,1,11,38
ch-5875433332,20260911,ch,BA,business analyst,1,31,194
ch-5876090087,20260911,ch,BA,business analyst,1,30,194
ch-5876274029,20260911,ch,BA,business analyst,1,29,194
ch-5876276673,20260911,ch,BA,business analyst,1,28,194
ch-5876276673,20260911,ch,DA,data analyst,1,10,38
ch-5876535938,20260911,ch,BA,business analyst,1,27,194
ch-5876535938,20260911,ch,DA,data analyst,1,9,38
ch-5876922004,20260911,ch,BA,business analyst,1,26,194
ch-5876922240,20260911,ch,BA,business analyst,1,25,194
ch-5876923421,20260911,ch,DA,data analyst,1,8,38
ch-5876966238,20260911,ch,BA,business analyst,1,24,194
ch-5877099458,20260911,ch,BA,business analyst,1,23,194
ch-5877106332,20260911,ch,DA,data analyst,1,7,38
ch-5877106676,20260911,ch,DA,data analyst,1,6,38
ch-5877171552,20260911,ch,BA,business analyst,1,22,194
ch-5877175835,20260911,ch,BA,business analyst,1,21,194
ch-5877436922,20260911,ch,DA,data analyst,1,5,38
ch-5877618969,20260911,ch,BA,business analyst,1,20,194
ch-5877618969,20260911,ch,BI,business intelligence analyst,1,1,1
ch-5877618969,20260911,ch,DA,data analyst,1,4,38
ch-5877704396,20260911,ch,BA,business analyst,1,19,194
ch-5877704405,20260911,ch,BA,business analyst,1,18,194
ch-5877811570,20260911,ch,BA,business analyst,1,17,194
ch-5878264949,20260911,ch,BA,business analyst,1,16,194
ch-5878265783,20260911,ch,BA,business analyst,1,15,194
ch-5878266144,20260911,ch,BA,business analyst,1,14,194
ch-5878266612,20260911,ch,BA,business analyst,1,13,194
ch-5878440599,20260911,ch,BA,business analyst,1,12,194
ch-5878443785,20260911,ch,BA,business analyst,1,11,194
ch-5878443803,20260911,ch,DA,data analyst,1,3,38
ch-5878445109,20260911,ch,BA,business analyst,1,10,194
ch-5878447209,20260911,ch,BA,business analyst,1,9,194
ch-5878451554,20260911,ch,BA,business analyst,1,8,194
ch-5878452992,20260911,ch,BA,business analyst,1,7,194
ch-5878722275,20260911,ch,BA,business analyst,1,6,194
ch-5879005785,20260911,ch,DA,data analyst,1,2,38
ch-5879006354,20260911,ch,DA,data analyst,1,1,38
ch-5879524046,20260911,ch,BA,business analyst,1,5,194
ch-5879524412,20260911,ch,BA,business analyst,1,4,194
ch-5879525678,20260911,ch,BA,business analyst,1,3,194
ch-5879723196,20260911,ch,BA,business analyst,1,2,194
ch-5879725898,20260911,ch,BA,business analyst,1,1,194
de-5330215394,20260911,de,BI,BI analyst,1,19,19
de-5479764604,20260911,de,BI,BI analyst,1,18,19
de-5485143529,20260911,de,DA,datenanalyst,1,29,29
de-5576705961,20260911,de,DA,datenanalyst,1,28,29
de-5622127807,20260911,de,DA,datenanalyst,1,27,29
de-5632671837,20260911,de,DA,datenanalyst,1,26,29
de-5727102241,20260911,de,BI,business intelligence analyst,1,19,19
de-5727297937,20260911,de,BI,BI analyst,1,17,19
de-5745956084,20260911,de,BI,business intelligence analyst,1,18,19
de-5746660312,20260911,de,BI,business intelligence analyst,1,17,19
de-5751150763,20260911,de,BI,BI analyst,1,16,19
de-5767410711,20260911,de,DA,data analyst,5,250,305
de-5771981727,20260911,de,DA,data analyst,5,249,305
de-5775234210,20260911,de,DA,data analyst,5,248,305
de-5780538507,20260911,de,DA,data analyst,5,247,305
de-5780558194,20260911,de,DA,data analyst,5,246,305
de-5780991585,20260911,de,DA,data analyst,5,245,305
de-5782538825,20260911,de,DA,data analyst,5,244,305
de-5782547945,20260911,de,DA,data analyst,5,243,305
de-5784282088,20260911,de,DA,data analyst,5,242,305
de-5786675236,20260911,de,DA,data analyst,5,241,305
de-5786675237,20260911,de,DA,data analyst,5,240,305
de-5786679727,20260911,de,DA,data analyst,5,239,305
de-5787325956,20260911,de,DA,datenanalyst,1,25,29
de-5787618351,20260911,de,DA,data analyst,5,238,305
de-5788489663,20260911,de,DA,data analyst,5,237,305
de-5791613467,20260911,de,DA,data analyst,5,236,305
de-5793217303,20260911,de,DA,datenanalyst,1,24,29
de-5793393035,20260911,de,DA,data analyst,5,235,305
de-5794024968,20260911,de,DA,data analyst,5,234,305
de-5794789776,20260911,de,DA,data analyst,5,233,305
de-5794801891,20260911,de,DA,data analyst,5,232,305
de-5796235359,20260911,de,BI,BI analyst,1,15,19
de-5798313105,20260911,de,DA,data analyst,5,231,305
de-5799974240,20260911,de,DA,data analyst,5,230,305
de-5801823022,20260911,de,DA,data analyst,5,229,305
de-5802935348,20260911,de,DA,data analyst,5,227,305
de-5802935351,20260911,de,DA,data analyst,5,228,305
de-5802941272,20260911,de,DA,data analyst,5,226,305
de-5802961901,20260911,de,BI,BI analyst,1,14,19
de-5802963262,20260911,de,DA,data analyst,5,225,305
de-5802969084,20260911,de,DA,data analyst,5,224,305
de-5802971414,20260911,de,DA,data analyst,5,223,305
de-5802975615,20260911,de,DA,data analyst,5,222,305
de-5802980918,20260911,de,DA,data analyst,5,221,305
de-5802987103,20260911,de,DA,data analyst,5,220,305
de-5803454368,20260911,de,DA,data analyst,5,219,305
de-5803923930,20260911,de,DA,datenanalyst,1,23,29
de-5803943655,20260911,de,DA,data analyst,5,218,305
de-5804545971,20260911,de,DA,data analyst,5,217,305
de-5804553762,20260911,de,BI,BI analyst,1,13,19
de-5804554931,20260911,de,DA,data analyst,5,216,305
de-5805353472,20260911,de,DA,data analyst,5,215,305
de-5806175401,20260911,de,DA,data analyst,5,214,305
de-5808204469,20260911,de,DA,datenanalyst,1,22,29
de-5808554689,20260911,de,DA,data analyst,5,213,305
de-5810334767,20260911,de,DA,datenanalyst,1,21,29
de-5810565879,20260911,de,DA,data analyst,5,212,305
de-5813675699,20260911,de,DA,data analyst,5,211,305
de-5816408358,20260911,de,DA,data analyst,5,210,305
de-5816415778,20260911,de,BI,BI analyst,1,12,19
de-5816491278,20260911,de,DA,datenanalyst,1,20,29
de-5821137355,20260911,de,DA,data analyst,5,209,305
de-5821322166,20260911,de,DA,data analyst,5,208,305
de-5825713005,20260911,de,DA,data analyst,5,207,305
de-5825713188,20260911,de,DA,data analyst,5,206,305
de-5825767190,20260911,de,DA,data analyst,5,205,305
de-5825806283,20260911,de,DA,data analyst,5,204,305
de-5829292588,20260911,de,DA,data analyst,5,203,305
de-5830637305,20260911,de,BI,BI analyst,1,11,19
de-5830637305,20260911,de,DA,data analyst,5,202,305
de-5830749157,20260911,de,DA,data analyst,5,201,305
de-5831313567,20260911,de,DA,data analyst,4,200,305
de-5832180650,20260911,de,DA,data analyst,4,199,305
de-5832194729,20260911,de,DA,data analyst,4,198,305
de-5833425456,20260911,de,DA,data analyst,4,197,305
de-5833592056,20260911,de,DA,data analyst,4,196,305
de-5833598668,20260911,de,DA,data analyst,4,195,305
de-5833618547,20260911,de,DA,data analyst,4,194,305
de-5833647960,20260911,de,DA,data analyst,4,193,305
de-5834385116,20260911,de,DA,data analyst,4,192,305
de-5834806004,20260911,de,BI,BI analyst,1,10,19
de-5834806004,20260911,de,DA,data analyst,4,191,305
de-5835180910,20260911,de,BI,BI analyst,1,9,19
de-5835234446,20260911,de,BI,BI analyst,1,8,19
de-5835557994,20260911,de,BI,BI analyst,1,7,19
de-5835557994,20260911,de,DA,data analyst,4,190,305
de-5835783804,20260911,de,DA,data analyst,4,189,305
de-5835794982,20260911,de,DA,data analyst,4,188,305
de-5838375932,20260911,de,DA,data analyst,4,187,305
de-5838745256,20260911,de,DA,data analyst,4,186,305
de-5840262921,20260911,de,DA,data analyst,4,185,305
de-5840355044,20260911,de,DA,data analyst,4,184,305
de-5840508797,20260911,de,DA,data analyst,4,183,305
de-5841890799,20260911,de,DA,data analyst,4,182,305
de-5841997634,20260911,de,DA,data analyst,4,181,305
de-5842039733,20260911,de,DA,data analyst,4,180,305
de-5842047732,20260911,de,DA,data analyst,4,179,305
de-5842729684,20260911,de,DA,data analyst,4,178,305
de-5843240583,20260911,de,DA,data analyst,4,177,305
de-5843300954,20260911,de,DA,data analyst,4,176,305
de-5844198313,20260911,de,BI,BI analyst,1,6,19
de-5844372604,20260911,de,DA,data analyst,4,175,305
de-5845778274,20260911,de,DA,data analyst,4,174,305
de-5845897971,20260911,de,DA,data analyst,4,173,305
de-5847068515,20260911,de,DA,data analyst,4,172,305
de-5847435609,20260911,de,DA,datenanalyst,1,19,29
de-5847626132,20260911,de,DA,data analyst,4,171,305
de-5847687462,20260911,de,DA,data analyst,4,170,305
de-5847722529,20260911,de,DA,data analyst,4,169,305
de-5848115620,20260911,de,BI,BI analyst,1,5,19
de-5848115620,20260911,de,DA,data analyst,4,168,305
de-5848128975,20260911,de,BI,business intelligence analyst,1,16,19
de-5848232080,20260911,de,DA,data analyst,4,167,305
de-5848496731,20260911,de,DA,data analyst,4,166,305
de-5848533692,20260911,de,DA,data analyst,4,165,305
de-5848586738,20260911,de,DA,data analyst,4,164,305
de-5849082736,20260911,de,DA,datenanalyst,1,18,29
de-5849251398,20260911,de,DA,data analyst,4,163,305
de-5849325391,20260911,de,DA,data analyst,4,162,305
de-5849585787,20260911,de,DA,data analyst,4,160,305
de-5849585790,20260911,de,DA,data analyst,4,161,305
de-5849769507,20260911,de,DA,data analyst,4,159,305
de-5849808301,20260911,de,DA,data analyst,4,158,305
de-5850001762,20260911,de,DA,data analyst,4,157,305
de-5850159030,20260911,de,DA,data analyst,4,156,305
de-5850417363,20260911,de,DA,data analyst,4,155,305
de-5850731785,20260911,de,DA,data analyst,4,154,305
de-5851307364,20260911,de,DA,data analyst,4,153,305
de-5851313135,20260911,de,DA,data analyst,4,152,305
de-5851326698,20260911,de,DA,data analyst,4,151,305
de-5851345939,20260911,de,DA,datenanalyst,1,17,29
de-5851395837,20260911,de,DA,data analyst,3,150,305
de-5852577992,20260911,de,DA,data analyst,3,149,305
de-5852710200,20260911,de,DA,datenanalyst,1,16,29
de-5853561751,20260911,de,DA,datenanalyst,1,15,29
de-5853565462,20260911,de,DA,data analyst,3,148,305
de-5853565462,20260911,de,DA,datenanalyst,1,14,29
de-5853722616,20260911,de,DA,data analyst,3,147,305
de-5854367551,20260911,de,DA,data analyst,3,146,305
de-5854367552,20260911,de,DA,data analyst,3,145,305
de-5854422641,20260911,de,DA,data analyst,3,144,305
de-5854692629,20260911,de,DA,data analyst,3,143,305
de-5854821554,20260911,de,DA,data analyst,3,142,305
de-5855327520,20260911,de,DA,data analyst,3,141,305
de-5855434419,20260911,de,DA,data analyst,3,140,305
de-5855591218,20260911,de,BI,business intelligence analyst,1,15,19
de-5855591218,20260911,de,DA,data analyst,3,139,305
de-5856084517,20260911,de,DA,data analyst,3,138,305
de-5856263806,20260911,de,DA,datenanalyst,1,13,29
de-5856263876,20260911,de,BI,BI analyst,1,4,19
de-5856263876,20260911,de,DA,data analyst,3,137,305
de-5856676532,20260911,de,DA,data analyst,3,136,305
de-5856974440,20260911,de,DA,data analyst,3,135,305
de-5857113284,20260911,de,DA,data analyst,3,134,305
de-5857315270,20260911,de,DA,data analyst,3,133,305
de-5857319234,20260911,de,DA,data analyst,3,132,305
de-5857805575,20260911,de,DA,data analyst,3,131,305
de-5857993681,20260911,de,DA,data analyst,3,130,305
de-5858169364,20260911,de,DA,data analyst,3,129,305
de-5858186004,20260911,de,DA,data analyst,3,128,305
de-5858237375,20260911,de,DA,data analyst,3,127,305
de-5858241214,20260911,de,DA,data analyst,3,122,305
de-5858241215,20260911,de,DA,data analyst,3,121,305
de-5858241216,20260911,de,DA,data analyst,3,123,305
de-5858241217,20260911,de,DA,data analyst,3,120,305
de-5858241220,20260911,de,DA,data analyst,3,124,305
de-5858241222,20260911,de,DA,data analyst,3,118,305
de-5858241224,20260911,de,DA,data analyst,3,126,305
de-5858241225,20260911,de,DA,data analyst,3,116,305
de-5858241230,20260911,de,DA,data analyst,3,119,305
de-5858241232,20260911,de,DA,data analyst,3,125,305
de-5858241233,20260911,de,DA,data analyst,3,117,305
de-5858241234,20260911,de,DA,data analyst,3,108,305
de-5858241235,20260911,de,DA,data analyst,3,110,305
de-5858241236,20260911,de,DA,data analyst,3,112,305
de-5858241237,20260911,de,DA,data analyst,3,109,305
de-5858241238,20260911,de,DA,data analyst,3,114,305
de-5858241239,20260911,de,DA,data analyst,3,111,305
de-5858241240,20260911,de,DA,data analyst,3,113,305
de-5858241241,20260911,de,DA,data analyst,3,107,305
de-5858241243,20260911,de,DA,data analyst,3,106,305
de-5858241244,20260911,de,DA,data analyst,3,105,305
de-5858241247,20260911,de,DA,data analyst,3,115,305
de-5858242933,20260911,de,BI,business intelligence analyst,1,14,19
de-5858265769,20260911,de,DA,data analyst,3,104,305
de-5858329815,20260911,de,DA,data analyst,3,103,305
de-5858487962,20260911,de,DA,datenanalyst,1,12,29
de-5858502452,20260911,de,DA,data analyst,3,102,305
de-5858512268,20260911,de,DA,data analyst,3,101,305
de-5858577600,20260911,de,BI,business intelligence analyst,1,13,19
de-5858577600,20260911,de,DA,data analyst,2,100,305
de-5858661082,20260911,de,DA,data analyst,2,99,305
de-5858728979,20260911,de,DA,data analyst,2,98,305
de-5858838387,20260911,de,DA,data analyst,2,97,305
de-5858907192,20260911,de,BI,business intelligence analyst,1,12,19
de-5858907192,20260911,de,DA,data analyst,2,96,305
de-5859138453,20260911,de,DA,data analyst,2,95,305
de-5859138618,20260911,de,DA,data analyst,2,94,305
de-5859165714,20260911,de,DA,data analyst,2,93,305
de-5859654609,20260911,de,DA,data analyst,2,90,305
de-5859654610,20260911,de,DA,data analyst,2,92,305
de-5859654611,20260911,de,DA,data analyst,2,91,305
de-5859871991,20260911,de,DA,data analyst,2,89,305
de-5859890717,20260911,de,DA,data analyst,2,88,305
de-5859891409,20260911,de,DA,data analyst,2,87,305
de-5860576256,20260911,de,DA,data analyst,2,86,305
de-5861225956,20260911,de,DA,datenanalyst,1,11,29
de-5862103183,20260911,de,DA,data analyst,2,85,305
de-5862118873,20260911,de,DA,data analyst,2,84,305
de-5862125839,20260911,de,DA,datenanalyst,1,10,29
de-5863094623,20260911,de,DA,data analyst,2,83,305
de-5863612058,20260911,de,DA,data analyst,2,82,305
de-5863811463,20260911,de,DA,data analyst,2,81,305
de-5864593761,20260911,de,DA,data analyst,2,80,305
de-5864751829,20260911,de,DA,data analyst,2,79,305
de-5864752337,20260911,de,DA,data analyst,2,78,305
de-5865132455,20260911,de,DA,data analyst,2,77,305
de-5867004154,20260911,de,DA,data analyst,2,76,305
de-5867128805,20260911,de,DA,data analyst,2,75,305
de-5867197926,20260911,de,DA,data analyst,2,74,305
de-5867276716,20260911,de,DA,data analyst,2,73,305
de-5867307429,20260911,de,DA,data analyst,2,72,305
de-5867764397,20260911,de,DA,data analyst,2,71,305
de-5868154596,20260911,de,BI,BI analyst,1,3,19
de-5868154596,20260911,de,DA,data analyst,2,70,305
de-5868544356,20260911,de,DA,data analyst,2,69,305
de-5868892953,20260911,de,DA,data analyst,2,68,305
de-5869067487,20260911,de,DA,data analyst,2,67,305
de-5869104255,20260911,de,DA,data analyst,2,66,305
de-5869245425,20260911,de,BI,business intelligence analyst,1,11,19
de-5869350809,20260911,de,DA,datenanalyst,1,9,29
de-5870460928,20260911,de,DA,data analyst,2,65,305
de-5870610068,20260911,de,DA,data analyst,2,64,305
de-5870692683,20260911,de,DA,data analyst,2,63,305
de-5870692683,20260911,de,DA,datenanalyst,1,8,29
de-5870692904,20260911,de,DA,data analyst,2,62,305
de-5870695330,20260911,de,DA,data analyst,2,61,305
de-5870764188,20260911,de,DA,datenanalyst,1,7,29
de-5870800132,20260911,de,DA,data analyst,2,60,305
de-5871070053,20260911,de,DA,data analyst,2,59,305
de-5871120602,20260911,de,DA,data analyst,2,58,305
de-5871120602,20260911,de,DA,datenanalyst,1,6,29
de-5871337708,20260911,de,DA,data analyst,2,57,305
de-5871419093,20260911,de,BA,business analyst,5,250,918
de-5871420857,20260911,de,DA,data analyst,2,56,305
de-5871426380,20260911,de,DA,data analyst,2,55,305
de-5871509571,20260911,de,BA,business analyst,5,249,918
de-5871768323,20260911,de,DA,data analyst,2,54,305
de-5871983352,20260911,de,BA,business analyst,5,248,918
de-5872103859,20260911,de,BA,business analyst,5,247,918
de-5872106832,20260911,de,BA,business analyst,5,246,918
de-5872119603,20260911,de,BA,business analyst,5,245,918
de-5872119603,20260911,de,BI,business intelligence analyst,1,10,19
de-5872128372,20260911,de,BA,business analyst,5,244,918
de-5872133269,20260911,de,BA,business analyst,5,243,918
de-5872141470,20260911,de,BA,business analyst,5,242,918
de-5872142852,20260911,de,BA,business analyst,5,241,918
de-5872143059,20260911,de,BA,business analyst,5,240,918
de-5872158617,20260911,de,BA,business analyst,5,239,918
de-5872158981,20260911,de,BA,business analyst,5,238,918
de-5872189453,20260911,de,DA,data analyst,2,53,305
de-5872196310,20260911,de,DA,data analyst,2,52,305
de-5872671396,20260911,de,BA,business analyst,5,237,918
de-5872674684,20260911,de,BA,business analyst,5,236,918
de-5872718161,20260911,de,BA,business analyst,5,235,918
de-5872836336,20260911,de,BA,business analyst,5,234,918
de-5872868991,20260911,de,BA,business analyst,5,227,918
de-5872869000,20260911,de,BA,business analyst,5,226,918
de-5872869002,20260911,de,BA,business analyst,5,232,918
de-5872869003,20260911,de,BA,business analyst,5,230,918
de-5872869023,20260911,de,BA,business analyst,5,233,918
de-5872869036,20260911,de,BA,business analyst,5,228,918
de-5872869040,20260911,de,BA,business analyst,5,229,918
de-5872869043,20260911,de,BA,business analyst,5,231,918
de-5872869055,20260911,de,BA,business analyst,5,223,918
de-5872869059,20260911,de,BA,business analyst,5,224,918
de-5872869064,20260911,de,BA,business analyst,5,225,918
de-5872869306,20260911,de,BA,business analyst,5,222,918
de-5872869315,20260911,de,BA,business analyst,5,220,918
de-5872869318,20260911,de,BA,business analyst,5,221,918
de-5872869319,20260911,de,BA,business analyst,5,219,918
de-5872869321,20260911,de,BA,business analyst,5,218,918
de-5872869322,20260911,de,DA,data analyst,2,51,305
de-5872869324,20260911,de,BA,business analyst,5,217,918
de-5872869325,20260911,de,BA,business analyst,5,215,918
de-5872869326,20260911,de,BA,business analyst,5,216,918
de-5872869343,20260911,de,DA,data analyst,1,50,305
de-5872869345,20260911,de,BA,business analyst,5,214,918
de-5872869345,20260911,de,DA,data analyst,1,49,305
de-5872960651,20260911,de,DA,datenanalyst,1,5,29
de-5873208726,20260911,de,BA,business analyst,5,213,918
de-5873216272,20260911,de,BA,business analyst,5,212,918
de-5873219567,20260911,de,BI,BI analyst,1,2,19
de-5873634548,20260911,de,BA,business analyst,5,211,918
de-5873635208,20260911,de,BA,business analyst,5,210,918
de-5873635871,20260911,de,DA,datenanalyst,1,4,29
de-5873685422,20260911,de,DA,datenanalyst,1,3,29
de-5873774782,20260911,de,BA,business analyst,5,209,918
de-5873883176,20260911,de,BA,business analyst,5,207,918
de-5873883183,20260911,de,BA,business analyst,5,208,918
de-5873883186,20260911,de,BA,business analyst,5,206,918
de-5873883245,20260911,de,DA,data analyst,1,48,305
de-5873890700,20260911,de,BA,business analyst,5,205,918
de-5873913366,20260911,de,BA,business analyst,5,204,918
de-5874059885,20260911,de,BA,business analyst,5,203,918
de-5874076520,20260911,de,BA,business analyst,5,202,918
de-5874132105,20260911,de,BA,business analyst,5,201,918
de-5874179170,20260911,de,BA,business analyst,4,200,918
de-5874180910,20260911,de,DA,data analyst,1,47,305
de-5874185176,20260911,de,BA,business analyst,4,199,918
de-5874189820,20260911,de,BA,business analyst,4,198,918
de-5874196401,20260911,de,BA,business analyst,4,197,918
de-5874306062,20260911,de,BA,business analyst,4,196,918
de-5874368305,20260911,de,BA,business analyst,4,195,918
de-5874369278,20260911,de,BA,business analyst,4,194,918
de-5875138197,20260911,de,BA,business analyst,4,192,918
de-5875138215,20260911,de,BA,business analyst,4,193,918
de-5875138234,20260911,de,BA,business analyst,4,191,918
de-5875147926,20260911,de,DA,datenanalyst,1,2,29
de-5875148561,20260911,de,BA,business analyst,4,190,918
de-5875150140,20260911,de,BA,business analyst,4,189,918
de-5875150496,20260911,de,BA,business analyst,4,188,918
de-5875162957,20260911,de,DA,data analyst,1,46,305
de-5875209008,20260911,de,DA,data analyst,1,45,305
de-5875270653,20260911,de,BA,business analyst,4,187,918
de-5875287821,20260911,de,DA,data analyst,1,44,305
de-5875381675,20260911,de,DA,data analyst,1,43,305
de-5875381683,20260911,de,DA,data analyst,1,41,305
de-5875381696,20260911,de,DA,data analyst,1,42,305
de-5875381698,20260911,de,BA,business analyst,4,186,918
de-5875381708,20260911,de,BA,business analyst,4,184,918
de-5875381714,20260911,de,BA,business analyst,4,185,918
de-5875381717,20260911,de,BA,business analyst,4,183,918
de-5875504554,20260911,de,BA,business analyst,4,182,918
de-5875504554,20260911,de,DA,data analyst,1,40,305
de-5875565825,20260911,de,DA,data analyst,1,39,305
de-5875662187,20260911,de,DA,data analyst,1,38,305
de-5875780925,20260911,de,BA,business analyst,4,181,918
de-5875780925,20260911,de,BI,business intelligence analyst,1,9,19
de-5875800361,20260911,de,BA,business analyst,4,180,918
de-5875838976,20260911,de,DA,data analyst,1,37,305
de-5876188389,20260911,de,BA,business analyst,4,179,918
de-5876189812,20260911,de,BA,business analyst,4,178,918
de-5876260836,20260911,de,DA,data analyst,1,36,305
de-5876411570,20260911,de,DA,data analyst,1,35,305
de-5876421208,20260911,de,BA,business analyst,4,177,918
de-5876547616,20260911,de,BA,business analyst,4,176,918
de-5876547620,20260911,de,BA,business analyst,4,175,918
de-5876547647,20260911,de,BA,business analyst,4,174,918
de-5876547682,20260911,de,BA,business analyst,4,173,918
de-5876547735,20260911,de,BA,business analyst,4,172,918
de-5876547930,20260911,de,BA,business analyst,4,171,918
de-5876573913,20260911,de,DA,data analyst,1,34,305
de-5876649043,20260911,de,DA,datenanalyst,1,1,29
de-5876709432,20260911,de,BA,business analyst,4,170,918
de-5876763767,20260911,de,BA,business analyst,4,169,918
de-5876791333,20260911,de,BA,business analyst,4,168,918
de-5876791419,20260911,de,BA,business analyst,4,165,918
de-5876791420,20260911,de,BA,business analyst,4,167,918
de-5876791421,20260911,de,BA,business analyst,4,166,918
de-5876791495,20260911,de,BA,business analyst,4,164,918
de-5876791498,20260911,de,BA,business analyst,4,161,918
de-5876791499,20260911,de,BA,business analyst,4,162,918
de-5876791502,20260911,de,BA,business analyst,4,163,918
de-5876791508,20260911,de,BA,business analyst,4,160,918
de-5876791509,20260911,de,BA,business analyst,4,159,918
de-5876791537,20260911,de,BA,business analyst,4,158,918
de-5876791555,20260911,de,BA,business analyst,4,157,918
de-5876791710,20260911,de,BA,business analyst,4,156,918
de-5876791735,20260911,de,BA,business analyst,4,155,918
de-5877007385,20260911,de,BA,business analyst,4,154,918
de-5877056155,20260911,de,DA,data analyst,1,33,305
de-5877056156,20260911,de,BA,business analyst,4,153,918
de-5877111662,20260911,de,BA,business analyst,4,152,918
de-5877111663,20260911,de,BA,business analyst,4,151,918
de-5877197369,20260911,de,DA,data analyst,1,32,305
de-5877198557,20260911,de,BA,business analyst,3,150,918
de-5877199000,20260911,de,DA,data analyst,1,31,305
de-5877200279,20260911,de,BA,business analyst,3,149,918
de-5877276378,20260911,de,DA,data analyst,1,30,305
de-5877294642,20260911,de,BA,business analyst,3,148,918
de-5877294642,20260911,de,BI,business intelligence analyst,1,8,19
de-5877295773,20260911,de,BA,business analyst,3,147,918
de-5877303741,20260911,de,BA,business analyst,3,146,918
de-5877324902,20260911,de,BA,business analyst,3,145,918
de-5877327171,20260911,de,BA,business analyst,3,144,918
de-5877432281,20260911,de,BA,business analyst,3,143,918
de-5877432514,20260911,de,DA,data analyst,1,29,305
de-5877433018,20260911,de,BA,business analyst,3,142,918
de-5877433081,20260911,de,BA,business analyst,3,141,918
de-5877433101,20260911,de,DA,data analyst,1,28,305
de-5877523486,20260911,de,DA,data analyst,1,27,305
de-5877539673,20260911,de,DA,data analyst,1,26,305
de-5877636222,20260911,de,BA,business analyst,3,140,918
de-5877636222,20260911,de,BI,business intelligence analyst,1,7,19
de-5877689771,20260911,de,BA,business analyst,3,139,918
de-5877699573,20260911,de,BA,business analyst,3,138,918
de-5877699919,20260911,de,DA,data analyst,1,25,305
de-5877700406,20260911,de,BA,business analyst,3,137,918
de-5877766211,20260911,de,BA,business analyst,3,136,918
de-5877883000,20260911,de,DA,data analyst,1,24,305
de-5877893589,20260911,de,BA,business analyst,3,135,918
de-5877899155,20260911,de,BA,business analyst,3,134,918
de-5877900212,20260911,de,BA,business analyst,3,124,918
de-5877900227,20260911,de,BA,business analyst,3,122,918
de-5877900228,20260911,de,BA,business analyst,3,129,918
de-5877900234,20260911,de,BA,business analyst,3,127,918
de-5877900235,20260911,de,BA,business analyst,3,132,918
de-5877900239,20260911,de,BA,business analyst,3,118,918
de-5877900240,20260911,de,BA,business analyst,3,106,918
de-5877900248,20260911,de,BA,business analyst,3,125,918
de-5877900251,20260911,de,BA,business analyst,3,115,918
de-5877900252,20260911,de,BA,business analyst,3,111,918
de-5877900255,20260911,de,BA,business analyst,3,123,918
de-5877900260,20260911,de,BA,business analyst,3,114,918
de-5877900261,20260911,de,BA,business analyst,3,126,918
de-5877900262,20260911,de,BA,business analyst,3,133,918
de-5877900263,20260911,de,BA,business analyst,3,110,918
de-5877900265,20260911,de,BA,business analyst,3,108,918
de-5877900267,20260911,de,BA,business analyst,3,120,918
de-5877900271,20260911,de,BA,business analyst,3,128,918
de-5877900272,20260911,de,BA,business analyst,3,113,918
de-5877900274,20260911,de,BA,business analyst,3,116,918
de-5877900277,20260911,de,BA,business analyst,3,119,918
de-5877900278,20260911,de,BA,business analyst,3,112,918
de-5877900280,20260911,de,BA,business analyst,3,130,918
de-5877900282,20260911,de,BA,business analyst,3,109,918
de-5877900283,20260911,de,BA,business analyst,3,107,918
de-5877900284,20260911,de,BA,business analyst,3,131,918
de-5877900286,20260911,de,BA,business analyst,3,117,918
de-5877900289,20260911,de,BA,business analyst,3,121,918
de-5877900300,20260911,de,BA,business analyst,3,104,918
de-5877900312,20260911,de,BA,business analyst,3,105,918
de-5877900547,20260911,de,BA,business analyst,2,100,918
de-5877900573,20260911,de,BA,business analyst,3,103,918
de-5877900575,20260911,de,BA,business analyst,3,101,918
de-5877900591,20260911,de,BA,business analyst,3,102,918
de-5877900709,20260911,de,BA,business analyst,2,99,918
de-5877900781,20260911,de,BA,business analyst,2,98,918
de-5878054376,20260911,de,BA,business analyst,2,96,918
de-5878054470,20260911,de,BA,business analyst,2,97,918
de-5878054516,20260911,de,BA,business analyst,2,95,918
de-5878054652,20260911,de,BA,business analyst,2,93,918
de-5878054664,20260911,de,BA,business analyst,2,94,918
de-5878054707,20260911,de,BA,business analyst,2,92,918
de-5878054814,20260911,de,BA,business analyst,2,91,918
de-5878065945,20260911,de,BA,business analyst,2,90,918
de-5878067951,20260911,de,BA,business analyst,2,89,918
de-5878151512,20260911,de,BA,business analyst,2,88,918
de-5878151515,20260911,de,BA,business analyst,2,86,918
de-5878151525,20260911,de,BA,business analyst,2,87,918
de-5878151730,20260911,de,DA,data analyst,1,23,305
de-5878151980,20260911,de,BA,business analyst,2,84,918
de-5878151987,20260911,de,BA,business analyst,2,85,918
de-5878169539,20260911,de,BA,business analyst,2,83,918
de-5878209728,20260911,de,BA,business analyst,2,82,918
de-5878310082,20260911,de,BA,business analyst,2,81,918
de-5878310082,20260911,de,BI,business intelligence analyst,1,6,19
de-5878359376,20260911,de,BI,BI analyst,1,1,19
de-5878359376,20260911,de,DA,data analyst,1,22,305
de-5878390095,20260911,de,BA,business analyst,2,80,918
de-5878390321,20260911,de,BA,business analyst,2,79,918
de-5878463196,20260911,de,DA,data analyst,1,21,305
de-5878463510,20260911,de,BA,business analyst,2,77,918
de-5878463518,20260911,de,BA,business analyst,2,76,918
de-5878463519,20260911,de,BA,business analyst,2,78,918
de-5878463932,20260911,de,BA,business analyst,2,74,918
de-5878463933,20260911,de,BA,business analyst,2,75,918
de-5878463934,20260911,de,BA,business analyst,2,73,918
de-5878540082,20260911,de,BA,business analyst,2,72,918
de-5878564779,20260911,de,BA,business analyst,2,71,918
de-5878564779,20260911,de,BI,business intelligence analyst,1,5,19
de-5878577426,20260911,de,BA,business analyst,2,70,918
de-5878577434,20260911,de,BA,business analyst,2,69,918
de-5878581778,20260911,de,BA,business analyst,2,68,918
de-5878582009,20260911,de,BA,business analyst,2,67,918
de-5878582009,20260911,de,BI,business intelligence analyst,1,4,19
de-5878612040,20260911,de,BA,business analyst,2,66,918
de-5878614715,20260911,de,BA,business analyst,2,65,918
de-5878646795,20260911,de,BA,business analyst,2,64,918
de-5878648466,20260911,de,DA,data analyst,1,20,305
de-5878654976,20260911,de,BA,business analyst,2,63,918
de-5878660563,20260911,de,BA,business analyst,2,62,918
de-5878663192,20260911,de,BA,business analyst,2,61,918
de-5878664156,20260911,de,BA,business analyst,2,60,918
de-5878703873,20260911,de,BA,business analyst,2,59,918
de-5878711545,20260911,de,BA,business analyst,2,58,918
de-5878711794,20260911,de,BA,business analyst,2,57,918
de-5878720816,20260911,de,BA,business analyst,2,56,918
de-5878723185,20260911,de,BA,business analyst,2,55,918
de-5878723185,20260911,de,BI,business intelligence analyst,1,3,19
de-5878725967,20260911,de,DA,data analyst,1,19,305
de-5878756939,20260911,de,BA,business analyst,2,54,918
de-5878760335,20260911,de,BA,business analyst,2,53,918
de-5878760664,20260911,de,BA,business analyst,2,52,918
de-5878762920,20260911,de,DA,data analyst,1,18,305
de-5878763073,20260911,de,BA,business analyst,2,51,918
de-5878770512,20260911,de,DA,data analyst,1,17,305
de-5878773264,20260911,de,DA,data analyst,1,16,305
de-5878774040,20260911,de,BA,business analyst,1,50,918
de-5878774785,20260911,de,DA,data analyst,1,15,305
de-5878776866,20260911,de,BA,business analyst,1,49,918
de-5878776866,20260911,de,DA,data analyst,1,14,305
de-5878780075,20260911,de,BA,business analyst,1,48,918
de-5878780997,20260911,de,BA,business analyst,1,47,918
de-5878808089,20260911,de,BA,business analyst,1,46,918
de-5878808121,20260911,de,BA,business analyst,1,45,918
de-5878808256,20260911,de,BA,business analyst,1,44,918
de-5878808372,20260911,de,DA,data analyst,1,13,305
de-5878808546,20260911,de,BA,business analyst,1,43,918
de-5878808546,20260911,de,BI,business intelligence analyst,1,2,19
de-5878808677,20260911,de,BA,business analyst,1,42,918
de-5878809049,20260911,de,BA,business analyst,1,41,918
de-5878809278,20260911,de,BA,business analyst,1,40,918
de-5878809397,20260911,de,BA,business analyst,1,39,918
de-5878809560,20260911,de,BA,business analyst,1,38,918
de-5878809641,20260911,de,DA,data analyst,1,12,305
de-5878964991,20260911,de,BA,business analyst,1,37,918
de-5878965087,20260911,de,BA,business analyst,1,36,918
de-5878965327,20260911,de,DA,data analyst,1,11,305
de-5878965576,20260911,de,BA,business analyst,1,35,918
de-5878965576,20260911,de,BI,business intelligence analyst,1,1,19
de-5878965929,20260911,de,BA,business analyst,1,34,918
de-5878966349,20260911,de,BA,business analyst,1,33,918
de-5878966405,20260911,de,DA,data analyst,1,10,305
de-5878969727,20260911,de,DA,data analyst,1,9,305
de-5879015086,20260911,de,BA,business analyst,1,32,918
de-5879015738,20260911,de,BA,business analyst,1,31,918
de-5879020200,20260911,de,BA,business analyst,1,30,918
de-5879021472,20260911,de,BA,business analyst,1,29,918
de-5879022190,20260911,de,BA,business analyst,1,28,918
de-5879026429,20260911,de,BA,business analyst,1,27,918
de-5879033164,20260911,de,BA,business analyst,1,26,918
de-5879033537,20260911,de,BA,business analyst,1,25,918
de-5879035328,20260911,de,BA,business analyst,1,24,918
de-5879035358,20260911,de,BA,business analyst,1,23,918
de-5879052028,20260911,de,BA,business analyst,1,22,918
de-5879058949,20260911,de,BA,business analyst,1,21,918
de-5879067850,20260911,de,BA,business analyst,1,20,918
de-5879070108,20260911,de,BA,business analyst,1,19,918
de-5879081858,20260911,de,DA,data analyst,1,8,305
de-5879121900,20260911,de,BA,business analyst,1,18,918
de-5879204718,20260911,de,BA,business analyst,1,17,918
de-5879212581,20260911,de,BA,business analyst,1,16,918
de-5879212953,20260911,de,BA,business analyst,1,15,918
de-5879212982,20260911,de,BA,business analyst,1,14,918
de-5879213112,20260911,de,BA,business analyst,1,13,918
de-5879215901,20260911,de,BA,business analyst,1,12,918
de-5879216012,20260911,de,DA,data analyst,1,7,305
de-5879227010,20260911,de,DA,data analyst,1,6,305
de-5879229865,20260911,de,BA,business analyst,1,11,918
de-5879229946,20260911,de,DA,data analyst,1,5,305
de-5879237997,20260911,de,BA,business analyst,1,10,918
de-5879241710,20260911,de,DA,data analyst,1,4,305
de-5879243376,20260911,de,BA,business analyst,1,9,918
de-5879243722,20260911,de,BA,business analyst,1,8,918
de-5879245533,20260911,de,DA,data analyst,1,3,305
de-5879247439,20260911,de,BA,business analyst,1,7,918
de-5879248125,20260911,de,BA,business analyst,1,6,918
de-5879251463,20260911,de,BA,business analyst,1,5,918
de-5879376716,20260911,de,DA,data analyst,1,2,305
de-5879376750,20260911,de,DA,data analyst,1,1,305
de-5879427646,20260911,de,BA,business analyst,1,3,918
de-5879427647,20260911,de,BA,business analyst,1,2,918
de-5879427648,20260911,de,BA,business analyst,1,4,918
de-5879466412,20260911,de,BA,business analyst,1,1,918
es-3913351514,20260911,es,BA,business analyst,4,173,173
es-4338872287,20260911,es,DA,analista de datos,1,31,31
es-4844318797,20260911,es,DA,analista de datos,1,30,31
es-5053523221,20260911,es,DA,data analyst,5,207,207
es-5062368554,20260911,es,DA,data analyst,5,206,207
es-5414439868,20260911,es,BA,business analyst,4,172,173
es-5443261819,20260911,es,DA,data analyst,5,205,207
es-5448239326,20260911,es,BA,business analyst,4,171,173
es-5454305538,20260911,es,DA,data analyst,5,204,207
es-5455470367,20260911,es,DA,data analyst,5,203,207
es-5475582558,20260911,es,BA,business analyst,4,170,173
es-5486939001,20260911,es,BI,BI analyst,1,15,15
es-5486939001,20260911,es,DA,data analyst,5,202,207
es-5488503517,20260911,es,BA,business analyst,4,169,173
es-5542436881,20260911,es,BA,business analyst,4,168,173
es-5549132895,20260911,es,DA,data analyst,5,201,207
es-5552905057,20260911,es,DA,data analyst,4,200,207
es-5556867176,20260911,es,DA,data analyst,4,199,207
es-5584479066,20260911,es,DA,data analyst,4,198,207
es-5584544401,20260911,es,DA,data analyst,4,197,207
es-5602338439,20260911,es,DA,data analyst,4,196,207
es-5605372024,20260911,es,BA,business analyst,4,167,173
es-5638566356,20260911,es,DA,analista de datos,1,29,31
es-5642703201,20260911,es,BA,business analyst,4,166,173
es-5642703202,20260911,es,BA,business analyst,4,165,173
es-5646338521,20260911,es,DA,data analyst,4,195,207
es-5660680567,20260911,es,DA,data analyst,4,194,207
es-5660680575,20260911,es,BA,business analyst,4,164,173
es-5661996002,20260911,es,BA,business analyst,4,163,173
es-5664289290,20260911,es,BA,business analyst,4,162,173
es-5668783933,20260911,es,DA,data analyst,4,193,207
es-5673565699,20260911,es,DA,data analyst,4,192,207
es-5673565897,20260911,es,DA,data analyst,4,191,207
es-5673565931,20260911,es,DA,data analyst,4,190,207
es-5681713155,20260911,es,DA,data analyst,4,189,207
es-5683448359,20260911,es,DA,data analyst,4,188,207
es-5686363415,20260911,es,BA,business analyst,4,161,173
es-5687747590,20260911,es,DA,data analyst,4,187,207
es-5691444053,20260911,es,BI,analista BI,1,8,8
es-5693810934,20260911,es,BA,business analyst,4,160,173
es-5698322475,20260911,es,DA,data analyst,4,186,207
es-5698322731,20260911,es,BA,business analyst,4,159,173
es-5702619332,20260911,es,DA,data analyst,4,185,207
es-5705383100,20260911,es,BA,business analyst,4,158,173
es-5708767888,20260911,es,DA,data analyst,4,184,207
es-5713960479,20260911,es,DA,data analyst,4,183,207
es-5714273777,20260911,es,DA,data analyst,4,182,207
es-5716298368,20260911,es,BI,BI analyst,1,14,15
es-5716635479,20260911,es,BA,business analyst,4,157,173
es-5716635479,20260911,es,BI,business intelligence analyst,1,5,5
es-5716635479,20260911,es,DA,data analyst,4,181,207
es-5718777969,20260911,es,BA,business analyst,4,156,173
es-5718777969,20260911,es,DA,data analyst,4,180,207
es-5724647242,20260911,es,DA,data analyst,4,179,207
es-5724649232,20260911,es,DA,data analyst,4,178,207
es-5727385101,20260911,es,BA,analista de negocio,1,9,9
es-5727390046,20260911,es,BA,business analyst,4,155,173
es-5727681262,20260911,es,BI,BI analyst,1,13,15
es-5727681262,20260911,es,DA,data analyst,4,177,207
es-5727802231,20260911,es,DA,analista de datos,1,28,31
es-5728541860,20260911,es,BA,business analyst,4,154,173
es-5728543636,20260911,es,DA,data analyst,4,176,207
es-5729388183,20260911,es,DA,data analyst,4,175,207
es-5729388186,20260911,es,BA,business analyst,4,153,173
es-5733359643,20260911,es,BA,business analyst,4,152,173
es-5733359703,20260911,es,BA,business analyst,4,151,173
es-5741905961,20260911,es,DA,data analyst,4,174,207
es-5742532966,20260911,es,BA,business analyst,3,150,173
es-5743996351,20260911,es,DA,data analyst,4,173,207
es-5745004276,20260911,es,DA,data analyst,4,172,207
es-5748434539,20260911,es,DA,data analyst,4,171,207
es-5749558087,20260911,es,DA,data analyst,4,170,207
es-5749589355,20260911,es,BI,analista BI,1,7,8
es-5751211477,20260911,es,DA,data analyst,4,169,207
es-5751245740,20260911,es,DA,data analyst,4,168,207
es-5751249413,20260911,es,BA,business analyst,3,149,173
es-5752846256,20260911,es,DA,data analyst,4,167,207
es-5753696198,20260911,es,DA,data analyst,4,166,207
es-5755773975,20260911,es,BI,BI analyst,1,12,15
es-5756959457,20260911,es,BA,business analyst,3,148,173
es-5756959460,20260911,es,BA,business analyst,3,147,173
es-5757435367,20260911,es,DA,data analyst,4,165,207
es-5759182288,20260911,es,DA,data analyst,4,164,207
es-5759700087,20260911,es,BA,business analyst,3,146,173
es-5761078609,20260911,es,DA,data analyst,4,163,207
es-5761078622,20260911,es,BA,business analyst,3,145,173
es-5761853071,20260911,es,BA,business analyst,3,144,173
es-5763015185,20260911,es,BA,business analyst,3,143,173
es-5764608267,20260911,es,BA,business analyst,3,142,173
es-5768404746,20260911,es,DA,data analyst,4,162,207
es-5769095161,20260911,es,DA,analista de datos,1,27,31
es-5769095161,20260911,es,DA,data analyst,4,161,207
es-5769095240,20260911,es,BA,analista de negocio,1,8,9
es-5769205031,20260911,es,BA,business analyst,3,141,173
es-5770246172,20260911,es,BA,business analyst,3,140,173
es-5772050322,20260911,es,BA,business analyst,3,139,173
es-5772801320,20260911,es,BA,business analyst,3,138,173
es-5772801320,20260911,es,DA,data analyst,4,160,207
es-5772822358,20260911,es,DA,data analyst,4,159,207
es-5772841708,20260911,es,DA,data analyst,4,158,207
es-5773204123,20260911,es,DA,data analyst,4,157,207
es-5775499094,20260911,es,BA,business analyst,3,137,173
es-5775801242,20260911,es,BA,business analyst,3,136,173
es-5775849278,20260911,es,BA,business analyst,3,135,173
es-5775903592,20260911,es,BA,business analyst,3,134,173
es-5776910376,20260911,es,BA,business analyst,3,133,173
es-5777371432,20260911,es,BI,analista BI,1,6,8
es-5777371432,20260911,es,DA,analista de datos,1,26,31
es-5777371435,20260911,es,DA,analista de datos,1,25,31
es-5777371447,20260911,es,BA,business analyst,3,132,173
es-5777582600,20260911,es,DA,data analyst,4,156,207
es-5778317579,20260911,es,BA,business analyst,3,131,173
es-5779525202,20260911,es,DA,data analyst,4,155,207
es-5779525298,20260911,es,DA,analista de datos,1,24,31
es-5779542422,20260911,es,BA,business analyst,3,130,173
es-5781090243,20260911,es,DA,data analyst,4,154,207
es-5781890023,20260911,es,BI,BI analyst,1,11,15
es-5782656178,20260911,es,DA,data analyst,4,153,207
es-5784531003,20260911,es,DA,data analyst,4,152,207
es-5787322539,20260911,es,DA,data analyst,4,151,207
es-5788548819,20260911,es,BA,business analyst,3,129,173
es-5788549885,20260911,es,BA,business analyst,3,128,173
es-5788550130,20260911,es,DA,data analyst,3,150,207
es-5788551290,20260911,es,BA,business analyst,3,127,173
es-5789442565,20260911,es,BA,business analyst,3,126,173
es-5790240184,20260911,es,DA,analista de datos,1,23,31
es-5790240230,20260911,es,BI,BI analyst,1,10,15
es-5790240230,20260911,es,BA,business analyst,3,125,173
es-5790664903,20260911,es,BA,business analyst,3,124,173
es-5790664925,20260911,es,BI,BI analyst,1,9,15
es-5790664925,20260911,es,DA,data analyst,3,149,207
es-5794830031,20260911,es,BA,business analyst,3,123,173
es-5794830031,20260911,es,BI,business intelligence analyst,1,4,5
es-5795133088,20260911,es,BA,business analyst,3,122,173
es-5795188847,20260911,es,BA,business analyst,3,121,173
es-5795188848,20260911,es,DA,data analyst,3,148,207
es-5795188858,20260911,es,DA,analista de datos,1,22,31
es-5795188874,20260911,es,BA,business analyst,3,120,173
es-5796275001,20260911,es,BA,business analyst,3,119,173
es-5798345034,20260911,es,DA,data analyst,3,147,207
es-5798605394,20260911,es,DA,data analyst,3,146,207
es-5801923689,20260911,es,DA,data analyst,3,145,207
es-5801930193,20260911,es,DA,data analyst,3,144,207
es-5802304797,20260911,es,BA,business analyst,3,118,173
es-5802390840,20260911,es,DA,data analyst,3,143,207
es-5802409104,20260911,es,BI,BI analyst,1,8,15
es-5802409104,20260911,es,DA,data analyst,3,142,207
es-5804499903,20260911,es,BA,business analyst,3,116,173
es-5804499903,20260911,es,DA,data analyst,3,138,207
es-5804499904,20260911,es,DA,data analyst,3,140,207
es-5804499906,20260911,es,DA,data analyst,3,139,207
es-5804499911,20260911,es,BA,business analyst,3,117,173
es-5804499912,20260911,es,DA,data analyst,3,141,207
es-5804499919,20260911,es,DA,data analyst,3,137,207
es-5804499920,20260911,es,BA,business analyst,3,114,173
es-5804499921,20260911,es,BA,business analyst,3,115,173
es-5805256753,20260911,es,DA,data analyst,3,136,207
es-5805466910,20260911,es,DA,data analyst,3,135,207
es-5805845515,20260911,es,BA,business analyst,3,113,173
es-5805845815,20260911,es,BA,business analyst,3,112,173
es-5805910251,20260911,es,DA,data analyst,3,134,207
es-5806611926,20260911,es,BA,business analyst,3,111,173
es-5806932448,20260911,es,BA,business analyst,3,110,173
es-5807567705,20260911,es,DA,analista de datos,1,21,31
es-5807567789,20260911,es,BA,business analyst,3,109,173
es-5807568221,20260911,es,BA,business analyst,3,108,173
es-5807568381,20260911,es,DA,data analyst,3,133,207
es-5808917016,20260911,es,DA,data analyst,3,132,207
es-5809366771,20260911,es,BA,business analyst,3,107,173
es-5811212058,20260911,es,BA,business analyst,3,106,173
es-5811218534,20260911,es,DA,data analyst,3,131,207
es-5811519298,20260911,es,DA,analista de datos,1,20,31
es-5811519595,20260911,es,DA,data analyst,3,130,207
es-5811523003,20260911,es,DA,data analyst,3,129,207
es-5811523768,20260911,es,BA,business analyst,3,105,173
es-5812975128,20260911,es,BA,business analyst,3,104,173
es-5813471620,20260911,es,BA,business analyst,3,103,173
es-5813471622,20260911,es,BA,business analyst,3,102,173
es-5814612643,20260911,es,DA,data analyst,3,128,207
es-5814614706,20260911,es,DA,data analyst,3,127,207
es-5815003253,20260911,es,BA,business analyst,3,101,173
es-5815067896,20260911,es,DA,data analyst,3,126,207
es-5815897769,20260911,es,BA,business analyst,2,100,173
es-5815899015,20260911,es,DA,data analyst,3,125,207
es-5816882064,20260911,es,DA,data analyst,3,124,207
es-5816886466,20260911,es,DA,data analyst,3,123,207
es-5816887070,20260911,es,DA,data analyst,3,122,207
es-5816888575,20260911,es,DA,analista de datos,1,19,31
es-5816888575,20260911,es,BA,analista de negocio,1,7,9
es-5816889149,20260911,es,DA,data analyst,3,121,207
es-5817668350,20260911,es,DA,data analyst,3,120,207
es-5818054313,20260911,es,DA,analista de datos,1,18,31
es-5819155335,20260911,es,BA,business analyst,2,99,173
es-5819525301,20260911,es,BA,business analyst,2,98,173
es-5819735866,20260911,es,BA,business analyst,2,97,173
es-5820880710,20260911,es,DA,data analyst,3,119,207
es-5821484196,20260911,es,BA,business analyst,2,96,173
es-5822105505,20260911,es,DA,analista de datos,1,17,31
es-5822105512,20260911,es,BA,business analyst,2,95,173
es-5822105517,20260911,es,DA,data analyst,3,118,207
es-5822105536,20260911,es,BI,analista BI,1,5,8
es-5822127039,20260911,es,BA,business analyst,2,94,173
es-5822127039,20260911,es,DA,data analyst,3,117,207
es-5822127739,20260911,es,DA,data analyst,3,116,207
es-5822582301,20260911,es,DA,data analyst,3,115,207
es-5823528096,20260911,es,BA,business analyst,2,93,173
es-5823530887,20260911,es,BA,business analyst,2,92,173
es-5825429896,20260911,es,BA,business analyst,2,91,173
es-5825429896,20260911,es,BI,business intelligence analyst,1,3,5
es-5826399292,20260911,es,DA,analista de datos,1,16,31
es-5826930088,20260911,es,BA,business analyst,2,89,173
es-5826930123,20260911,es,BA,business analyst,2,90,173
es-5827420415,20260911,es,BA,business analyst,2,88,173
es-5827484280,20260911,es,BA,analista de negocio,1,6,9
es-5827489363,20260911,es,BA,business analyst,2,87,173
es-5828841183,20260911,es,DA,data analyst,3,114,207
es-5828841240,20260911,es,DA,data analyst,3,113,207
es-5829212079,20260911,es,DA,data analyst,3,112,207
es-5830168260,20260911,es,BA,business analyst,2,86,173
es-5831007196,20260911,es,DA,data analyst,3,111,207
es-5831622821,20260911,es,BA,business analyst,2,85,173
es-5831663786,20260911,es,DA,data analyst,3,108,207
es-5831663787,20260911,es,DA,data analyst,3,109,207
es-5831663790,20260911,es,DA,data analyst,3,110,207
es-5831663808,20260911,es,BA,analista de negocio,1,5,9
es-5831947917,20260911,es,BI,BI analyst,1,7,15
es-5831947917,20260911,es,BA,business analyst,2,84,173
es-5831947917,20260911,es,DA,data analyst,3,107,207
es-5831947933,20260911,es,DA,data analyst,3,106,207
es-5832297089,20260911,es,DA,data analyst,3,105,207
es-5833078922,20260911,es,BA,business analyst,2,83,173
es-5833173127,20260911,es,BI,analista BI,1,4,8
es-5833175641,20260911,es,DA,data analyst,3,104,207
es-5833175918,20260911,es,DA,data analyst,3,103,207
es-5833179581,20260911,es,DA,data analyst,3,102,207
es-5833180127,20260911,es,BA,business analyst,2,82,173
es-5833180196,20260911,es,DA,data analyst,3,101,207
es-5833183483,20260911,es,DA,data analyst,2,100,207
es-5834448734,20260911,es,BA,business analyst,2,81,173
es-5834449339,20260911,es,BA,business analyst,2,80,173
es-5834450385,20260911,es,BI,BI analyst,1,6,15
es-5834452055,20260911,es,DA,data analyst,2,99,207
es-5834452112,20260911,es,BA,analista de negocio,1,4,9
es-5835351026,20260911,es,BA,business analyst,2,79,173
es-5835351268,20260911,es,DA,data analyst,2,98,207
es-5835846461,20260911,es,BA,business analyst,2,78,173
es-5836460035,20260911,es,DA,data analyst,2,97,207
es-5837896345,20260911,es,DA,data analyst,2,96,207
es-5838199216,20260911,es,BA,business analyst,2,77,173
es-5840002498,20260911,es,BA,business analyst,2,76,173
es-5840003172,20260911,es,DA,analista de datos,1,15,31
es-5840008267,20260911,es,BA,business analyst,2,75,173
es-5840008880,20260911,es,DA,data analyst,2,95,207
es-5841410469,20260911,es,BA,business analyst,2,74,173
es-5841477025,20260911,es,DA,analista de datos,1,12,31
es-5841477028,20260911,es,DA,analista de datos,1,13,31
es-5841477029,20260911,es,DA,data analyst,2,94,207
es-5841477041,20260911,es,DA,analista de datos,1,14,31
es-5841481504,20260911,es,BA,business analyst,2,73,173
es-5841483165,20260911,es,BA,business analyst,2,72,173
es-5841483670,20260911,es,BA,business analyst,2,71,173
es-5842845523,20260911,es,DA,data analyst,2,93,207
es-5842845776,20260911,es,DA,data analyst,2,92,207
es-5842845804,20260911,es,DA,data analyst,2,91,207
es-5842846465,20260911,es,DA,data analyst,2,89,207
es-5842846466,20260911,es,DA,data analyst,2,90,207
es-5842846655,20260911,es,DA,data analyst,2,88,207
es-5844045073,20260911,es,DA,data analyst,2,87,207
es-5845483674,20260911,es,DA,data analyst,2,86,207
es-5845483714,20260911,es,BA,business analyst,2,70,173
es-5846288432,20260911,es,BA,business analyst,2,69,173
es-5846295281,20260911,es,BI,analista BI,1,3,8
es-5846566085,20260911,es,BA,business analyst,2,68,173
es-5846566085,20260911,es,DA,data analyst,2,85,207
es-5846769007,20260911,es,BA,business analyst,2,67,173
es-5847858891,20260911,es,BA,business analyst,2,66,173
es-5847858891,20260911,es,DA,data analyst,2,84,207
es-5847928313,20260911,es,BA,business analyst,2,65,173
es-5847928313,20260911,es,DA,data analyst,2,83,207
es-5848696994,20260911,es,BI,analista BI,1,2,8
es-5849364519,20260911,es,BA,business analyst,2,64,173
es-5849618350,20260911,es,BA,business analyst,2,63,173
es-5849618350,20260911,es,DA,data analyst,2,82,207
es-5849713446,20260911,es,DA,data analyst,2,81,207
es-5850719036,20260911,es,BA,business analyst,2,62,173
es-5850719037,20260911,es,DA,analista de datos,1,10,31
es-5850719041,20260911,es,DA,analista de datos,1,11,31
es-5852180548,20260911,es,BA,business analyst,2,61,173
es-5852211253,20260911,es,DA,data analyst,2,80,207
es-5852212327,20260911,es,DA,data analyst,2,79,207
es-5853440777,20260911,es,DA,data analyst,2,78,207
es-5853440938,20260911,es,BA,business analyst,2,60,173
es-5853441056,20260911,es,BA,analista de negocio,1,3,9
es-5853441347,20260911,es,DA,data analyst,2,77,207
es-5853441702,20260911,es,DA,data analyst,2,76,207
es-5854610741,20260911,es,BA,business analyst,2,59,173
es-5854612154,20260911,es,DA,data analyst,2,75,207
es-5855789317,20260911,es,BA,business analyst,2,58,173
es-5855789317,20260911,es,BI,business intelligence analyst,1,2,5
es-5855789317,20260911,es,DA,data analyst,2,74,207
es-5856423548,20260911,es,BI,BI analyst,1,5,15
es-5856423548,20260911,es,DA,data analyst,2,73,207
es-5857251291,20260911,es,BA,business analyst,2,57,173
es-5857251293,20260911,es,BA,business analyst,2,56,173
es-5857298502,20260911,es,DA,data analyst,2,72,207
es-5857315544,20260911,es,BA,business analyst,2,55,173
es-5858021855,20260911,es,BA,business analyst,2,54,173
es-5858022178,20260911,es,BA,business analyst,2,53,173
es-5858113036,20260911,es,BA,business analyst,2,52,173
es-5859470325,20260911,es,BI,analista BI,1,1,8
es-5859470325,20260911,es,DA,analista de datos,1,9,31
es-5859470328,20260911,es,BA,business analyst,2,51,173
es-5859470330,20260911,es,DA,analista de datos,1,8,31
es-5859486123,20260911,es,DA,data analyst,2,71,207
es-5860792312,20260911,es,DA,data analyst,2,70,207
es-5860793667,20260911,es,BA,business analyst,1,50,173
es-5860876076,20260911,es,BA,business analyst,1,49,173
es-5860876260,20260911,es,BA,business analyst,1,48,173
es-5860876510,20260911,es,BA,business analyst,1,47,173
es-5860876693,20260911,es,BA,business analyst,1,46,173
es-5860876702,20260911,es,BA,business analyst,1,45,173
es-5860876784,20260911,es,DA,data analyst,2,69,207
es-5860876791,20260911,es,DA,data analyst,2,68,207
es-5860877226,20260911,es,BA,business analyst,1,44,173
es-5861953952,20260911,es,DA,data analyst,2,67,207
es-5862004925,20260911,es,BA,business analyst,1,43,173
es-5862803275,20260911,es,DA,data analyst,2,66,207
es-5863094494,20260911,es,DA,data analyst,2,65,207
es-5863165497,20260911,es,BA,business analyst,1,42,173
es-5863165538,20260911,es,DA,data analyst,2,64,207
es-5863174231,20260911,es,DA,data analyst,2,63,207
es-5864029874,20260911,es,BA,business analyst,1,40,173
es-5864029875,20260911,es,BA,business analyst,1,41,173
es-5865208293,20260911,es,BA,business analyst,1,39,173
es-5866597031,20260911,es,BA,business analyst,1,38,173
es-5866702428,20260911,es,BA,business analyst,1,37,173
es-5866703354,20260911,es,DA,data analyst,2,62,207
es-5866704344,20260911,es,BA,business analyst,1,36,173
es-5866754797,20260911,es,DA,analista de datos,1,7,31
es-5868522660,20260911,es,DA,data analyst,2,61,207
es-5868522682,20260911,es,BA,business analyst,1,35,173
es-5868523115,20260911,es,DA,data analyst,2,60,207
es-5868523147,20260911,es,BA,business analyst,1,34,173
es-5868523535,20260911,es,DA,data analyst,2,59,207
es-5868523889,20260911,es,BA,business analyst,1,33,173
es-5868523893,20260911,es,DA,data analyst,2,58,207
es-5869620929,20260911,es,DA,data analyst,2,57,207
es-5869800024,20260911,es,DA,data analyst,2,56,207
es-5870124651,20260911,es,DA,data analyst,2,55,207
es-5870124759,20260911,es,BA,business analyst,1,32,173
es-5870227666,20260911,es,DA,analista de datos,1,6,31
es-5870227709,20260911,es,BA,business analyst,1,31,173
es-5870237059,20260911,es,DA,data analyst,2,54,207
es-5870237775,20260911,es,BA,analista de negocio,1,2,9
es-5870238152,20260911,es,BA,business analyst,1,30,173
es-5870238555,20260911,es,BA,business analyst,1,29,173
es-5870238555,20260911,es,DA,data analyst,2,53,207
es-5870238699,20260911,es,DA,data analyst,2,52,207
es-5870239214,20260911,es,DA,data analyst,2,51,207
es-5870239690,20260911,es,DA,data analyst,1,50,207
es-5870239815,20260911,es,BA,business analyst,1,28,173
es-5870460714,20260911,es,DA,analista de datos,1,5,31
es-5870528418,20260911,es,BI,BI analyst,1,4,15
es-5871535959,20260911,es,DA,data analyst,1,49,207
es-5871672539,20260911,es,BA,business analyst,1,27,173
es-5871678935,20260911,es,DA,data analyst,1,48,207
es-5871919099,20260911,es,DA,data analyst,1,47,207
es-5872877960,20260911,es,DA,data analyst,1,46,207
es-5872878044,20260911,es,DA,data analyst,1,45,207
es-5872878492,20260911,es,BA,business analyst,1,26,173
es-5872878705,20260911,es,BA,business analyst,1,25,173
es-5872878843,20260911,es,BI,BI analyst,1,3,15
es-5872878993,20260911,es,DA,data analyst,1,44,207
es-5873570987,20260911,es,DA,data analyst,1,43,207
es-5873575633,20260911,es,BA,business analyst,1,24,173
es-5873772242,20260911,es,DA,data analyst,1,41,207
es-5873772243,20260911,es,DA,data analyst,1,42,207
es-5873887817,20260911,es,DA,data analyst,1,40,207
es-5873887845,20260911,es,DA,data analyst,1,39,207
es-5874808253,20260911,es,BA,business analyst,1,23,173
es-5875309248,20260911,es,BA,business analyst,1,22,173
es-5875309248,20260911,es,BI,business intelligence analyst,1,1,5
es-5875390407,20260911,es,DA,data analyst,1,38,207
es-5875390813,20260911,es,DA,data analyst,1,37,207
es-5875390924,20260911,es,BA,business analyst,1,21,173
es-5875391026,20260911,es,DA,data analyst,1,36,207
es-5875544018,20260911,es,DA,data analyst,1,35,207
es-5875686919,20260911,es,DA,analista de datos,1,4,31
es-5876170569,20260911,es,BI,BI analyst,1,2,15
es-5876170569,20260911,es,DA,data analyst,1,33,207
es-5876170578,20260911,es,DA,data analyst,1,34,207
es-5876171202,20260911,es,DA,data analyst,1,32,207
es-5876171794,20260911,es,DA,data analyst,1,31,207
es-5876172919,20260911,es,DA,data analyst,1,30,207
es-5876173589,20260911,es,DA,data analyst,1,29,207
es-5876175211,20260911,es,DA,data analyst,1,28,207
es-5876175275,20260911,es,BA,business analyst,1,20,173
es-5876175523,20260911,es,DA,data analyst,1,27,207
es-5876175985,20260911,es,DA,data analyst,1,26,207
es-5876176151,20260911,es,BA,business analyst,1,19,173
es-5876177174,20260911,es,DA,data analyst,1,25,207
es-5876177207,20260911,es,BA,business analyst,1,18,173
es-5876177650,20260911,es,DA,data analyst,1,24,207
es-5876178071,20260911,es,BA,business analyst,1,17,173
es-5876178071,20260911,es,DA,data analyst,1,23,207
es-5876178135,20260911,es,BA,business analyst,1,16,173
es-5876179238,20260911,es,BA,business analyst,1,15,173
es-5876179928,20260911,es,DA,data analyst,1,22,207
es-5876467378,20260911,es,DA,data analyst,1,21,207
es-5876467856,20260911,es,DA,data analyst,1,20,207
es-5876468001,20260911,es,BA,business analyst,1,14,173
es-5876468082,20260911,es,DA,data analyst,1,19,207
es-5876664519,20260911,es,BA,business analyst,1,13,173
es-5876664519,20260911,es,DA,data analyst,1,18,207
es-5876796865,20260911,es,BA,business analyst,1,12,173
es-5876796865,20260911,es,DA,data analyst,1,17,207
es-5876797202,20260911,es,DA,data analyst,1,16,207
es-5876797366,20260911,es,BA,business analyst,1,11,173
es-5876797882,20260911,es,BA,business analyst,1,10,173
es-5876797882,20260911,es,DA,data analyst,1,15,207
es-5876877479,20260911,es,DA,data analyst,1,14,207
es-5877619354,20260911,es,DA,data analyst,1,13,207
es-5877619364,20260911,es,BA,business analyst,1,9,173
es-5877835398,20260911,es,DA,analista de datos,1,3,31
es-5877835427,20260911,es,DA,data analyst,1,12,207
es-5878063256,20260911,es,DA,data analyst,1,11,207
es-5878063393,20260911,es,BA,business analyst,1,8,173
es-5878063394,20260911,es,BA,business analyst,1,7,173
es-5878063508,20260911,es,DA,data analyst,1,9,207
es-5878063509,20260911,es,DA,data analyst,1,10,207
es-5878137952,20260911,es,BA,business analyst,1,6,173
es-5878155681,20260911,es,BA,business analyst,1,5,173
es-5878156208,20260911,es,DA,data analyst,1,8,207
es-5878156808,20260911,es,DA,data analyst,1,7,207
es-5878157614,20260911,es,DA,data analyst,1,6,207
es-5878227610,20260911,es,DA,data analyst,1,5,207
es-5878500283,20260911,es,DA,analista de datos,1,2,31
es-5878841167,20260911,es,DA,data analyst,1,4,207
es-5878909729,20260911,es,BA,business analyst,1,4,173
es-5878911636,20260911,es,DA,data analyst,1,3,207
es-5878918201,20260911,es,BA,analista de negocio,1,1,9
es-5879133617,20260911,es,BI,BI analyst,1,1,15
es-5879133617,20260911,es,DA,data analyst,1,2,207
es-5879428485,20260911,es,DA,analista de datos,1,1,31
es-5879430073,20260911,es,BA,business analyst,1,3,173
es-5879431770,20260911,es,DA,data analyst,1,1,207
es-5879433039,20260911,es,BA,business analyst,1,2,173
es-5879654198,20260911,es,BA,business analyst,1,1,173
gb-5210480123,20260911,gb,BI,BI analyst,1,43,43
gb-5663621960,20260911,gb,BI,business intelligence analyst,1,41,41
gb-5748978694,20260911,gb,BI,BI analyst,1,42,43
gb-5761909402,20260911,gb,BI,business intelligence analyst,1,40,41
gb-5780349070,20260911,gb,BI,business intelligence analyst,1,39,41
gb-5794840082,20260911,gb,BI,business intelligence analyst,1,38,41
gb-5795609519,20260911,gb,BI,BI analyst,1,41,43
gb-5802870387,20260911,gb,BI,BI analyst,1,40,43
gb-5810688125,20260911,gb,BI,business intelligence analyst,1,37,41
gb-5812625608,20260911,gb,BI,business intelligence analyst,1,36,41
gb-5814771693,20260911,gb,BI,BI analyst,1,39,43
gb-5816502339,20260911,gb,BI,business intelligence analyst,1,35,41
gb-5816506157,20260911,gb,BI,business intelligence analyst,1,34,41
gb-5827485642,20260911,gb,BI,BI analyst,1,38,43
gb-5828022787,20260911,gb,BI,BI analyst,1,37,43
gb-5828402671,20260911,gb,BI,BI analyst,1,36,43
gb-5829818220,20260911,gb,BI,business intelligence analyst,1,33,41
gb-5835737479,20260911,gb,BI,business intelligence analyst,1,32,41
gb-5838730541,20260911,gb,BI,business intelligence analyst,1,31,41
gb-5839572817,20260911,gb,BI,business intelligence analyst,1,30,41
gb-5843072790,20260911,gb,BI,BI analyst,1,35,43
gb-5845658880,20260911,gb,BI,business intelligence analyst,1,29,41
gb-5846046384,20260911,gb,BI,BI analyst,1,34,43
gb-5847255298,20260911,gb,BI,BI analyst,1,33,43
gb-5852576301,20260911,gb,BI,business intelligence analyst,1,28,41
gb-5852581991,20260911,gb,BI,BI analyst,1,32,43
gb-5854310824,20260911,gb,BI,BI analyst,1,31,43
gb-5854951538,20260911,gb,BI,business intelligence analyst,1,27,41
gb-5855328200,20260911,gb,BI,BI analyst,1,30,43
gb-5855373969,20260911,gb,BI,business intelligence analyst,1,26,41
gb-5855373983,20260911,gb,BI,BI analyst,1,29,43
gb-5855377743,20260911,gb,BI,BI analyst,1,28,43
gb-5855716317,20260911,gb,BI,BI analyst,1,27,43
gb-5857174948,20260911,gb,BI,business intelligence analyst,1,25,41
gb-5857221137,20260911,gb,BI,BI analyst,1,25,43
gb-5857221143,20260911,gb,BI,BI analyst,1,26,43
gb-5858177274,20260911,gb,BI,BI analyst,1,24,43
gb-5858200065,20260911,gb,BI,BI analyst,1,23,43
gb-5858374336,20260911,gb,BI,business intelligence analyst,1,24,41
gb-5858404920,20260911,gb,BI,business intelligence analyst,1,23,41
gb-5859656397,20260911,gb,BI,BI analyst,1,22,43
gb-5861234016,20260911,gb,DA,data analyst,5,250,696
gb-5861397280,20260911,gb,DA,data analyst,5,249,696
gb-5861428762,20260911,gb,DA,data analyst,5,248,696
gb-5861733142,20260911,gb,DA,data analyst,5,247,696
gb-5861761607,20260911,gb,DA,data analyst,5,246,696
gb-5861792243,20260911,gb,DA,data analyst,5,245,696
gb-5862276870,20260911,gb,DA,data analyst,5,244,696
gb-5862284826,20260911,gb,DA,data analyst,5,243,696
gb-5862688235,20260911,gb,DA,data analyst,5,242,696
gb-5862989176,20260911,gb,DA,data analyst,5,241,696
gb-5863586463,20260911,gb,DA,data analyst,5,240,696
gb-5864147983,20260911,gb,DA,data analyst,5,238,696
gb-5864147992,20260911,gb,DA,data analyst,5,239,696
gb-5864528709,20260911,gb,DA,data analyst,5,237,696
gb-5864671247,20260911,gb,DA,data analyst,5,236,696
gb-5864728782,20260911,gb,DA,data analyst,5,235,696
gb-5864882328,20260911,gb,DA,data analyst,5,234,696
gb-5864981083,20260911,gb,DA,data analyst,5,233,696
gb-5865162761,20260911,gb,DA,data analyst,5,232,696
gb-5865190428,20260911,gb,DA,data analyst,5,226,696
gb-5865190429,20260911,gb,DA,data analyst,5,229,696
gb-5865190431,20260911,gb,DA,data analyst,5,228,696
gb-5865190433,20260911,gb,DA,data analyst,5,231,696
gb-5865190456,20260911,gb,DA,data analyst,5,227,696
gb-5865190459,20260911,gb,DA,data analyst,5,230,696
gb-5865190460,20260911,gb,DA,data analyst,5,224,696
gb-5865190461,20260911,gb,DA,data analyst,5,225,696
gb-5865197791,20260911,gb,DA,data analyst,5,223,696
gb-5865261664,20260911,gb,DA,data analyst,5,222,696
gb-5865265463,20260911,gb,DA,data analyst,5,220,696
gb-5865265469,20260911,gb,DA,data analyst,5,221,696
gb-5865265477,20260911,gb,DA,data analyst,5,219,696
gb-5865267720,20260911,gb,DA,data analyst,5,218,696
gb-5865267722,20260911,gb,DA,data analyst,5,217,696
gb-5865267724,20260911,gb,DA,data analyst,5,216,696
gb-5865269133,20260911,gb,DA,data analyst,5,215,696
gb-5865273205,20260911,gb,DA,data analyst,5,214,696
gb-5866532943,20260911,gb,DA,data analyst,5,212,696
gb-5866532946,20260911,gb,DA,data analyst,5,213,696
gb-5866718600,20260911,gb,BI,business intelligence analyst,1,22,41
gb-5867043036,20260911,gb,DA,data analyst,5,211,696
gb-5867061975,20260911,gb,DA,data analyst,5,210,696
gb-5867151553,20260911,gb,BI,BI analyst,1,21,43
gb-5867151553,20260911,gb,DA,data analyst,5,209,696
gb-5867187726,20260911,gb,DA,data analyst,5,208,696
gb-5867187859,20260911,gb,DA,data analyst,5,207,696
gb-5867188589,20260911,gb,DA,data analyst,5,206,696
gb-5867235621,20260911,gb,DA,data analyst,5,205,696
gb-5867236624,20260911,gb,DA,data analyst,5,204,696
gb-5867237314,20260911,gb,DA,data analyst,5,203,696
gb-5867249007,20260911,gb,BI,business intelligence analyst,1,21,41
gb-5867249869,20260911,gb,DA,data analyst,5,202,696
gb-5867251190,20260911,gb,DA,data analyst,5,201,696
gb-5867251978,20260911,gb,DA,data analyst,4,200,696
gb-5867306037,20260911,gb,DA,data analyst,4,199,696
gb-5867316849,20260911,gb,DA,data analyst,4,198,696
gb-5867507447,20260911,gb,DA,data analyst,4,197,696
gb-5867515337,20260911,gb,BI,business intelligence analyst,1,20,41
gb-5867530033,20260911,gb,DA,data analyst,4,196,696
gb-5867643019,20260911,gb,DA,data analyst,4,195,696
gb-5867643027,20260911,gb,DA,data analyst,4,194,696
gb-5867645768,20260911,gb,BI,business intelligence analyst,1,19,41
gb-5867645772,20260911,gb,DA,data analyst,4,193,696
gb-5867726461,20260911,gb,BI,BI analyst,1,20,43
gb-5867727691,20260911,gb,BI,business intelligence analyst,1,18,41
gb-5867756760,20260911,gb,DA,data analyst,4,192,696
gb-5868292468,20260911,gb,DA,data analyst,4,191,696
gb-5868457216,20260911,gb,DA,data analyst,4,190,696
gb-5868457872,20260911,gb,DA,data analyst,4,189,696
gb-5868457878,20260911,gb,DA,data analyst,4,188,696
gb-5868779114,20260911,gb,DA,data analyst,4,187,696
gb-5868913954,20260911,gb,DA,data analyst,4,186,696
gb-5868918352,20260911,gb,DA,data analyst,4,185,696
gb-5868984171,20260911,gb,DA,data analyst,4,184,696
gb-5869075476,20260911,gb,DA,data analyst,4,183,696
gb-5869105942,20260911,gb,DA,data analyst,4,182,696
gb-5869121529,20260911,gb,DA,data analyst,4,181,696
gb-5869150614,20260911,gb,DA,data analyst,4,180,696
gb-5869157666,20260911,gb,DA,data analyst,4,179,696
gb-5869180933,20260911,gb,BI,BI analyst,1,19,43
gb-5869183304,20260911,gb,DA,data analyst,4,178,696
gb-5869198302,20260911,gb,DA,data analyst,4,177,696
gb-5869208889,20260911,gb,DA,data analyst,4,176,696
gb-5869213473,20260911,gb,DA,data analyst,4,175,696
gb-5869301662,20260911,gb,DA,data analyst,4,174,696
gb-5869442923,20260911,gb,BI,business intelligence analyst,1,17,41
gb-5869444098,20260911,gb,DA,data analyst,4,173,696
gb-5869444100,20260911,gb,DA,data analyst,4,172,696
gb-5869444118,20260911,gb,DA,data analyst,4,171,696
gb-5869452153,20260911,gb,BI,business intelligence analyst,1,16,41
gb-5869493390,20260911,gb,DA,data analyst,4,170,696
gb-5869544669,20260911,gb,DA,data analyst,4,169,696
gb-5869550457,20260911,gb,BI,BI analyst,1,18,43
gb-5869552144,20260911,gb,DA,data analyst,4,168,696
gb-5869552162,20260911,gb,DA,data analyst,4,167,696
gb-5869552164,20260911,gb,DA,data analyst,4,166,696
gb-5869586939,20260911,gb,DA,data analyst,4,165,696
gb-5869799826,20260911,gb,DA,data analyst,4,164,696
gb-5869886956,20260911,gb,DA,data analyst,4,163,696
gb-5870168290,20260911,gb,DA,data analyst,4,162,696
gb-5870549762,20260911,gb,DA,data analyst,4,161,696
gb-5870628588,20260911,gb,DA,data analyst,4,160,696
gb-5870713848,20260911,gb,DA,data analyst,4,159,696
gb-5870741084,20260911,gb,BI,business intelligence analyst,1,15,41
gb-5870749603,20260911,gb,DA,data analyst,4,158,696
gb-5870759329,20260911,gb,DA,data analyst,4,157,696
gb-5870816065,20260911,gb,DA,data analyst,4,156,696
gb-5870816322,20260911,gb,DA,data analyst,4,154,696
gb-5870816364,20260911,gb,DA,data analyst,4,155,696
gb-5871005401,20260911,gb,DA,data analyst,4,153,696
gb-5871009870,20260911,gb,DA,data analyst,4,152,696
gb-5871011188,20260911,gb,DA,data analyst,4,151,696
gb-5871014147,20260911,gb,DA,data analyst,3,150,696
gb-5871014203,20260911,gb,DA,data analyst,3,148,696
gb-5871014210,20260911,gb,DA,data analyst,3,149,696
gb-5871029118,20260911,gb,DA,data analyst,3,147,696
gb-5871030865,20260911,gb,DA,data analyst,3,146,696
gb-5871043916,20260911,gb,DA,data analyst,3,145,696
gb-5871241488,20260911,gb,DA,data analyst,3,144,696
gb-5871261504,20260911,gb,DA,data analyst,3,143,696
gb-5871611701,20260911,gb,DA,data analyst,3,141,696
gb-5871611706,20260911,gb,DA,data analyst,3,142,696
gb-5871614422,20260911,gb,DA,data analyst,3,137,696
gb-5871614424,20260911,gb,DA,data analyst,3,138,696
gb-5871614428,20260911,gb,DA,data analyst,3,139,696
gb-5871614438,20260911,gb,DA,data analyst,3,140,696
gb-5871887901,20260911,gb,DA,data analyst,3,136,696
gb-5871940068,20260911,gb,DA,data analyst,3,135,696
gb-5872108433,20260911,gb,DA,data analyst,3,134,696
gb-5872113905,20260911,gb,DA,data analyst,3,133,696
gb-5872114472,20260911,gb,DA,data analyst,3,132,696
gb-5872120033,20260911,gb,DA,data analyst,3,131,696
gb-5872123477,20260911,gb,DA,data analyst,3,130,696
gb-5872260634,20260911,gb,DA,data analyst,3,129,696
gb-5872300185,20260911,gb,DA,data analyst,3,128,696
gb-5872822448,20260911,gb,DA,data analyst,3,127,696
gb-5872906430,20260911,gb,DA,data analyst,3,126,696
gb-5873088328,20260911,gb,DA,data analyst,3,125,696
gb-5873154934,20260911,gb,BA,business analyst,5,250,1300
gb-5873157161,20260911,gb,DA,data analyst,3,124,696
gb-5873162654,20260911,gb,DA,data analyst,3,123,696
gb-5873163248,20260911,gb,BA,business analyst,5,249,1300
gb-5873169412,20260911,gb,BA,business analyst,5,248,1300
gb-5873181355,20260911,gb,DA,data analyst,3,122,696
gb-5873190757,20260911,gb,DA,data analyst,3,121,696
gb-5873191559,20260911,gb,DA,data analyst,3,120,696
gb-5873192199,20260911,gb,BA,business analyst,5,247,1300
gb-5873192632,20260911,gb,DA,data analyst,3,119,696
gb-5873194093,20260911,gb,DA,data analyst,3,118,696
gb-5873195507,20260911,gb,DA,data analyst,3,117,696
gb-5873198578,20260911,gb,DA,data analyst,3,116,696
gb-5873199126,20260911,gb,DA,data analyst,3,115,696
gb-5873200149,20260911,gb,BA,business analyst,5,246,1300
gb-5873200149,20260911,gb,BI,business intelligence analyst,1,14,41
gb-5873203012,20260911,gb,BI,BI analyst,1,17,43
gb-5873203012,20260911,gb,DA,data analyst,3,114,696
gb-5873205987,20260911,gb,BA,business analyst,5,245,1300
gb-5873205987,20260911,gb,DA,data analyst,3,113,696
gb-5873317407,20260911,gb,BA,business analyst,5,244,1300
gb-5873317429,20260911,gb,BA,business analyst,5,243,1300
gb-5873326995,20260911,gb,BA,business analyst,5,242,1300
gb-5873698187,20260911,gb,BA,business analyst,5,241,1300
gb-5873698285,20260911,gb,DA,data analyst,3,112,696
gb-5873710850,20260911,gb,BA,business analyst,5,240,1300
gb-5873817947,20260911,gb,DA,data analyst,3,111,696
gb-5873919553,20260911,gb,BA,business analyst,5,239,1300
gb-5873933527,20260911,gb,BA,business analyst,5,238,1300
gb-5873934975,20260911,gb,BA,business analyst,5,237,1300
gb-5874052563,20260911,gb,BA,business analyst,5,236,1300
gb-5874056006,20260911,gb,BA,business analyst,5,235,1300
gb-5874056067,20260911,gb,BA,business analyst,5,234,1300
gb-5874058964,20260911,gb,DA,data analyst,3,110,696
gb-5874123325,20260911,gb,BA,business analyst,5,233,1300
gb-5874125172,20260911,gb,BA,business analyst,5,231,1300
gb-5874125173,20260911,gb,BA,business analyst,5,232,1300
gb-5874136549,20260911,gb,BA,business analyst,5,230,1300
gb-5874136572,20260911,gb,BI,BI analyst,1,16,43
gb-5874136572,20260911,gb,DA,data analyst,3,109,696
gb-5874136586,20260911,gb,DA,data analyst,3,108,696
gb-5874136795,20260911,gb,BA,business analyst,5,229,1300
gb-5874137037,20260911,gb,BA,business analyst,5,228,1300
gb-5874139106,20260911,gb,DA,data analyst,3,107,696
gb-5874139836,20260911,gb,BA,business analyst,5,227,1300
gb-5874164897,20260911,gb,BA,business analyst,5,226,1300
gb-5874169298,20260911,gb,BA,business analyst,5,225,1300
gb-5874169483,20260911,gb,BA,business analyst,5,224,1300
gb-5874198103,20260911,gb,BA,business analyst,5,223,1300
gb-5874217186,20260911,gb,DA,data analyst,3,106,696
gb-5874220883,20260911,gb,DA,data analyst,3,105,696
gb-5874253058,20260911,gb,BA,business analyst,5,222,1300
gb-5874264808,20260911,gb,DA,data analyst,3,104,696
gb-5874305260,20260911,gb,BA,business analyst,5,221,1300
gb-5874305309,20260911,gb,BA,business analyst,5,220,1300
gb-5874305309,20260911,gb,BI,business intelligence analyst,1,13,41
gb-5874305725,20260911,gb,BA,business analyst,5,219,1300
gb-5874345238,20260911,gb,BA,business analyst,5,218,1300
gb-5874353544,20260911,gb,BA,business analyst,5,217,1300
gb-5874376026,20260911,gb,BA,business analyst,5,216,1300
gb-5874392526,20260911,gb,BA,business analyst,5,215,1300
gb-5874392633,20260911,gb,DA,data analyst,3,103,696
gb-5874418500,20260911,gb,BI,BI analyst,1,15,43
gb-5874418862,20260911,gb,DA,data analyst,3,102,696
gb-5874433962,20260911,gb,BA,business analyst,5,214,1300
gb-5874487851,20260911,gb,DA,data analyst,3,101,696
gb-5874489689,20260911,gb,BA,business analyst,5,213,1300
gb-5874493866,20260911,gb,BA,business analyst,5,212,1300
gb-5874508666,20260911,gb,BA,business analyst,5,210,1300
gb-5874508666,20260911,gb,BI,business intelligence analyst,1,12,41
gb-5874508680,20260911,gb,BA,business analyst,5,211,1300
gb-5874508689,20260911,gb,DA,data analyst,2,100,696
gb-5874516749,20260911,gb,BA,business analyst,5,209,1300
gb-5874516815,20260911,gb,BA,business analyst,5,208,1300
gb-5874518734,20260911,gb,BA,business analyst,5,207,1300
gb-5874519937,20260911,gb,BI,BI analyst,1,14,43
gb-5874519937,20260911,gb,BA,business analyst,5,206,1300
gb-5874520009,20260911,gb,BA,business analyst,5,205,1300
gb-5874666931,20260911,gb,BA,business analyst,5,204,1300
gb-5874666941,20260911,gb,DA,data analyst,2,99,696
gb-5874671009,20260911,gb,DA,data analyst,2,98,696
gb-5874800211,20260911,gb,DA,data analyst,2,97,696
gb-5874800224,20260911,gb,BA,business analyst,5,203,1300
gb-5875056099,20260911,gb,BA,business analyst,5,201,1300
gb-5875056099,20260911,gb,BI,business intelligence analyst,1,10,41
gb-5875056109,20260911,gb,BA,business analyst,5,202,1300
gb-5875056109,20260911,gb,BI,business intelligence analyst,1,11,41
gb-5875057713,20260911,gb,BA,business analyst,4,200,1300
gb-5875062899,20260911,gb,BA,business analyst,4,199,1300
gb-5875137141,20260911,gb,BA,business analyst,4,198,1300
gb-5875137396,20260911,gb,BA,business analyst,4,197,1300
gb-5875231579,20260911,gb,BA,business analyst,4,196,1300
gb-5875322591,20260911,gb,BA,business analyst,4,195,1300
gb-5875329351,20260911,gb,BA,business analyst,4,194,1300
gb-5875438608,20260911,gb,BA,business analyst,4,193,1300
gb-5875536107,20260911,gb,DA,data analyst,2,96,696
gb-5875536150,20260911,gb,DA,data analyst,2,95,696
gb-5875592213,20260911,gb,DA,data analyst,2,94,696
gb-5875592730,20260911,gb,BA,business analyst,4,192,1300
gb-5875593492,20260911,gb,DA,data analyst,2,93,696
gb-5875603594,20260911,gb,BA,business analyst,4,191,1300
gb-5875603699,20260911,gb,BA,business analyst,4,190,1300
gb-5875604312,20260911,gb,BA,business analyst,4,188,1300
gb-5875604351,20260911,gb,BA,business analyst,4,189,1300
gb-5875606858,20260911,gb,BA,business analyst,4,187,1300
gb-5875607395,20260911,gb,BA,business analyst,4,186,1300
gb-5875612377,20260911,gb,BA,business analyst,4,185,1300
gb-5875694410,20260911,gb,BA,business analyst,4,184,1300
gb-5875712674,20260911,gb,BA,business analyst,4,183,1300
gb-5875712885,20260911,gb,BA,business analyst,4,182,1300
gb-5875722532,20260911,gb,BA,business analyst,4,181,1300
gb-5875732973,20260911,gb,BA,business analyst,4,180,1300
gb-5875732973,20260911,gb,DA,data analyst,2,92,696
gb-5875754973,20260911,gb,BA,business analyst,4,179,1300
gb-5875799231,20260911,gb,BA,business analyst,4,178,1300
gb-5875799472,20260911,gb,BA,business analyst,4,176,1300
gb-5875799480,20260911,gb,BA,business analyst,4,177,1300
gb-5875799487,20260911,gb,BA,business analyst,4,175,1300
gb-5875799525,20260911,gb,DA,data analyst,2,91,696
gb-5875799535,20260911,gb,BA,business analyst,4,174,1300
gb-5875807615,20260911,gb,BA,business analyst,4,173,1300
gb-5875823614,20260911,gb,BA,business analyst,4,172,1300
gb-5875831367,20260911,gb,BA,business analyst,4,171,1300
gb-5876081195,20260911,gb,BA,business analyst,4,170,1300
gb-5876081221,20260911,gb,BA,business analyst,4,168,1300
gb-5876081278,20260911,gb,BA,business analyst,4,169,1300
gb-5876081357,20260911,gb,BA,business analyst,4,167,1300
gb-5876081546,20260911,gb,BA,business analyst,4,166,1300
gb-5876103405,20260911,gb,BA,business analyst,4,165,1300
gb-5876127890,20260911,gb,BA,business analyst,4,164,1300
gb-5876128546,20260911,gb,BA,business analyst,4,163,1300
gb-5876131315,20260911,gb,BA,business analyst,4,162,1300
gb-5876242007,20260911,gb,BA,business analyst,4,161,1300
gb-5876242007,20260911,gb,BI,business intelligence analyst,1,9,41
gb-5876242063,20260911,gb,BA,business analyst,4,160,1300
gb-5876442514,20260911,gb,BI,BI analyst,1,13,43
gb-5876442525,20260911,gb,BA,business analyst,4,159,1300
gb-5876535527,20260911,gb,BA,business analyst,4,158,1300
gb-5876535527,20260911,gb,BI,business intelligence analyst,1,8,41
gb-5876535623,20260911,gb,BA,business analyst,4,157,1300
gb-5876536703,20260911,gb,BA,business analyst,4,156,1300
gb-5876538521,20260911,gb,BA,business analyst,4,155,1300
gb-5876749281,20260911,gb,DA,data analyst,2,90,696
gb-5876915448,20260911,gb,DA,data analyst,2,89,696
gb-5876915449,20260911,gb,DA,data analyst,2,87,696
gb-5876915453,20260911,gb,DA,data analyst,2,88,696
gb-5876920634,20260911,gb,BA,business analyst,4,154,1300
gb-5876949440,20260911,gb,BA,business analyst,4,153,1300
gb-5877046747,20260911,gb,BI,BI analyst,1,12,43
gb-5877048264,20260911,gb,BI,BI analyst,1,11,43
gb-5877109362,20260911,gb,BA,business analyst,4,152,1300
gb-5877109362,20260911,gb,DA,data analyst,2,86,696
gb-5877123842,20260911,gb,BI,BI analyst,1,10,43
gb-5877123842,20260911,gb,DA,data analyst,2,85,696
gb-5877123885,20260911,gb,BA,business analyst,4,151,1300
gb-5877123885,20260911,gb,DA,data analyst,2,84,696
gb-5877127989,20260911,gb,DA,data analyst,2,83,696
gb-5877128238,20260911,gb,BI,BI analyst,1,9,43
gb-5877128625,20260911,gb,BA,business analyst,3,149,1300
gb-5877128630,20260911,gb,BA,business analyst,3,150,1300
gb-5877129043,20260911,gb,BA,business analyst,3,148,1300
gb-5877134755,20260911,gb,BA,business analyst,3,147,1300
gb-5877134755,20260911,gb,DA,data analyst,2,82,696
gb-5877136646,20260911,gb,BA,business analyst,3,146,1300
gb-5877162970,20260911,gb,DA,data analyst,2,80,696
gb-5877162977,20260911,gb,DA,data analyst,2,81,696
gb-5877178557,20260911,gb,BA,business analyst,3,145,1300
gb-5877222773,20260911,gb,BA,business analyst,3,144,1300
gb-5877222773,20260911,gb,DA,data analyst,2,79,696
gb-5877224259,20260911,gb,BA,business analyst,3,143,1300
gb-5877228492,20260911,gb,BA,business analyst,3,142,1300
gb-5877231714,20260911,gb,DA,data analyst,2,78,696
gb-5877238460,20260911,gb,BA,business analyst,3,141,1300
gb-5877250980,20260911,gb,DA,data analyst,2,77,696
gb-5877260969,20260911,gb,DA,data analyst,2,76,696
gb-5877260984,20260911,gb,BA,business analyst,3,140,1300
gb-5877272351,20260911,gb,DA,data analyst,2,75,696
gb-5877272491,20260911,gb,DA,data analyst,2,74,696
gb-5877277958,20260911,gb,DA,data analyst,2,73,696
gb-5877279406,20260911,gb,BA,business analyst,3,139,1300
gb-5877279856,20260911,gb,BA,business analyst,3,138,1300
gb-5877281572,20260911,gb,DA,data analyst,2,72,696
gb-5877283570,20260911,gb,BA,business analyst,3,137,1300
gb-5877283699,20260911,gb,DA,data analyst,2,71,696
gb-5877285549,20260911,gb,BA,business analyst,3,136,1300
gb-5877286652,20260911,gb,BA,business analyst,3,135,1300
gb-5877293889,20260911,gb,BA,business analyst,3,134,1300
gb-5877395892,20260911,gb,BA,business analyst,3,133,1300
gb-5877395940,20260911,gb,BA,business analyst,3,132,1300
gb-5877395980,20260911,gb,DA,data analyst,2,70,696
gb-5877397317,20260911,gb,DA,data analyst,2,69,696
gb-5877409870,20260911,gb,BA,business analyst,3,131,1300
gb-5877439843,20260911,gb,BA,business analyst,3,130,1300
gb-5877439940,20260911,gb,BA,business analyst,3,129,1300
gb-5877440140,20260911,gb,BA,business analyst,3,128,1300
gb-5877440277,20260911,gb,BA,business analyst,3,127,1300
gb-5877449133,20260911,gb,BI,BI analyst,1,8,43
gb-5877449133,20260911,gb,DA,data analyst,2,68,696
gb-5877461801,20260911,gb,BA,business analyst,3,126,1300
gb-5877461831,20260911,gb,DA,data analyst,2,67,696
gb-5877462585,20260911,gb,BA,business analyst,3,125,1300
gb-5877472140,20260911,gb,BA,business analyst,3,124,1300
gb-5877472690,20260911,gb,BA,business analyst,3,122,1300
gb-5877472731,20260911,gb,BA,business analyst,3,123,1300
gb-5877472731,20260911,gb,DA,data analyst,2,66,696
gb-5877475608,20260911,gb,DA,data analyst,2,64,696
gb-5877475615,20260911,gb,DA,data analyst,2,65,696
gb-5877475768,20260911,gb,BI,BI analyst,1,7,43
gb-5877476264,20260911,gb,DA,data analyst,2,63,696
gb-5877528431,20260911,gb,BA,business analyst,3,121,1300
gb-5877528452,20260911,gb,BA,business analyst,3,120,1300
gb-5877528452,20260911,gb,DA,data analyst,2,62,696
gb-5877539589,20260911,gb,BA,business analyst,3,119,1300
gb-5877552045,20260911,gb,DA,data analyst,2,61,696
gb-5877552048,20260911,gb,BA,business analyst,3,118,1300
gb-5877557459,20260911,gb,BA,business analyst,3,117,1300
gb-5877599914,20260911,gb,DA,data analyst,2,60,696
gb-5877600075,20260911,gb,BA,business analyst,3,116,1300
gb-5877618502,20260911,gb,BI,BI analyst,1,6,43
gb-5877618564,20260911,gb,BA,business analyst,3,115,1300
gb-5877618601,20260911,gb,BA,business analyst,3,114,1300
gb-5877812082,20260911,gb,BA,business analyst,3,113,1300
gb-5877815129,20260911,gb,BA,business analyst,3,111,1300
gb-5877815130,20260911,gb,BA,business analyst,3,112,1300
gb-5877815140,20260911,gb,BA,business analyst,3,109,1300
gb-5877815147,20260911,gb,BA,business analyst,3,110,1300
gb-5877815599,20260911,gb,BA,business analyst,3,108,1300
gb-5877815645,20260911,gb,BA,business analyst,3,107,1300
gb-5877816738,20260911,gb,BA,business analyst,3,106,1300
gb-5877823855,20260911,gb,BA,business analyst,3,105,1300
gb-5877842114,20260911,gb,BA,business analyst,3,104,1300
gb-5877892348,20260911,gb,BA,business analyst,3,103,1300
gb-5877989976,20260911,gb,BA,business analyst,3,102,1300
gb-5877992048,20260911,gb,BA,business analyst,2,100,1300
gb-5877992051,20260911,gb,BA,business analyst,3,101,1300
gb-5877992053,20260911,gb,BA,business analyst,2,99,1300
gb-5877992082,20260911,gb,BA,business analyst,2,98,1300
gb-5877992770,20260911,gb,BA,business analyst,2,96,1300
gb-5877992772,20260911,gb,BA,business analyst,2,97,1300
gb-5877993714,20260911,gb,BA,business analyst,2,95,1300
gb-5877993715,20260911,gb,BA,business analyst,2,94,1300
gb-5878122529,20260911,gb,BA,business analyst,2,93,1300
gb-5878134765,20260911,gb,BA,business analyst,2,92,1300
gb-5878311635,20260911,gb,DA,data analyst,2,58,696
gb-5878311721,20260911,gb,DA,data analyst,2,59,696
gb-5878311812,20260911,gb,BA,business analyst,2,91,1300
gb-5878312431,20260911,gb,BA,business analyst,2,90,1300
gb-5878312442,20260911,gb,DA,data analyst,2,57,696
gb-5878312587,20260911,gb,DA,data analyst,2,55,696
gb-5878312608,20260911,gb,BA,business analyst,2,88,1300
gb-5878312638,20260911,gb,BA,business analyst,2,87,1300
gb-5878312725,20260911,gb,DA,data analyst,2,56,696
gb-5878312748,20260911,gb,BA,business analyst,2,89,1300
gb-5878312790,20260911,gb,BA,business analyst,2,85,1300
gb-5878312907,20260911,gb,BA,business analyst,2,86,1300
gb-5878312978,20260911,gb,DA,data analyst,2,54,696
gb-5878313068,20260911,gb,BA,business analyst,2,83,1300
gb-5878313089,20260911,gb,BA,business analyst,2,84,1300
gb-5878313678,20260911,gb,BA,business analyst,2,82,1300
gb-5878313975,20260911,gb,BA,business analyst,2,81,1300
gb-5878313975,20260911,gb,BI,business intelligence analyst,1,7,41
gb-5878314313,20260911,gb,DA,data analyst,2,52,696
gb-5878314332,20260911,gb,DA,data analyst,2,53,696
gb-5878314569,20260911,gb,DA,data analyst,2,51,696
gb-5878314573,20260911,gb,BA,business analyst,2,80,1300
gb-5878314573,20260911,gb,BI,business intelligence analyst,1,6,41
gb-5878314848,20260911,gb,BA,business analyst,2,79,1300
gb-5878315125,20260911,gb,BA,business analyst,2,78,1300
gb-5878315290,20260911,gb,BA,business analyst,2,77,1300
gb-5878315325,20260911,gb,DA,data analyst,1,50,696
gb-5878315341,20260911,gb,BA,business analyst,2,76,1300
gb-5878315343,20260911,gb,DA,data analyst,1,49,696
gb-5878315856,20260911,gb,DA,data analyst,1,47,696
gb-5878315979,20260911,gb,DA,data analyst,1,48,696
gb-5878316209,20260911,gb,DA,data analyst,1,46,696
gb-5878316458,20260911,gb,DA,data analyst,1,45,696
gb-5878316463,20260911,gb,BI,BI analyst,1,5,43
gb-5878316536,20260911,gb,BA,business analyst,2,75,1300
gb-5878316536,20260911,gb,BI,business intelligence analyst,1,5,41
gb-5878317321,20260911,gb,BA,business analyst,2,74,1300
gb-5878317321,20260911,gb,BI,business intelligence analyst,1,4,41
gb-5878317470,20260911,gb,BA,business analyst,2,73,1300
gb-5878317570,20260911,gb,BA,business analyst,2,72,1300
gb-5878317570,20260911,gb,DA,data analyst,1,44,696
gb-5878317587,20260911,gb,BI,BI analyst,1,4,43
gb-5878317667,20260911,gb,BA,business analyst,2,70,1300
gb-5878317747,20260911,gb,BA,business analyst,2,69,1300
gb-5878317751,20260911,gb,BA,business analyst,2,71,1300
gb-5878317838,20260911,gb,BA,business analyst,2,68,1300
gb-5878317887,20260911,gb,DA,data analyst,1,43,696
gb-5878391569,20260911,gb,BA,business analyst,2,67,1300
gb-5878402608,20260911,gb,BA,business analyst,2,66,1300
gb-5878402608,20260911,gb,DA,data analyst,1,42,696
gb-5878427784,20260911,gb,BA,business analyst,2,65,1300
gb-5878427784,20260911,gb,DA,data analyst,1,41,696
gb-5878460882,20260911,gb,BA,business analyst,2,64,1300
gb-5878461896,20260911,gb,BA,business analyst,2,63,1300
gb-5878466016,20260911,gb,BA,business analyst,2,62,1300
gb-5878466058,20260911,gb,BA,business analyst,2,61,1300
gb-5878466065,20260911,gb,BA,business analyst,2,60,1300
gb-5878466223,20260911,gb,BA,business analyst,2,59,1300
gb-5878470661,20260911,gb,BA,business analyst,2,58,1300
gb-5878470661,20260911,gb,DA,data analyst,1,40,696
gb-5878485801,20260911,gb,BA,business analyst,2,57,1300
gb-5878496001,20260911,gb,DA,data analyst,1,39,696
gb-5878496461,20260911,gb,DA,data analyst,1,38,696
gb-5878497715,20260911,gb,DA,data analyst,1,37,696
gb-5878505165,20260911,gb,BA,business analyst,2,56,1300
gb-5878505165,20260911,gb,BI,business intelligence analyst,1,3,41
gb-5878537172,20260911,gb,BA,business analyst,2,55,1300
gb-5878537420,20260911,gb,DA,data analyst,1,36,696
gb-5878550127,20260911,gb,DA,data analyst,1,35,696
gb-5878555381,20260911,gb,BA,business analyst,2,54,1300
gb-5878556787,20260911,gb,BA,business analyst,2,53,1300
gb-5878556806,20260911,gb,BA,business analyst,2,52,1300
gb-5878556806,20260911,gb,DA,data analyst,1,34,696
gb-5878582593,20260911,gb,BA,business analyst,2,51,1300
gb-5878599017,20260911,gb,BA,business analyst,1,50,1300
gb-5878626698,20260911,gb,DA,data analyst,1,33,696
gb-5878627320,20260911,gb,BA,business analyst,1,49,1300
gb-5878629992,20260911,gb,BA,business analyst,1,48,1300
gb-5878630003,20260911,gb,BA,business analyst,1,47,1300
gb-5878632865,20260911,gb,BA,business analyst,1,46,1300
gb-5878635181,20260911,gb,BA,business analyst,1,45,1300
gb-5878639075,20260911,gb,DA,data analyst,1,32,696
gb-5878639341,20260911,gb,BA,business analyst,1,44,1300
gb-5878640871,20260911,gb,DA,data analyst,1,31,696
gb-5878640930,20260911,gb,BA,business analyst,1,43,1300
gb-5878647585,20260911,gb,BA,business analyst,1,42,1300
gb-5878647585,20260911,gb,DA,data analyst,1,30,696
gb-5878654914,20260911,gb,DA,data analyst,1,29,696
gb-5878660877,20260911,gb,DA,data analyst,1,28,696
gb-5878678119,20260911,gb,BA,business analyst,1,41,1300
gb-5878689854,20260911,gb,BA,business analyst,1,40,1300
gb-5878694237,20260911,gb,DA,data analyst,1,27,696
gb-5878694535,20260911,gb,DA,data analyst,1,26,696
gb-5878698938,20260911,gb,DA,data analyst,1,25,696
gb-5878701642,20260911,gb,BA,business analyst,1,39,1300
gb-5878702877,20260911,gb,BA,business analyst,1,38,1300
gb-5878703811,20260911,gb,DA,data analyst,1,24,696
gb-5878705697,20260911,gb,DA,data analyst,1,23,696
gb-5878706919,20260911,gb,DA,data analyst,1,22,696
gb-5878708071,20260911,gb,BA,business analyst,1,37,1300
gb-5878709579,20260911,gb,BA,business analyst,1,36,1300
gb-5878742818,20260911,gb,BA,business analyst,1,35,1300
gb-5878743048,20260911,gb,DA,data analyst,1,21,696
gb-5878744446,20260911,gb,BA,business analyst,1,34,1300
gb-5878744850,20260911,gb,BA,business analyst,1,33,1300
gb-5878745417,20260911,gb,BA,business analyst,1,32,1300
gb-5878745741,20260911,gb,DA,data analyst,1,20,696
gb-5878796641,20260911,gb,DA,data analyst,1,19,696
gb-5878796668,20260911,gb,DA,data analyst,1,18,696
gb-5878796671,20260911,gb,BA,business analyst,1,31,1300
gb-5878796733,20260911,gb,BA,business analyst,1,30,1300
gb-5878796733,20260911,gb,BI,business intelligence analyst,1,2,41
gb-5878802575,20260911,gb,BA,business analyst,1,29,1300
gb-5878802595,20260911,gb,BI,BI analyst,1,3,43
gb-5878820013,20260911,gb,BA,business analyst,1,28,1300
gb-5878820013,20260911,gb,DA,data analyst,1,16,696
gb-5878820014,20260911,gb,DA,data analyst,1,17,696
gb-5878820028,20260911,gb,BA,business analyst,1,27,1300
gb-5878827713,20260911,gb,BA,business analyst,1,26,1300
gb-5878831834,20260911,gb,BA,business analyst,1,25,1300
gb-5878831834,20260911,gb,BI,business intelligence analyst,1,1,41
gb-5878831886,20260911,gb,BI,BI analyst,1,2,43
gb-5878831886,20260911,gb,DA,data analyst,1,15,696
gb-5878831956,20260911,gb,BI,BI analyst,1,1,43
gb-5878832152,20260911,gb,BA,business analyst,1,24,1300
gb-5878833124,20260911,gb,DA,data analyst,1,14,696
gb-5878833166,20260911,gb,DA,data analyst,1,13,696
gb-5878833254,20260911,gb,BA,business analyst,1,23,1300
gb-5878833745,20260911,gb,BA,business analyst,1,22,1300
gb-5878833860,20260911,gb,BA,business analyst,1,21,1300
gb-5878868681,20260911,gb,DA,data analyst,1,12,696
gb-5878869341,20260911,gb,DA,data analyst,1,11,696
gb-5878871185,20260911,gb,DA,data analyst,1,9,696
gb-5878871189,20260911,gb,DA,data analyst,1,10,696
gb-5878872511,20260911,gb,BA,business analyst,1,20,1300
gb-5878873076,20260911,gb,BA,business analyst,1,19,1300
gb-5878873076,20260911,gb,DA,data analyst,1,8,696
gb-5878899633,20260911,gb,DA,data analyst,1,7,696
gb-5879009013,20260911,gb,BA,business analyst,1,18,1300
gb-5879009019,20260911,gb,DA,data analyst,1,6,696
gb-5879115297,20260911,gb,DA,data analyst,1,5,696
gb-5879115304,20260911,gb,BA,business analyst,1,17,1300
gb-5879117363,20260911,gb,DA,data analyst,1,4,696
gb-5879198785,20260911,gb,BA,business analyst,1,16,1300
gb-5879206995,20260911,gb,DA,data analyst,1,3,696
gb-5879261101,20260911,gb,BA,business analyst,1,15,1300
gb-5879261131,20260911,gb,BA,business analyst,1,14,1300
gb-5879267531,20260911,gb,BA,business analyst,1,13,1300
gb-5879305677,20260911,gb,DA,data analyst,1,2,696
gb-5879389517,20260911,gb,BA,business analyst,1,12,1300
gb-5879423002,20260911,gb,BA,business analyst,1,11,1300
gb-5879495947,20260911,gb,BA,business analyst,1,9,1300
gb-5879495950,20260911,gb,BA,business analyst,1,10,1300
gb-5879498264,20260911,gb,BA,business analyst,1,8,1300
gb-5879498302,20260911,gb,BA,business analyst,1,7,1300
gb-5879498344,20260911,gb,BA,business analyst,1,6,1300
gb-5879498345,20260911,gb,BA,business analyst,1,5,1300
gb-5879527920,20260911,gb,BA,business analyst,1,4,1300
gb-5879590488,20260911,gb,DA,data analyst,1,1,696
gb-5879676477,20260911,gb,BA,business analyst,1,3,1300
gb-5879676717,20260911,gb,BA,business analyst,1,2,1300
gb-5879687737,20260911,gb,BA,business analyst,1,1,1300
